{"version":"0.4","title":"parallax dummy data","type":"page","content":[{"id":"6b3c","settings":{"jet_parallax_layout_list":[{"jet_parallax_layout_image":{"id":"","url":""},"jet_parallax_layout_speed":{"unit":"%","size":0},"jet_parallax_layout_type":"scroll","jet_parallax_layout_z_index":0,"jet_parallax_layout_bg_x":50,"jet_parallax_layout_bg_y":0,"jet_parallax_layout_bg_size":"auto","_id":"e211be5","jet_parallax_layout_animation_prop":"transform"}],"background_background":"classic","background_image":{"id":1698,"url":"http:\/\/192.168.9.83\/wordpress-dev\/wp-content\/uploads\/2018\/03\/parallax-1-5.png"},"padding":{"unit":"px","top":"280","right":"0","bottom":"280","left":"0","isLinked":false},"background_position":"center center","background_repeat":"no-repeat","background_size":"cover","padding_tablet":{"unit":"px","top":"200","right":"0","bottom":"200","left":"0","isLinked":false},"jet_parallax_plugin_layout_list":[{"jet_parallax_plugin_layout_image":{"id":1693,"url":"http:\/\/192.168.9.83\/wordpress-dev\/wp-content\/uploads\/2018\/03\/parallax-1-1.png"},"jet_parallax_plugin_layout_speed":{"unit":"%","size":30},"jet_parallax_plugin_layout_type":"mouse","jet_parallax_plugin_layout_z_index":"","jet_parallax_plugin_layout_bg_x":50,"jet_parallax_plugin_layout_bg_y":50,"jet_parallax_plugin_layout_bg_size":"auto","jet_parallax_plugin_layout_animation_prop":"transform","_id":"34312ce"},{"jet_parallax_plugin_layout_image":{"id":1694,"url":"http:\/\/192.168.9.83\/wordpress-dev\/wp-content\/uploads\/2018\/03\/parallax-15.png"},"jet_parallax_plugin_layout_speed":{"unit":"%","size":10},"jet_parallax_plugin_layout_type":"mouse","jet_parallax_plugin_layout_z_index":1,"jet_parallax_plugin_layout_bg_x":3,"jet_parallax_plugin_layout_bg_y":10,"jet_parallax_plugin_layout_bg_size":"auto","jet_parallax_plugin_layout_animation_prop":"transform3d","_id":"f9ba924"},{"jet_parallax_plugin_layout_image":{"id":1695,"url":"http:\/\/192.168.9.83\/wordpress-dev\/wp-content\/uploads\/2018\/03\/parallax-14.png"},"jet_parallax_plugin_layout_speed":{"unit":"%","size":10},"jet_parallax_plugin_layout_type":"mouse","jet_parallax_plugin_layout_z_index":"","jet_parallax_plugin_layout_bg_x":80,"jet_parallax_plugin_layout_bg_y":37,"jet_parallax_plugin_layout_bg_size":"auto","jet_parallax_plugin_layout_animation_prop":"transform","_id":"9a9474a"},{"jet_parallax_plugin_layout_image":{"id":1696,"url":"http:\/\/192.168.9.83\/wordpress-dev\/wp-content\/uploads\/2018\/03\/parallax-1-3.png"},"jet_parallax_plugin_layout_speed":{"unit":"%","size":20},"jet_parallax_plugin_layout_type":"mouse","jet_parallax_plugin_layout_z_index":1,"jet_parallax_plugin_layout_bg_x":50,"jet_parallax_plugin_layout_bg_y":50,"jet_parallax_plugin_layout_bg_size":"auto","jet_parallax_plugin_layout_animation_prop":"transform3d","_id":"bb64f61"},{"jet_parallax_plugin_layout_image":{"id":1697,"url":"http:\/\/192.168.9.83\/wordpress-dev\/wp-content\/uploads\/2018\/03\/parallax-1-4.png"},"jet_parallax_plugin_layout_speed":{"unit":"%","size":50},"jet_parallax_plugin_layout_type":"scroll","jet_parallax_plugin_layout_z_index":"","jet_parallax_plugin_layout_bg_x":50,"jet_parallax_plugin_layout_bg_y":0,"jet_parallax_plugin_layout_bg_size":"auto","jet_parallax_plugin_layout_animation_prop":"transform","_id":"b00ee94"}]},"elements":[{"id":"92f","settings":{"_column_size":100},"elements":[{"id":"7e10","settings":{"title":"The illusion of","align":"center","title_color":"#ffffff","typography_typography":"custom","typography_font_size":{"unit":"px","size":94},"typography_font_family":"Muli","typography_font_weight":"800","typography_text_transform":"none","typography_line_height":{"unit":"em","size":0.7},"typography_font_size_tablet":{"unit":"px","size":60},"typography_font_size_mobile":{"unit":"px","size":40}},"elements":[],"isInner":false,"widgetType":"heading","elType":"widget"},{"id":"3d09","settings":{"title":"space","align":"center","title_color":"#ffffff","typography_typography":"custom","typography_font_size":{"unit":"px","size":230},"typography_text_transform":"lowercase","typography_line_height":{"unit":"em","size":0.4},"typography_font_size_tablet":{"unit":"px","size":150},"typography_font_size_mobile":{"unit":"px","size":101}},"elements":[],"isInner":false,"widgetType":"heading","elType":"widget"},{"id":"6b0e","settings":{"title":"Create the illusion of space otn a two-dimensional surface","align":"right","title_color":"#ffffff","typography_typography":"custom","typography_font_size":{"unit":"px","size":16},"typography_font_family":"Open Sans","typography_font_weight":"400","typography_text_transform":"none","typography_line_height":{"unit":"em","size":5.2},"_padding":{"unit":"%","top":"0","right":"24","bottom":"0","left":"0","isLinked":false},"align_tablet":"center","typography_line_height_tablet":{"unit":"em","size":5.6},"typography_line_height_mobile":{"unit":"em","size":2},"_padding_tablet":{"unit":"px","top":"0","right":"0","bottom":"0","left":"0","isLinked":true},"_padding_mobile":{"unit":"px","top":"20","right":"0","bottom":"0","left":"0","isLinked":false}},"elements":[],"isInner":false,"widgetType":"heading","elType":"widget"}],"isInner":false,"elType":"column"}],"isInner":false,"elType":"section"},{"id":"94b","settings":{"jet_parallax_layout_list":[{"jet_parallax_layout_image":{"id":"","url":""},"jet_parallax_layout_speed":{"unit":"%","size":30},"jet_parallax_layout_type":"scroll","jet_parallax_layout_z_index":"","jet_parallax_layout_bg_x":50,"jet_parallax_layout_bg_y":35,"jet_parallax_layout_bg_size":"auto","_id":"f8a816f","jet_parallax_layout_animation_prop":"transform"}],"background_background":"classic","background_color":"#e8f7e5","padding":{"unit":"px","top":"290","right":"0","bottom":"290","left":"0","isLinked":false},"background_overlay_background":"classic","padding_tablet":{"unit":"px","top":"200","right":"0","bottom":"200","left":"0","isLinked":false},"jet_parallax_plugin_layout_list":[{"jet_parallax_plugin_layout_image":{"id":1699,"url":"http:\/\/192.168.9.83\/wordpress-dev\/wp-content\/uploads\/2018\/03\/parallax-2-2-1.png"},"jet_parallax_plugin_layout_speed":{"unit":"%","size":55},"jet_parallax_plugin_layout_type":"scroll","jet_parallax_plugin_layout_z_index":10,"jet_parallax_plugin_layout_bg_x":50,"jet_parallax_plugin_layout_bg_y":15,"jet_parallax_plugin_layout_bg_size":"auto","jet_parallax_plugin_layout_animation_prop":"transform","_id":"ef56902"},{"jet_parallax_plugin_layout_image":{"id":1700,"url":"http:\/\/192.168.9.83\/wordpress-dev\/wp-content\/uploads\/2018\/03\/parallax-2-1.png"},"jet_parallax_plugin_layout_speed":{"unit":"%","size":30},"jet_parallax_plugin_layout_type":"scroll","jet_parallax_plugin_layout_z_index":0,"jet_parallax_plugin_layout_bg_x":50,"jet_parallax_plugin_layout_bg_y":35,"jet_parallax_plugin_layout_bg_size":"auto","jet_parallax_plugin_layout_animation_prop":"transform","_id":"a735c5c"}]},"elements":[{"id":"2a1a","settings":{"_column_size":100},"elements":[{"id":"20c5","settings":{"title":"vegan","align":"center","title_color":"#ffffff","typography_typography":"custom","typography_font_size":{"unit":"px","size":270},"typography_font_size_tablet":{"unit":"px","size":176},"typography_font_size_mobile":{"unit":"px","size":80},"typography_font_family":"Oswald","typography_letter_spacing":{"unit":"px","size":50},"typography_letter_spacing_tablet":{"unit":"px","size":20},"typography_letter_spacing_mobile":{"unit":"px","size":15},"text_shadow_text_shadow_type":"yes","text_shadow_text_shadow":{"horizontal":10,"vertical":10,"blur":10,"color":"rgba(0,0,0,0.1)"},"typography_text_transform":"uppercase"},"elements":[],"isInner":false,"widgetType":"heading","elType":"widget"}],"isInner":false,"elType":"column"}],"isInner":false,"elType":"section"},{"id":"4de6","settings":{"jet_parallax_layout_list":[{"jet_parallax_layout_image":{"id":"","url":""},"jet_parallax_layout_speed":{"unit":"%","size":100},"jet_parallax_layout_type":"scroll","jet_parallax_layout_z_index":"","jet_parallax_layout_bg_x":50,"jet_parallax_layout_bg_y":50,"jet_parallax_layout_bg_size":"cover","_id":"dc6e54c","jet_parallax_layout_animation_prop":"transform"}],"background_background":"classic","background_image":{"id":1706,"url":"http:\/\/192.168.9.83\/wordpress-dev\/wp-content\/uploads\/2018\/03\/parallax-3-5.png"},"background_position":"center center","background_repeat":"no-repeat","background_size":"cover","padding":{"unit":"px","top":"400","right":"0","bottom":"400","left":"0","isLinked":false},"padding_tablet":{"unit":"px","top":"200","right":"0","bottom":"200","left":"0","isLinked":false},"jet_parallax_plugin_layout_list":[{"jet_parallax_plugin_layout_image":{"id":1701,"url":"http:\/\/192.168.9.83\/wordpress-dev\/wp-content\/uploads\/2018\/03\/parallax-3-3.png"},"jet_parallax_plugin_layout_speed":{"unit":"%","size":50},"jet_parallax_plugin_layout_type":"none","jet_parallax_plugin_layout_z_index":1,"jet_parallax_plugin_layout_bg_x":0,"jet_parallax_plugin_layout_bg_y":100,"jet_parallax_plugin_layout_bg_size":"auto","jet_parallax_plugin_layout_animation_prop":"transform","_id":"64a4e86"},{"jet_parallax_plugin_layout_image":{"id":1702,"url":"http:\/\/192.168.9.83\/wordpress-dev\/wp-content\/uploads\/2018\/03\/parallax-3-8.png"},"jet_parallax_plugin_layout_speed":{"unit":"%","size":20},"jet_parallax_plugin_layout_type":"scroll","jet_parallax_plugin_layout_z_index":"","jet_parallax_plugin_layout_bg_x":50,"jet_parallax_plugin_layout_bg_y":95,"jet_parallax_plugin_layout_bg_size":"contain","jet_parallax_plugin_layout_animation_prop":"transform","_id":"dd54d35"},{"jet_parallax_plugin_layout_image":{"id":1703,"url":"http:\/\/192.168.9.83\/wordpress-dev\/wp-content\/uploads\/2018\/03\/parallax-3-2.png"},"jet_parallax_plugin_layout_speed":{"unit":"%","size":25},"jet_parallax_plugin_layout_type":"mouse","jet_parallax_plugin_layout_z_index":0,"jet_parallax_plugin_layout_bg_x":50,"jet_parallax_plugin_layout_bg_y":50,"jet_parallax_plugin_layout_bg_size":"auto","jet_parallax_plugin_layout_animation_prop":"transform","_id":"a9b32d6"},{"jet_parallax_plugin_layout_image":{"id":1704,"url":"http:\/\/192.168.9.83\/wordpress-dev\/wp-content\/uploads\/2018\/03\/parallax-3-7.png"},"jet_parallax_plugin_layout_speed":{"unit":"%","size":30},"jet_parallax_plugin_layout_type":"scroll","jet_parallax_plugin_layout_z_index":"","jet_parallax_plugin_layout_bg_x":50,"jet_parallax_plugin_layout_bg_y":95,"jet_parallax_plugin_layout_bg_size":"contain","jet_parallax_plugin_layout_animation_prop":"transform","_id":"e187374"},{"jet_parallax_plugin_layout_image":{"id":1705,"url":"http:\/\/192.168.9.83\/wordpress-dev\/wp-content\/uploads\/2018\/03\/parallax-3-10.png"},"jet_parallax_plugin_layout_speed":{"unit":"%","size":100},"jet_parallax_plugin_layout_type":"scroll","jet_parallax_plugin_layout_z_index":"","jet_parallax_plugin_layout_bg_x":50,"jet_parallax_plugin_layout_bg_y":50,"jet_parallax_plugin_layout_bg_size":"cover","jet_parallax_plugin_layout_animation_prop":"transform","_id":"94d0f53"}]},"elements":[{"id":"441","settings":{"_column_size":100},"elements":[{"id":"7f28","settings":{"title":"<span style=\"color:#99d8c6\">D<\/span>r<span style=\"color:#feb0b3\">e<\/span>a<span style=\"color:#fee59a\">m<\/span> W<span style=\"color:#b3fafd\">o<\/span>r<span style=\"color:#a4dca7\">l<\/span>d","header_size":"span","align":"center","title_color":"#ffffff","typography_typography":"custom","typography_font_size":{"unit":"px","size":130},"typography_font_size_tablet":{"unit":"px","size":70},"typography_font_family":"Ranchers","typography_font_weight":"400","typography_text_transform":"none","typography_line_height_mobile":{"unit":"em","size":1}},"elements":[],"isInner":false,"widgetType":"heading","elType":"widget"}],"isInner":false,"elType":"column"}],"isInner":false,"elType":"section"},{"id":"7a79","settings":{"jet_parallax_layout_list":[{"jet_parallax_layout_image":{"id":"","url":""},"jet_parallax_layout_speed":{"unit":"%","size":""},"jet_parallax_layout_type":"scroll","jet_parallax_layout_z_index":"","jet_parallax_layout_bg_x":50,"jet_parallax_layout_bg_y":90,"jet_parallax_layout_bg_size":"auto","_id":"fcb1fea","jet_parallax_layout_animation_prop":"bgposition"}],"padding":{"unit":"px","top":"160","right":"0","bottom":"160","left":"0","isLinked":false},"padding_tablet":{"unit":"px","top":"80","right":"0","bottom":"80","left":"0","isLinked":false},"padding_mobile":{"unit":"px","top":"80","right":"0","bottom":"80","left":"0","isLinked":false},"background_background":"classic","background_color":"#090c0e","jet_parallax_plugin_layout_list":[{"jet_parallax_plugin_layout_image":{"id":1707,"url":"http:\/\/192.168.9.83\/wordpress-dev\/wp-content\/uploads\/2018\/03\/parallax-4-4-1.png"},"jet_parallax_plugin_layout_speed":{"unit":"%","size":40},"jet_parallax_plugin_layout_type":"scroll","jet_parallax_plugin_layout_z_index":"","jet_parallax_plugin_layout_bg_x":50,"jet_parallax_plugin_layout_bg_y":90,"jet_parallax_plugin_layout_bg_size":"auto","jet_parallax_plugin_layout_animation_prop":"bgposition","_id":"dda19eb"}]},"elements":[{"id":"b40","settings":{"_column_size":100,"_inline_size":null,"space_between_widgets":0},"elements":[{"id":"6f27","settings":{"title":"plunge into the world of style","align":"center","title_color":"#ffffff","typography_typography":"custom","typography_font_size":{"unit":"px","size":18},"typography_font_family":"Montserrat","typography_font_weight":"300"},"elements":[],"isInner":false,"widgetType":"heading","elType":"widget"},{"id":"65d4","settings":{"space":{"unit":"px","size":80},"space_mobile":{"unit":"px","size":25}},"elements":[],"isInner":false,"widgetType":"spacer","elType":"widget"},{"id":"237d","settings":{"title":"Modern","align":"center","title_color":"#f20d2a","typography_typography":"custom","typography_font_size":{"unit":"px","size":160},"typography_font_family":"Playfair Display","typography_font_weight":"900","typography_text_transform":"none","typography_line_height":{"unit":"em","size":1},"typography_font_size_mobile":{"unit":"px","size":65}},"elements":[],"isInner":false,"widgetType":"heading","elType":"widget"},{"id":"6272","settings":{"space":{"unit":"px","size":120},"space_mobile":{"unit":"px","size":50}},"elements":[],"isInner":false,"widgetType":"spacer","elType":"widget"},{"id":"56c3","settings":{"text":"Learn More","align":"center","typography_typography":"custom","typography_font_size":{"unit":"px","size":16},"typography_font_family":"Montserrat","typography_font_weight":"800","typography_text_transform":"none","button_text_color":"#ffffff","background_color":"#f20d2a","hover_color":"#f20d2a","button_background_hover_color":"#ffffff","button_hover_border_color":"#ffffff","border_border":"solid","border_color":"#f20d2a","border_radius":{"unit":"px","top":"0","right":"0","bottom":"0","left":"0","isLinked":true},"text_padding":{"unit":"px","top":"15","right":"48","bottom":"15","left":"48","isLinked":false}},"elements":[],"isInner":false,"widgetType":"button","elType":"widget"}],"isInner":false,"elType":"column"}],"isInner":false,"elType":"section"},{"id":"4535","settings":{"jet_parallax_layout_list":[{"jet_parallax_layout_image":{"url":"","id":""},"jet_parallax_layout_speed":{"unit":"%","size":70},"jet_parallax_layout_type":"scroll","jet_parallax_layout_z_index":1,"jet_parallax_layout_bg_x":95,"jet_parallax_layout_bg_y":9,"jet_parallax_layout_bg_size":"auto","jet_parallax_layout_animation_prop":"bgposition","_id":"f1c5b00"}],"background_background":"classic","background_image":{"id":1714,"url":"http:\/\/192.168.9.83\/wordpress-dev\/wp-content\/uploads\/2018\/03\/parallax-6.png"},"padding":{"unit":"px","top":"162","right":"0","bottom":"530","left":"0","isLinked":false},"jet_parallax_plugin_layout_list":[{"jet_parallax_plugin_layout_image":{"id":1708,"url":"http:\/\/192.168.9.83\/wordpress-dev\/wp-content\/uploads\/2018\/03\/parallax-7.png"},"jet_parallax_plugin_layout_speed":{"unit":"%","size":100},"jet_parallax_plugin_layout_type":"scroll","jet_parallax_plugin_layout_z_index":"","jet_parallax_plugin_layout_bg_x":43,"jet_parallax_plugin_layout_bg_y":3,"jet_parallax_plugin_layout_bg_size":"auto","jet_parallax_plugin_layout_animation_prop":"transform","_id":"337fcd0"},{"jet_parallax_plugin_layout_image":{"id":1709,"url":"http:\/\/192.168.9.83\/wordpress-dev\/wp-content\/uploads\/2018\/03\/parallax-8.png"},"jet_parallax_plugin_layout_speed":{"unit":"%","size":70},"jet_parallax_plugin_layout_type":"scroll","jet_parallax_plugin_layout_z_index":"","jet_parallax_plugin_layout_bg_x":10,"jet_parallax_plugin_layout_bg_y":2,"jet_parallax_plugin_layout_bg_size":"auto","jet_parallax_plugin_layout_animation_prop":"transform","_id":"d6383a5"},{"jet_parallax_plugin_layout_image":{"id":1710,"url":"http:\/\/192.168.9.83\/wordpress-dev\/wp-content\/uploads\/2018\/03\/parallax-11.png"},"jet_parallax_plugin_layout_speed":{"unit":"%","size":50},"jet_parallax_plugin_layout_type":"none","jet_parallax_plugin_layout_z_index":1,"jet_parallax_plugin_layout_bg_x":0,"jet_parallax_plugin_layout_bg_y":100,"jet_parallax_plugin_layout_bg_size":"auto","jet_parallax_plugin_layout_animation_prop":"bgposition","_id":"7831542"},{"jet_parallax_plugin_layout_image":{"id":1711,"url":"http:\/\/192.168.9.83\/wordpress-dev\/wp-content\/uploads\/2018\/03\/parallax-10-a.png"},"jet_parallax_plugin_layout_speed":{"unit":"%","size":80},"jet_parallax_plugin_layout_type":"scroll","jet_parallax_plugin_layout_z_index":1,"jet_parallax_plugin_layout_bg_x":0,"jet_parallax_plugin_layout_bg_y":65,"jet_parallax_plugin_layout_bg_size":"auto","jet_parallax_plugin_layout_animation_prop":"transform","_id":"5bd8b2f"},{"jet_parallax_plugin_layout_image":{"id":1712,"url":"http:\/\/192.168.9.83\/wordpress-dev\/wp-content\/uploads\/2018\/03\/parallax-10-b.png"},"jet_parallax_plugin_layout_speed":{"unit":"%","size":25},"jet_parallax_plugin_layout_type":"scroll","jet_parallax_plugin_layout_z_index":1,"jet_parallax_plugin_layout_bg_x":0,"jet_parallax_plugin_layout_bg_y":65,"jet_parallax_plugin_layout_bg_size":"auto","jet_parallax_plugin_layout_animation_prop":"transform","_id":"7646cea"},{"jet_parallax_plugin_layout_image":{"id":1713,"url":"http:\/\/192.168.9.83\/wordpress-dev\/wp-content\/uploads\/2018\/03\/parallax-9.png"},"jet_parallax_plugin_layout_speed":{"unit":"%","size":35},"jet_parallax_plugin_layout_type":"scroll","jet_parallax_plugin_layout_z_index":1,"jet_parallax_plugin_layout_bg_x":50,"jet_parallax_plugin_layout_bg_y":110,"jet_parallax_plugin_layout_bg_size":"auto","jet_parallax_plugin_layout_animation_prop":"transform","_id":"f12a3fa"}],"layout":"full_width","background_position":"center center","background_repeat":"no-repeat","background_size":"cover"},"elements":[{"id":"1b6c","settings":{"_column_size":100,"space_between_widgets":0},"elements":[{"id":"33be","settings":{"title":"Dream Parallax","align":"right","title_color":"#ffffff","typography_typography":"custom","typography_font_family":"Gloss and Bloom","typography_font_size":{"unit":"px","size":90},"typography_font_size_tablet":{"unit":"px","size":70},"typography_font_weight":"400","typography_line_height":{"unit":"em","size":1},"typography_letter_spacing":{"unit":"px","size":5},"_padding":{"unit":"px","top":"0","right":"70","bottom":"0","left":"0","isLinked":false},"_padding_tablet":{"unit":"px","top":"0","right":"0","bottom":"0","left":"0","isLinked":true}},"elements":[],"isInner":false,"widgetType":"heading","elType":"widget"},{"id":"1c1f","settings":{"title":"Get JetParallax Plugin and Start Creating Parallax Backgrounds!","align":"right","title_color":"#ffffff","typography_typography":"custom","typography_font_family":"Montserrat","typography_font_size":{"unit":"px","size":20},"typography_font_weight":"300","typography_letter_spacing":{"unit":"px","size":0.8},"_padding":{"unit":"px","top":"5","right":"120","bottom":"0","left":"0","isLinked":false},"_padding_tablet":{"unit":"px","top":"0","right":"0","bottom":"0","left":"0","isLinked":true}},"elements":[],"isInner":false,"widgetType":"heading","elType":"widget"}],"isInner":false,"elType":"column"}],"isInner":false,"elType":"section"},{"id":"5b3b","settings":{"gap":"no","jet_parallax_layout_list":[{"jet_parallax_layout_image":{"url":"","id":""},"jet_parallax_layout_speed":{"unit":"%","size":15},"jet_parallax_layout_type":"scroll","jet_parallax_layout_z_index":2,"jet_parallax_layout_bg_x":90.5,"jet_parallax_layout_bg_y":45.5,"jet_parallax_layout_bg_size":"auto","jet_parallax_layout_animation_prop":"bgposition","_id":"c6ca9c9"}],"background_background":"video","background_video_link":"https:\/\/www.youtube.com\/watch?v=94LhIBBtEsA&feature=youtu.be","background_overlay_background":"classic","background_overlay_color":"#000000","background_overlay_opacity":{"unit":"px","size":0.9},"padding":{"unit":"px","top":"0","right":"0","bottom":"830","left":"0","isLinked":false},"background_video_fallback":{"id":1726,"url":"http:\/\/192.168.9.83\/wordpress-dev\/wp-content\/uploads\/2018\/03\/parallax-12.png"},"background_hover_transition":{"unit":"px","size":0},"jet_parallax_plugin_layout_list":[{"jet_parallax_plugin_layout_image":{"id":1715,"url":"http:\/\/192.168.9.83\/wordpress-dev\/wp-content\/uploads\/2018\/03\/s.png"},"jet_parallax_plugin_layout_speed":{"unit":"%","size":35},"jet_parallax_plugin_layout_type":"mouse","jet_parallax_plugin_layout_z_index":8,"jet_parallax_plugin_layout_bg_x":23,"jet_parallax_plugin_layout_bg_y":29,"jet_parallax_plugin_layout_bg_size":"auto","jet_parallax_plugin_layout_animation_prop":"transform3d","_id":"f5b7267"},{"jet_parallax_plugin_layout_image":{"id":1716,"url":"http:\/\/192.168.9.83\/wordpress-dev\/wp-content\/uploads\/2018\/03\/p.png"},"jet_parallax_plugin_layout_speed":{"unit":"%","size":45},"jet_parallax_plugin_layout_type":"mouse","jet_parallax_plugin_layout_z_index":10,"jet_parallax_plugin_layout_bg_x":30,"jet_parallax_plugin_layout_bg_y":56,"jet_parallax_plugin_layout_bg_size":"auto","jet_parallax_plugin_layout_animation_prop":"transform3d","_id":"5469b9a"},{"jet_parallax_plugin_layout_image":{"id":1717,"url":"http:\/\/192.168.9.83\/wordpress-dev\/wp-content\/uploads\/2018\/03\/a.png"},"jet_parallax_plugin_layout_speed":{"unit":"%","size":35},"jet_parallax_plugin_layout_type":"mouse","jet_parallax_plugin_layout_z_index":10,"jet_parallax_plugin_layout_bg_x":38,"jet_parallax_plugin_layout_bg_y":39,"jet_parallax_plugin_layout_bg_size":"auto","jet_parallax_plugin_layout_animation_prop":"transform3d","_id":"c0621f6"},{"jet_parallax_plugin_layout_image":{"id":1718,"url":"http:\/\/192.168.9.83\/wordpress-dev\/wp-content\/uploads\/2018\/03\/c.png"},"jet_parallax_plugin_layout_speed":{"unit":"%","size":35},"jet_parallax_plugin_layout_type":"mouse","jet_parallax_plugin_layout_z_index":6,"jet_parallax_plugin_layout_bg_x":48,"jet_parallax_plugin_layout_bg_y":23,"jet_parallax_plugin_layout_bg_size":"auto","jet_parallax_plugin_layout_animation_prop":"transform3d","_id":"b289b3c"},{"jet_parallax_plugin_layout_image":{"id":1719,"url":"http:\/\/192.168.9.83\/wordpress-dev\/wp-content\/uploads\/2018\/03\/e.png"},"jet_parallax_plugin_layout_speed":{"unit":"%","size":50},"jet_parallax_plugin_layout_type":"mouse","jet_parallax_plugin_layout_z_index":7,"jet_parallax_plugin_layout_bg_x":56,"jet_parallax_plugin_layout_bg_y":44,"jet_parallax_plugin_layout_bg_size":"auto","jet_parallax_plugin_layout_animation_prop":"transform3d","_id":"9ae882c"},{"jet_parallax_plugin_layout_image":{"id":1720,"url":"http:\/\/192.168.9.83\/wordpress-dev\/wp-content\/uploads\/2018\/03\/m.png"},"jet_parallax_plugin_layout_speed":{"unit":"%","size":35},"jet_parallax_plugin_layout_type":"mouse","jet_parallax_plugin_layout_z_index":12,"jet_parallax_plugin_layout_bg_x":45,"jet_parallax_plugin_layout_bg_y":63,"jet_parallax_plugin_layout_bg_size":"auto","jet_parallax_plugin_layout_animation_prop":"transform3d","_id":"ecf9294"},{"jet_parallax_plugin_layout_image":{"id":1721,"url":"http:\/\/192.168.9.83\/wordpress-dev\/wp-content\/uploads\/2018\/03\/o.png"},"jet_parallax_plugin_layout_speed":{"unit":"%","size":23},"jet_parallax_plugin_layout_type":"mouse","jet_parallax_plugin_layout_z_index":7,"jet_parallax_plugin_layout_bg_x":52,"jet_parallax_plugin_layout_bg_y":82,"jet_parallax_plugin_layout_bg_size":"auto","jet_parallax_plugin_layout_animation_prop":"transform3d","_id":"70a4a90"},{"jet_parallax_plugin_layout_image":{"id":1722,"url":"http:\/\/192.168.9.83\/wordpress-dev\/wp-content\/uploads\/2018\/03\/t.png"},"jet_parallax_plugin_layout_speed":{"unit":"%","size":35},"jet_parallax_plugin_layout_type":"mouse","jet_parallax_plugin_layout_z_index":6,"jet_parallax_plugin_layout_bg_x":60,"jet_parallax_plugin_layout_bg_y":66,"jet_parallax_plugin_layout_bg_size":"auto","jet_parallax_plugin_layout_animation_prop":"transform3d","_id":"a38df5e"},{"jet_parallax_plugin_layout_image":{"id":1723,"url":"http:\/\/192.168.9.83\/wordpress-dev\/wp-content\/uploads\/2018\/03\/i.png"},"jet_parallax_plugin_layout_speed":{"unit":"%","size":45},"jet_parallax_plugin_layout_type":"mouse","jet_parallax_plugin_layout_z_index":2,"jet_parallax_plugin_layout_bg_x":71,"jet_parallax_plugin_layout_bg_y":56,"jet_parallax_plugin_layout_bg_size":"auto","jet_parallax_plugin_layout_animation_prop":"transform3d","_id":"7d7de44"},{"jet_parallax_plugin_layout_image":{"id":1724,"url":"http:\/\/192.168.9.83\/wordpress-dev\/wp-content\/uploads\/2018\/03\/o-2.png"},"jet_parallax_plugin_layout_speed":{"unit":"%","size":45},"jet_parallax_plugin_layout_type":"mouse","jet_parallax_plugin_layout_z_index":2,"jet_parallax_plugin_layout_bg_x":76,"jet_parallax_plugin_layout_bg_y":75,"jet_parallax_plugin_layout_bg_size":"auto","jet_parallax_plugin_layout_animation_prop":"transform3d","_id":"bf8447f"},{"jet_parallax_plugin_layout_image":{"id":1725,"url":"http:\/\/192.168.9.83\/wordpress-dev\/wp-content\/uploads\/2018\/03\/n.png"},"jet_parallax_plugin_layout_speed":{"unit":"%","size":30},"jet_parallax_plugin_layout_type":"mouse","jet_parallax_plugin_layout_z_index":5,"jet_parallax_plugin_layout_bg_x":82,"jet_parallax_plugin_layout_bg_y":49,"jet_parallax_plugin_layout_bg_size":"auto","jet_parallax_plugin_layout_animation_prop":"transform3d","_id":"6843f54"}]},"elements":[{"id":"4dca","settings":{"_column_size":100},"elements":[],"isInner":false,"elType":"column"}],"isInner":false,"elType":"section"}]}