{
  "preset-1": {"countdown_style": "circle", "countdown_separator": "", "distance_betn_countdown_items": {"unit": "px", "size": "", "sizes": []}, "distance_betn_items_and_labels": {"unit": "px", "size": 5, "sizes": []}, "size": {"unit": "px", "size": "90", "sizes": []}, "items_background_color": "#f5f5f5", "items_border_color": "#eaeaea", "display_seconds": "yes", "items_color": "#050054", "labels_color": "#3d424d", "items_border_size": {"unit": "px", "top": "1", "right": "1", "bottom": "1", "left": "1", "isLinked": true}, "box_padding": {"unit": "", "top": "", "right": "", "bottom": "", "left": "", "isLinked": true}, "countdown_label_pos": "block"},

  "preset-2": {"countdown_style": "rounded", "countdown_separator": "", "distance_betn_countdown_items": {"unit": "px", "size": "", "sizes": []}, "distance_betn_items_and_labels": {"unit": "px", "size": 5, "sizes": []}, "size": {"unit": "px", "size": "90", "sizes": []}, "items_background_color": "#f5f5f5", "items_border_color": "#eaeaea", "display_seconds": "yes", "items_color": "#050054", "labels_color": "#3d424d", "items_border_size": {"unit": "px", "top": "1", "right": "1", "bottom": "1", "left": "1", "isLinked": true}, "box_padding": {"unit": "", "top": "", "right": "", "bottom": "", "left": "", "isLinked": true}, "countdown_label_pos": "block"},

  "preset-3": {"countdown_style": "square", "distance_betn_countdown_items": {"unit": "px", "size": 0, "sizes": []}, "distance_betn_items_and_labels": {"unit": "px", "size": 0, "sizes": []}, "countdown_separator": "", "size": {"unit": "px", "size": 80, "sizes": []}, "items_background_color": "#f5f5f500", "items_border_color": "#eaeaea00", "display_seconds": "yes", "items_color": "#050054", "labels_color": "#3d424d", "items_border_size": {"unit": "px", "top": "1", "right": "1", "bottom": "1", "left": "1", "isLinked": true}, "box_padding": {"unit": "", "top": "", "right": "", "bottom": "", "left": "", "isLinked": true}, "countdown_label_pos": "inline"},

  "preset-4": {"countdown_style": "square", "distance_betn_countdown_items": {"unit": "px", "size": "", "sizes": []}, "distance_betn_items_and_labels": {"unit": "px", "size": 5, "sizes": []}, "size": {"unit": "px", "size": "90", "sizes": []}, "countdown_separator": "", "items_background_color": "#F5F5F500", "items_border_color": "#2E3243", "display_seconds": "yes", "items_color": "#050054", "labels_color": "#3d424d", "items_border_size": {"unit": "px", "top": "2", "right": "2", "bottom": "2", "left": "2", "isLinked": true}, "box_padding": {"unit": "px", "top": "15", "right": "15", "bottom": "15", "left": "15", "isLinked": true}, "countdown_label_pos": "block"},

  "preset-5": {"countdown_style": "rounded", "distance_betn_countdown_items": {"unit": "px", "size": "", "sizes": []}, "distance_betn_items_and_labels": {"unit": "px", "size": 5, "sizes": []}, "size": {"unit": "px", "size": "90", "sizes": []}, "countdown_separator": "", "items_background_color": "#2E3243", "items_border_color": "#2E3243", "display_seconds": "yes", "items_color": "#FFFFFF", "labels_color": "#B0B4C5", "items_border_size": {"unit": "px", "top": "1", "right": "1", "bottom": "1", "left": "1", "isLinked": true}, "box_padding": {"unit": "", "top": "", "right": "", "bottom": "", "left": "", "isLinked": true}, "countdown_label_pos": "block"},

  "preset-6": {"countdown_style": "square", "countdown_separator": "yes", "distance_betn_countdown_items": {"unit": "px", "size": "", "sizes": []}, "distance_betn_items_and_labels": {"unit": "px", "size": 5, "sizes": []}, "size": {"unit": "px", "size": "90", "sizes": []}, "items_background_color": "#f5f5f500", "items_border_color": "#eaeaea00", "display_seconds": "", "items_color": "#050054", "labels_color": "#3d424d", "items_border_size": {"unit": "px", "top": "1", "right": "1", "bottom": "1", "left": "1", "isLinked": true}, "box_padding": {"unit": "", "top": "", "right": "", "bottom": "", "left": "", "isLinked": true}, "countdown_label_pos": "block"}
}
