{"id":38429,"date":"2020-01-15T12:18:57","date_gmt":"2020-01-15T06:48:57","guid":{"rendered":"https:\/\/websitedemos.net\/?post_type=astra-sites&#038;p=38429"},"modified":"2020-01-20T17:10:26","modified_gmt":"2020-01-20T11:40:26","slug":"massage-therapist-2","status":"publish","type":"astra-sites","link":"https:\/\/websitedemos.net\/astra-site\/massage-therapist-2\/","title":{"rendered":"Massage Therapist"},"content":{"rendered":"","protected":false},"author":0,"featured_media":34356,"template":"","astra-site-category":[27],"astra-sites-type":[40],"astra-site-page-builder":[34],"astra-sites-tag":[532,528,527,622,531,533,530],"astra-site-type":"premium","astra-site-thumbnail":"https:\/\/websitedemos.net\/wp-content\/uploads\/2019\/07\/massage-therapist-04-home-400x1555.jpg","required-plugins":[{"slug":"astra-addon","init":"astra-addon\/astra-addon.php","name":"Astra Pro"},{"slug":"beaver-builder-lite-version","init":"beaver-builder-lite-version\/fl-builder.php","name":"Beaver Builder Plugin (Lite Version)"},{"slug":"bb-ultimate-addon","init":"bb-ultimate-addon\/bb-ultimate-addon.php","name":"Ultimate Addons for Beaver Builder"},{"slug":"wpforms-lite","init":"wpforms-lite\/wpforms.php","name":"WPForms Lite"}],"astra-site-url":"\/\/websitedemos.net\/massage-therapist-03","astra-site-open-in-new-tab":"0","astra-site-widgets-data":"{\"sidebar-1\":{\"search-2\":{\"title\":\"\"},\"recent-posts-2\":{\"title\":\"\",\"number\":5},\"recent-comments-2\":{\"title\":\"\",\"number\":5},\"archives-2\":{\"title\":\"\",\"count\":0,\"dropdown\":0},\"categories-2\":{\"title\":\"\",\"count\":0,\"hierarchical\":0,\"dropdown\":0},\"meta-2\":{\"title\":\"\"}}}","astra-site-customizer-data":{"astra-settings":{"astra-addon-auto-version":"2.2.4","theme-auto-version":"2.2.1","button-color":"#ffffff","button-h-color":"#ffffff","button-bg-color":"#9d467e","button-bg-h-color":"#c157a3","button-radius":30,"button-v-padding":8,"button-h-padding":50,"header-main-rt-section-button-text-color":"","header-main-rt-section-button-text-h-color":"","header-main-rt-section-button-back-color":"","header-main-rt-section-button-back-h-color":"","header-main-rt-section-button-padding":{"desktop":{"top":"","right":"","bottom":"","left":""},"tablet":{"top":"","right":"","bottom":"","left":""},"mobile":{"top":"","right":"","bottom":"","left":""}},"header-main-rt-section-button-border-size":{"top":"","right":"","bottom":"","left":""},"header-main-rt-section-button-border-color":"","header-main-rt-section-button-border-h-color":"","header-main-rt-section-button-border-radius":"","header-main-rt-trans-section-button-text-color":"","header-main-rt-trans-section-button-text-h-color":"","header-main-rt-trans-section-button-back-color":"","header-main-rt-trans-section-button-back-h-color":"","header-main-rt-trans-section-button-padding":"","header-main-rt-trans-section-button-border-size":"","header-main-rt-trans-section-button-border-color":"","header-main-rt-trans-section-button-border-h-color":"","header-main-rt-trans-section-button-border-radius":"","site-content-width":1200,"header-layouts":"header-main-layout-1","disable-primary-nav":false,"header-main-rt-section":"button","header-main-rt-section-button-text":"BOOK NOW","header-main-rt-section-button-link":"#","header-main-rt-section-button-style":"theme-button","header-button-style-link":"","header-main-rt-section-html":"<button>BOOK NOW<\/button>","header-main-sep":0,"header-main-sep-color":"","header-main-layout-width":"content","primary-submenu-border-divider":"","primary-submenu-border":{"top":"1","bottom":"1","left":"1","right":"1"},"primary-submenu-b-color":"#eaeaea","primary-submenu-item-border":1,"primary-submenu-item-b-color":"#eaeaea","header-main-submenu-container-animation":"","header-main-menu-label-divider":"","mobile-header-breakpoint":"","mobile-header-toggle-target":"icon","header-main-menu-label":"","hide-custom-menu-mobile":false,"header-display-outside-menu":false,"header-main-menu-align":"inline","mobile-header-toggle-btn-style":"fill","mobile-header-toggle-btn-style-color":"","mobile-header-toggle-btn-border-radius":8,"different-retina-logo":true,"ast-header-retina-logo":"https:\/\/websitedemos.net\/massage-therapist-03\/wp-content\/uploads\/sites\/450\/2019\/04\/massage-black-logo-free.svg","different-mobile-logo":false,"mobile-header-logo":"","ast-header-responsive-logo-width":{"desktop":"150","tablet":"120","mobile":""},"ast-site-logo-divider":"","display-site-title":false,"display-site-tagline":false,"logo-title-inline":true,"ast-site-icon-divider":"","blog-post-content":"excerpt","blog-post-structure":["image","title-meta"],"blog-meta":["comments","category","author"],"ast-styling-section-blog-width":"","blog-width":"default","blog-max-width":1200,"blog-single-post-structure":["single-image","single-title-meta"],"blog-single-meta":["comments","category","author"],"ast-styling-section-single-blog-layouts":"","blog-single-width":"default","blog-single-max-width":1200,"site-sidebar-layout":"right-sidebar","single-page-sidebar-layout-divider":"","single-page-sidebar-layout":"no-sidebar","single-post-sidebar-layout":"default","archive-post-sidebar-layout":"default","divider-section-sidebar-width":"","site-sidebar-width":30,"site-sidebar-width-description":"","site-content-layout-divider":"","site-content-layout":"boxed-container","single-page-content-layout":"default","single-post-content-layout":"default","archive-post-content-layout":"default","site-layout-outside-bg-obj":{"background-color":"","background-image":"","background-repeat":"repeat","background-position":"center center","background-size":"auto","background-attachment":"scroll"},"footer-sml-layout":"footer-sml-layout-2","section-ast-small-footer-layout-info":"","footer-sml-section-1":"custom","footer-sml-section-1-credit":"Copyright \u00a9 [current_year] [site_title] | <a href=\"#\">Credits<\/a>","footer-sml-section-2":"custom","footer-sml-section-2-credit":"Powered by [site_title]","section-ast-small-footer-typography":"","footer-sml-divider":0,"footer-sml-divider-color":"#f5ecf2","footer-layout-width":"content","footer-adv":"disabled","footer-adv-border-style":"","footer-adv-border-width":"","footer-adv-border-color":"#7a7a7a","theme-color":"#9d467e","link-color":"#9d467e","text-color":"#000000","link-h-color":"#000000","divider-outside-bg-color":"","footer-color":"#0a0a0a","footer-link-color":"#6d6d6d","footer-link-h-color":"#9d467e","divider-footer-image":"","footer-bg-obj":{"background-color":"#ffffff","background-image":"","background-repeat":"repeat","background-position":"center center","background-size":"auto","background-attachment":"scroll"},"footer-adv-wgt-title-color":"","footer-adv-text-color":"","footer-adv-link-color":"","footer-adv-link-h-color":"","footer-adv-background-divider":"","footer-adv-bg-obj":{"background-color":"","background-image":"","background-repeat":"repeat","background-position":"center center","background-size":"auto","background-attachment":"scroll"},"divider-section-archive-typo-archive-title":"","font-size-page-title":{"desktop":"30","tablet":"","mobile":"","desktop-unit":"px","tablet-unit":"px","mobile-unit":"px"},"divider-section-archive-summary-box-typo":"","font-size-archive-summary-title":{"desktop":40,"tablet":"","mobile":"","desktop-unit":"px","tablet-unit":"px","mobile-unit":"px"},"divider-base-typo":"","body-font-family":"'Work Sans', sans-serif","body-font-variant":"","body-font-weight":"400","body-text-transform":"","font-size-body":{"desktop":"16","tablet":"","mobile":"","desktop-unit":"px","tablet-unit":"px","mobile-unit":"px"},"body-line-height":"1.7","para-margin-bottom":"","divider-headings-typo":"","headings-font-family":"'Playfair Display', serif","headings-font-variant":"","headings-font-weight":"700","headings-text-transform":"","divider-section-h1":"","font-size-h1":{"desktop":"90","tablet":"70","mobile":"40","desktop-unit":"px","tablet-unit":"px","mobile-unit":"px"},"divider-section-h2":"","font-size-h2":{"desktop":"40","tablet":"35","mobile":"25","desktop-unit":"px","tablet-unit":"px","mobile-unit":"px"},"divider-section-h3":"","font-size-h3":{"desktop":"35","tablet":"30","mobile":"24","desktop-unit":"px","tablet-unit":"px","mobile-unit":"px"},"divider-section-h4":"","font-size-h4":{"desktop":"25","tablet":"25","mobile":"23","desktop-unit":"px","tablet-unit":"px","mobile-unit":"px"},"divider-section-h5":"","font-size-h5":{"desktop":"20","tablet":"20","mobile":"16","desktop-unit":"px","tablet-unit":"px","mobile-unit":"px"},"divider-section-h6":"","font-size-h6":{"desktop":"17","tablet":"17","mobile":"15","desktop-unit":"px","tablet-unit":"px","mobile-unit":"px"},"divider-section-header-typo-title":"","font-size-site-title":{"desktop":"25","tablet":"","mobile":"","desktop-unit":"px","tablet-unit":"px","mobile-unit":"px"},"divider-section-header-typo-tagline":"","font-size-site-tagline":{"desktop":"15","tablet":"","mobile":"","desktop-unit":"px","tablet-unit":"px","mobile-unit":"px"},"divider-section-header-single-title":"","font-size-entry-title":{"desktop":30,"tablet":"","mobile":"","desktop-unit":"px","tablet-unit":"px","mobile-unit":"px"},"transparent-header-bg-color-responsive":{"desktop":"","tablet":"","mobile":""},"transparent-header-color-site-title-responsive":{"desktop":"","tablet":"","mobile":""},"transparent-header-color-h-site-title-responsive":{"desktop":"","tablet":"","mobile":""},"divider-transparent-menu-responsive":"","transparent-menu-bg-color-responsive":{"desktop":"","tablet":"#ffffff","mobile":""},"transparent-menu-color-responsive":{"desktop":"#d1d1d1","tablet":"#000000","mobile":""},"transparent-menu-h-color-responsive":{"desktop":"#ffffff","tablet":"#9d467e","mobile":""},"divider-transparent-sub-menu-responsive":"","transparent-submenu-bg-color-responsive":{"desktop":"","tablet":"","mobile":""},"transparent-submenu-color-responsive":{"desktop":"","tablet":"","mobile":""},"transparent-submenu-h-color-responsive":{"desktop":"","tablet":"","mobile":""},"divider-transparent-content-section":"","transparent-content-section-text-color-responsive":{"desktop":"","tablet":"","mobile":""},"transparent-content-section-link-color-responsive":{"desktop":"","tablet":"","mobile":""},"transparent-content-section-link-h-color-responsive":{"desktop":"","tablet":"","mobile":""},"transparent-header-enable":false,"transparent-header-disable-archive":1,"transparent-header-disable-index":"","transparent-header-disable-latest-posts-index":1,"transparent-header-disable-page":"","transparent-header-disable-posts":"","divider-section-transparent-display":"","transparent-header-on-devices":"both","divider-section-transparent-styling":"","different-transparent-logo":true,"transparent-header-logo":"https:\/\/websitedemos.net\/massage-therapist-03\/wp-content\/uploads\/sites\/450\/2019\/05\/massage-logo-free.svg","different-transparent-retina-logo":true,"transparent-header-retina-logo":"https:\/\/websitedemos.net\/massage-therapist-03\/wp-content\/uploads\/sites\/450\/2019\/05\/massage-logo-free.svg","transparent-header-logo-width":{"desktop":"150","tablet":"","mobile":""},"transparent-header-main-sep":0,"transparent-header-main-sep-color":"","breadcrumb-position":"none","select-breadcrumb-source":"default","breadcrumb-separator":"\u00bb","breadcrumb-disable-home-page":"","breadcrumb-disable-blog-posts-page":"","breadcrumb-disable-search":"","breadcrumb-disable-archive":"","breadcrumb-disable-single-page":"","breadcrumb-disable-single-post":"","breadcrumb-disable-singular":"","breadcrumb-disable-404-page":"","breadcrumb-alignment":"left","breadcrumb-spacing":{"desktop":{"top":"","right":"","bottom":"","left":""},"tablet":{"top":"","right":"","bottom":"","left":""},"mobile":{"top":"","right":"","bottom":"","left":""},"desktop-unit":"px","tablet-unit":"px","mobile-unit":"px"},"breadcrumb-active-color-responsive":{"desktop":"","tablet":"","mobile":""},"breadcrumb-text-color-responsive":{"desktop":"","tablet":"","mobile":""},"breadcrumb-hover-color-responsive":{"desktop":"","tablet":"","mobile":""},"breadcrumb-separator-color":{"desktop":"","tablet":"","mobile":""},"breadcrumb-bg-color":{"desktop":"","tablet":"","mobile":""},"breadcrumb-font-family":"","breadcrumb-font-weight":"","breadcrumb-text-transform":"","breadcrumb-font-size":"","breadcrumb-line-height":"","archive-summary-box-lable":"","archive-summary-box-bg-color":"","archive-summary-box-title-color":"","archive-summary-box-text-color":"","archive-summary-box-divider":"","page-title-color":"","post-meta-color":"","post-meta-link-color":"","post-meta-link-h-color":"","content-bg-obj":{"background-color":"#ffffff","background-image":"","background-repeat":"repeat","background-position":"center center","background-size":"auto","background-attachment":"scroll"},"divider-bg-color":"","h1-color":"","h2-color":"","h3-color":"","h4-color":"","h5-color":"","h6-color":"","header-color-site-title":"","header-color-h-site-title":"","header-color-site-tagline":"","header-bg-obj-responsive":{"desktop":{"background-color":"","background-image":"","background-repeat":"no-repeat","background-position":"center center","background-size":"cover","background-attachment":"scroll"},"tablet":{"background-color":"","background-image":"","background-repeat":"no-repeat","background-position":"center center","background-size":"cover","background-attachment":"scroll"},"mobile":{"background-color":"","background-image":"","background-repeat":"no-repeat","background-position":"center center","background-size":"cover","background-attachment":"scroll"}},"divider-primary-menu":"","primary-menu-bg-obj-responsive":{"desktop":{"background-color":"","background-image":"","background-repeat":"no-repeat","background-position":"center center","background-size":"cover","background-attachment":"scroll"},"tablet":{"background-color":"","background-image":"","background-repeat":"no-repeat","background-position":"center center","background-size":"cover","background-attachment":"scroll"},"mobile":{"background-color":"","background-image":"","background-repeat":"no-repeat","background-position":"center center","background-size":"cover","background-attachment":"scroll"}},"primary-menu-color-responsive":{"desktop":"","tablet":"","mobile":"#000000"},"primary-menu-h-color-responsive":{"desktop":"","tablet":"","mobile":"#9d467e"},"primary-menu-h-bg-color-responsive":{"desktop":"","tablet":"","mobile":""},"primary-menu-a-color-responsive":{"desktop":"","tablet":"","mobile":"#9d467e"},"primary-menu-a-bg-color-responsive":{"desktop":"","tablet":"","mobile":""},"divider-primary-sub-menu":"","primary-submenu-bg-color-responsive":{"desktop":"","tablet":"","mobile":""},"primary-submenu-color-responsive":{"desktop":"","tablet":"","mobile":""},"primary-submenu-h-color-responsive":{"desktop":"","tablet":"","mobile":""},"primary-submenu-h-bg-color-responsive":{"desktop":"","tablet":"","mobile":""},"primary-submenu-a-color-responsive":{"desktop":"","tablet":"","mobile":""},"primary-submenu-a-bg-color-responsive":{"desktop":"","tablet":"","mobile":""},"sidebar-bg-obj":{"background-color":"","background-image":"","background-repeat":"repeat","background-position":"center center","background-size":"auto","background-attachment":"scroll"},"sidebar-widget-title-color":"","sidebar-text-color":"","sidebar-link-color":"","sidebar-link-h-color":"","entry-title-color":"","header-main-stick":true,"different-sticky-logo":true,"sticky-header-logo":"https:\/\/websitedemos.net\/massage-therapist-03\/wp-content\/uploads\/sites\/450\/2019\/04\/massage-black-logo-free.svg","different-sticky-retina-logo":true,"sticky-header-retina-logo":"https:\/\/websitedemos.net\/massage-therapist-03\/wp-content\/uploads\/sites\/450\/2019\/04\/massage-black-logo-free.svg","sticky-header-logo-width":{"desktop":"120","tablet":"","mobile":""},"header-main-shrink":1,"sticky-header-style":"fade","sticky-hide-on-scroll":0,"sticky-header-on-devices":"desktop","header-main-rt-sticky-section-button-text-color":"","header-main-rt-sticky-section-button-text-h-color":"","header-main-rt-sticky-section-button-back-color":"","header-main-rt-sticky-section-button-back-h-color":"","header-main-rt-sticky-section-button-padding":"","header-main-rt-sticky-section-button-border-size":"","header-main-rt-sticky-section-button-border-color":"","header-main-rt-sticky-section-button-border-h-color":"","header-main-rt-sticky-section-button-border-radius":"","sticky-header-color-divider":"","sticky-header-bg-color-responsive":{"desktop":"rgba(255,255,255,1)","tablet":"","mobile":""},"sticky-header-color-site-title-responsive":{"desktop":"","tablet":"","mobile":""},"sticky-header-color-h-site-title-responsive":{"desktop":"","tablet":"","mobile":""},"sticky-header-color-site-tagline-responsive":{"desktop":"","tablet":"","mobile":""},"sticky-header-menu-color-divider":"","sticky-header-menu-bg-color-responsive":{"desktop":"","tablet":"","mobile":""},"sticky-header-menu-color-responsive":{"desktop":"","tablet":"","mobile":""},"sticky-header-menu-h-color-responsive":{"desktop":"","tablet":"","mobile":""},"sticky-header-menu-h-a-bg-color-responsive":{"desktop":"","tablet":"","mobile":""},"sticky-header-submenu-color-divider":"","sticky-header-submenu-bg-color-responsive":{"desktop":"","tablet":"","mobile":""},"sticky-header-submenu-color-responsive":{"desktop":"","tablet":"","mobile":""},"sticky-header-submenu-h-color-responsive":{"desktop":"","tablet":"","mobile":""},"sticky-header-submenu-h-a-bg-color-responsive":{"desktop":"","tablet":"","mobile":""},"divider-sticky-header-content-section":"","sticky-header-content-section-text-color-responsive":{"desktop":"","tablet":"","mobile":""},"sticky-header-content-section-link-color-responsive":{"desktop":"","tablet":"","mobile":""},"sticky-header-content-section-link-h-color-responsive":{"desktop":"","tablet":"","mobile":""},"header-above-stick":0,"header-below-stick":0,"scroll-to-top-on-devices":"both","scroll-to-top-icon-position":"right","scroll-to-top-icon-size":"15","scroll-to-top-icon-radius":"","scroll-to-top-icon-color":"","scroll-to-top-icon-bg-color":"","scroll-to-top-icon-h-color":"","scroll-to-top-icon-h-bg-color":"","font-family-archive-summary-title":"inherit","font-weight-archive-summary-title":"inherit","text-transform-archive-summary-title":"","line-height-archive-summary-title":"","font-family-page-title":"inherit","font-weight-page-title":"inherit","text-transform-page-title":"","line-height-page-title":"","divider-section-archive-typo-post-meta":"","font-family-post-meta":"inherit","font-weight-post-meta":"inherit","text-transform-post-meta":"","font-size-post-meta":{"desktop":"","tablet":"","mobile":"","desktop-unit":"px","tablet-unit":"px","mobile-unit":"px"},"line-height-post-meta":"","divider-section-archive-typo-pagination":"","text-transform-post-pagination":"","font-size-post-pagination":{"desktop":"","tablet":"","mobile":"","desktop-unit":"px","tablet-unit":"px","mobile-unit":"px"},"font-family-button":"inherit","font-weight-button":"inherit","text-transform-button":"uppercase","font-size-button":{"desktop":"15","tablet":"","mobile":"","desktop-unit":"px","tablet-unit":"px","mobile-unit":"px"},"font-family-h1":"inherit","font-weight-h1":"inherit","text-transform-h1":"","line-height-h1":"","font-family-h2":"inherit","font-weight-h2":"inherit","text-transform-h2":"","line-height-h2":"","font-family-h3":"inherit","font-weight-h3":"inherit","text-transform-h3":"","line-height-h3":"","font-family-h4":"inherit","font-weight-h4":"inherit","text-transform-h4":"","line-height-h4":"","font-family-h5":"inherit","font-weight-h5":"inherit","text-transform-h5":"","line-height-h5":"","font-family-h6":"inherit","font-weight-h6":"inherit","text-transform-h6":"","line-height-h6":"","font-family-footer-content":"inherit","font-weight-footer-content":"600","text-transform-footer-content":"uppercase","font-size-footer-content":{"desktop":"13","tablet":"","mobile":"","desktop-unit":"px","tablet-unit":"px","mobile-unit":"px"},"line-height-footer-content":1,"font-family-site-title":"inherit","font-weight-site-title":"inherit","text-transform-site-title":"","line-height-site-title":"","font-family-site-tagline":"inherit","font-weight-site-tagline":"inherit","text-transform-site-tagline":"","line-height-site-tagline":"","divider-section-primary-menu-typo-main":"","font-family-primary-menu":"inherit","font-weight-primary-menu":"700","text-transform-primary-menu":"uppercase","font-size-primary-menu":{"desktop":"15","tablet":"","mobile":"","desktop-unit":"px","tablet-unit":"px","mobile-unit":"px"},"line-height-primary-menu":"","divider-section-primary-menu-typo-dropdown":"","font-family-primary-dropdown-menu":"inherit","font-weight-primary-dropdown-menu":"inherit","text-transform-primary-dropdown-menu":"","font-size-primary-dropdown-menu":{"desktop":"","tablet":"","mobile":"","desktop-unit":"px","tablet-unit":"px","mobile-unit":"px"},"line-height-primary-dropdown-menu":"","divider-section-outside-menu-typo-dropdown":"","outside-menu-font-size":{"desktop":"","tablet":"","mobile":"","desktop-unit":"px","tablet-unit":"px","mobile-unit":"px"},"outside-menu-line-height":"","divider-section-sidebar-typo-title":"","font-family-widget-title":"inherit","font-weight-widget-title":"inherit","text-transform-widget-title":"","font-size-widget-title":{"desktop":"","tablet":"","mobile":"","desktop-unit":"px","tablet-unit":"px","mobile-unit":"px"},"line-height-widget-title":"","divider-section-sidebar-typo-content":"","font-family-widget-content":"inherit","font-weight-widget-content":"inherit","text-transform-widget-content":"","font-size-widget-content":{"desktop":"","tablet":"","mobile":"","desktop-unit":"px","tablet-unit":"px","mobile-unit":"px"},"line-height-widget-content":"","font-family-entry-title":"inherit","font-weight-entry-title":"inherit","text-transform-entry-title":"","line-height-entry-title":"","header-main-rt-section-search-box-type":"slide-search","above-header-section-1-search-box-type":"slide-search","above-header-section-2-search-box-type":"slide-search","below-header-section-1-search-box-type":"slide-search","below-header-section-2-search-box-type":"slide-search","header-custom-layout-above-header":"","header-custom-layout-below-header":"","header-custom-layout-header":"","header-custom-layout-sticky-header":"","header-custom-layout-transparent-header":"","header-custom-color-above-header":"","header-custom-color-primary-header":"","header-custom-color-below-header":"","header-custom-color-transparent-header":"","header-custom-typo-above-header":"","header-custom-typo-primary-header":"","header-custom-typo-below-header":"","header-custom-title_tagline":"","_astra_pb_compatibility_completed":true,"is_theme_queue_running":false,"submenu-open-below-header":false,"is_addon_queue_running":false,"theme-button-padding":{"desktop":{"top":"15","right":"50","bottom":"15","left":"50"},"tablet":{"top":"","right":"","bottom":"","left":""},"mobile":{"top":"","right":"","bottom":"","left":""},"desktop-unit":"px","tablet-unit":"px","mobile-unit":"px"},"theme-btn-line-height":"1","heading-base-color":"#0a0a0a","headings-line-height":"1.5"},"custom-css":""},"astra-site-options-data":{"woocommerce_product_attributes":[],"woocommerce_product_cat_list":[],"woocommerce_product_cat":[],"custom_logo":"https:\/\/websitedemos.net\/massage-therapist-03\/wp-content\/uploads\/sites\/450\/2019\/04\/massage-black-logo-free.svg","nav_menu_locations":{"primary":"main-menu"},"show_on_front":"page","page_on_front":"Home","page_for_posts":"","_fl_builder_enabled_icons":["font-awesome-5-regular","font-awesome-5-solid","font-awesome-5-brands","foundation-icons","dashicons","ultimate-icons"],"_fl_builder_enabled_modules":null,"_fl_builder_post_types":null,"_fl_builder_color_presets":null,"_fl_builder_services":null,"_fl_builder_settings":{"show_default_heading":"0","default_heading_selector":".fl-post-header","row_margins":0,"row_margins_unit":"px","row_margins_medium":"","row_margins_medium_unit":"px","row_margins_responsive":"","row_margins_responsive_unit":"px","row_padding":20,"row_padding_unit":"px","row_padding_medium":"","row_padding_medium_unit":"px","row_padding_responsive":"","row_padding_responsive_unit":"px","row_width":1200,"row_width_unit":"px","row_width_default":"fixed","row_content_width_default":"fixed","column_margins":0,"column_margins_unit":"px","column_margins_medium":"","column_margins_medium_unit":"px","column_margins_responsive":"","column_margins_responsive_unit":"px","column_padding":0,"column_padding_unit":"px","column_padding_medium":"","column_padding_medium_unit":"px","column_padding_responsive":"","column_padding_responsive_unit":"px","module_margins":20,"module_margins_unit":"px","module_margins_medium":"","module_margins_medium_unit":"px","module_margins_responsive":"","module_margins_responsive_unit":"px","responsive_enabled":"1","auto_spacing":"1","medium_breakpoint":992,"responsive_breakpoint":768,"responsive_base_fontsize":16,"css":"","js":""},"_fl_builder_user_access":null,"_fl_builder_enabled_templates":null,"elementor_container_width":null,"elementor_cpt_support":null,"elementor_css_print_method":null,"elementor_default_generic_fonts":null,"elementor_disable_color_schemes":null,"elementor_disable_typography_schemes":null,"elementor_editor_break_lines":null,"elementor_exclude_user_roles":null,"elementor_global_image_lightbox":null,"elementor_page_title_selector":null,"elementor_scheme_color":null,"elementor_scheme_color-picker]":null,"elementor_scheme_typography":null,"elementor_space_between_widgets":null,"elementor_stretched_section_container":null,"elementor_load_fa4_shim":null,"woocommerce_shop_page_title":"","woocommerce_cart_page_title":"","woocommerce_checkout_page_title":"","woocommerce_myaccount_page_title":"","woocommerce_edit_address_page_title":"","woocommerce_view_order_page_title":"","woocommerce_change_password_page_title":"","woocommerce_logout_page_title":"","woocommerce_enable_guest_checkout":null,"woocommerce_enable_checkout_login_reminder":null,"woocommerce_enable_signup_and_login_from_checkout":null,"woocommerce_enable_myaccount_registration":null,"woocommerce_registration_generate_username":null,"wpforms_settings":{"disable-css":"2","global-assets":false,"gdpr":false},"learndash_settings_theme_ld30":null,"learndash_settings_courses_themes":null},"astra-site-wxr-path":"https:\/\/websitedemos.net\/wp-content\/uploads\/astra-sites\/450\/wxr.xml","astra-enabled-extensions":{"advanced-hooks":"advanced-hooks","blog-pro":"","colors-and-background":"","advanced-footer":"","mobile-header":"","header-sections":"","lifterlms":"","learndash":"","advanced-headers":"","site-layouts":"","spacing":"","sticky-header":"","scroll-to-top":"","transparent-header":"","typography":"","woocommerce":"","edd":"","nav-menu":"","all":"all"},"astra-custom-404":"","featured-image-url":"https:\/\/websitedemos.net\/wp-content\/uploads\/2019\/07\/massage-therapist-04-home.jpg","astra-woocommerce-csv-path":"","astra-post-data-mapping":{"astra-advanced-hook":[{"post_id":132,"post_title":"Footer","mapping":{"ast-advanced-hook-location":{"rule":{"3":"specifics"},"specific":{"post":{"page":{"post-9":{"id":9,"slug":"about","name":"About"},"post-10":{"id":10,"slug":"massages","name":"Massages"},"post-11":{"id":11,"slug":"testimonials","name":"Testimonials"}}}}}}}],"astra_adv_header":[]},"astra-site-wpforms-path":"https:\/\/websitedemos.net\/wp-content\/uploads\/astra-sites\/450\/wpforms.json","astra-site-cartflows-path":"","astra-site-taxonomy-mapping":"","astra-site-parent-id":1099,"license-status":"valid","request_time":0.15154385566711,"_links":{"self":[{"href":"https:\/\/websitedemos.net\/wp-json\/wp\/v2\/astra-sites\/38429"}],"collection":[{"href":"https:\/\/websitedemos.net\/wp-json\/wp\/v2\/astra-sites"}],"about":[{"href":"https:\/\/websitedemos.net\/wp-json\/wp\/v2\/types\/astra-sites"}],"version-history":[{"count":1,"href":"https:\/\/websitedemos.net\/wp-json\/wp\/v2\/astra-sites\/38429\/revisions"}],"predecessor-version":[{"id":38436,"href":"https:\/\/websitedemos.net\/wp-json\/wp\/v2\/astra-sites\/38429\/revisions\/38436"}],"wp:featuredmedia":[{"embeddable":true,"href":"https:\/\/websitedemos.net\/wp-json\/wp\/v2\/media\/34356"}],"wp:attachment":[{"href":"https:\/\/websitedemos.net\/wp-json\/wp\/v2\/media?parent=38429"}],"wp:term":[{"taxonomy":"astra-site-category","embeddable":true,"href":"https:\/\/websitedemos.net\/wp-json\/wp\/v2\/astra-site-category?post=38429"},{"taxonomy":"astra-sites-type","embeddable":true,"href":"https:\/\/websitedemos.net\/wp-json\/wp\/v2\/astra-sites-type?post=38429"},{"taxonomy":"astra-site-page-builder","embeddable":true,"href":"https:\/\/websitedemos.net\/wp-json\/wp\/v2\/astra-site-page-builder?post=38429"},{"taxonomy":"astra-sites-tag","embeddable":true,"href":"https:\/\/websitedemos.net\/wp-json\/wp\/v2\/astra-sites-tag?post=38429"}],"curies":[{"name":"wp","href":"https:\/\/api.w.org\/{rel}","templated":true}]}}