{"id":38528,"date":"2020-01-15T14:39:57","date_gmt":"2020-01-15T09:09:57","guid":{"rendered":"https:\/\/websitedemos.net\/?post_type=astra-sites&#038;p=38528"},"modified":"2020-01-20T17:10:42","modified_gmt":"2020-01-20T11:40:42","slug":"wedding-organizer-2","status":"publish","type":"astra-sites","link":"https:\/\/websitedemos.net\/astra-site\/wedding-organizer-2\/","title":{"rendered":"Wedding Organizer"},"content":{"rendered":"","protected":false},"author":0,"featured_media":34377,"template":"","astra-site-category":[27],"astra-sites-type":[40],"astra-site-page-builder":[33],"astra-sites-tag":[698,717,699,697,716,512],"astra-site-type":"premium","astra-site-thumbnail":"https:\/\/websitedemos.net\/wp-content\/uploads\/2019\/09\/wedding-organizer-04-home-400x1458.jpg","required-plugins":[{"slug":"astra-widgets","init":"astra-widgets\/astra-widgets.php","name":"Astra Widgets"},{"slug":"elementor","init":"elementor\/elementor.php","name":"Elementor"},{"slug":"header-footer-elementor","init":"header-footer-elementor\/header-footer-elementor.php","name":"Elementor - Header, Footer & Blocks"},{"slug":"ultimate-elementor","init":"ultimate-elementor\/ultimate-elementor.php","name":"Ultimate Addons for Elementor"},{"slug":"wpforms-lite","init":"wpforms-lite\/wpforms.php","name":"WPForms Lite"}],"astra-site-url":"\/\/websitedemos.net\/wedding-organizer-04","astra-site-open-in-new-tab":"0","astra-site-widgets-data":"{\"sidebar-1\":{\"search-2\":{\"title\":\"\"},\"recent-posts-2\":{\"title\":\"\",\"number\":5},\"recent-comments-2\":{\"title\":\"\",\"number\":5},\"archives-2\":{\"title\":\"\",\"count\":0,\"dropdown\":0},\"categories-2\":{\"title\":\"\",\"count\":0,\"hierarchical\":0,\"dropdown\":0},\"meta-2\":{\"title\":\"\"}},\"header-widget\":{\"astra-widget-social-profiles-2\":{\"title\":\"\",\"align\":\"inline\",\"icon-style\":\"circle-outline\",\"color-type\":\"custom-color\",\"icon-color\":\"#000000\",\"bg-color\":\"#cecece\",\"icon-hover-color\":\"#000000\",\"bg-hover-color\":\"#cecece\",\"width\":\"18\",\"space_btn_icon_text\":\"\",\"space_btn_social_profiles\":\"7\",\"display-title\":false,\"list\":[{\"title\":\"facebook\",\"link\":\"#\",\"link-target\":\"same-page\",\"nofollow\":\"enable\",\"icon\":\"{\\\"name\\\":\\\"facebook-f\\\",\\\"path\\\":\\\"M76.7 512V283H0v-91h76.7v-71.7C76.7 42.4 124.3 0 193.8 0c33.3 0 61.9 2.5 70.2 3.6V85h-48.2c-37.8 0-45.1 18-45.1 44.3V192H256l-11.7 91h-73.6v229\\\",\\\"viewbox\\\":\\\"0 0 264 512\\\"}\"},{\"title\":\"twitter\",\"link\":\"#\",\"link-target\":\"same-page\",\"nofollow\":\"enable\",\"icon\":\"{\\\"name\\\":\\\"twitter\\\",\\\"path\\\":\\\"M459.37 151.716c.325 4.548.325 9.097.325 13.645 0 138.72-105.583 298.558-298.558 298.558-59.452 0-114.68-17.219-161.137-47.106 8.447.974 16.568 1.299 25.34 1.299 49.055 0 94.213-16.568 130.274-44.832-46.132-.975-84.792-31.188-98.112-72.772 6.498.974 12.995 1.624 19.818 1.624 9.421 0 18.843-1.3 27.614-3.573-48.081-9.747-84.143-51.98-84.143-102.985v-1.299c13.969 7.797 30.214 12.67 47.431 13.319-28.264-18.843-46.781-51.005-46.781-87.391 0-19.492 5.197-37.36 14.294-52.954 51.655 63.675 129.3 105.258 216.365 109.807-1.624-7.797-2.599-15.918-2.599-24.04 0-57.828 46.782-104.934 104.934-104.934 30.213 0 57.502 12.67 76.67 33.137 23.715-4.548 46.456-13.32 66.599-25.34-7.798 24.366-24.366 44.833-46.132 57.827 21.117-2.273 41.584-8.122 60.426-16.243-14.292 20.791-32.161 39.308-52.628 54.253z\\\",\\\"viewbox\\\":\\\"0 0 512 512\\\"}\"},{\"title\":\"instagram\",\"link\":\"\",\"link-target\":\"same-page\",\"nofollow\":\"enable\",\"icon\":\"{\\\"name\\\":\\\"instagram\\\",\\\"path\\\":\\\"M224.1 141c-63.6 0-114.9 51.3-114.9 114.9s51.3 114.9 114.9 114.9S339 319.5 339 255.9 287.7 141 224.1 141zm0 189.6c-41.1 0-74.7-33.5-74.7-74.7s33.5-74.7 74.7-74.7 74.7 33.5 74.7 74.7-33.6 74.7-74.7 74.7zm146.4-194.3c0 14.9-12 26.8-26.8 26.8-14.9 0-26.8-12-26.8-26.8s12-26.8 26.8-26.8 26.8 12 26.8 26.8zm76.1 27.2c-1.7-35.9-9.9-67.7-36.2-93.9-26.2-26.2-58-34.4-93.9-36.2-37-2.1-147.9-2.1-184.9 0-35.8 1.7-67.6 9.9-93.9 36.1s-34.4 58-36.2 93.9c-2.1 37-2.1 147.9 0 184.9 1.7 35.9 9.9 67.7 36.2 93.9s58 34.4 93.9 36.2c37 2.1 147.9 2.1 184.9 0 35.9-1.7 67.7-9.9 93.9-36.2 26.2-26.2 34.4-58 36.2-93.9 2.1-37 2.1-147.8 0-184.8zM398.8 388c-7.8 19.6-22.9 34.7-42.6 42.6-29.5 11.7-99.5 9-132.1 9s-102.7 2.6-132.1-9c-19.6-7.8-34.7-22.9-42.6-42.6-11.7-29.5-9-99.5-9-132.1s-2.6-102.7 9-132.1c7.8-19.6 22.9-34.7 42.6-42.6 29.5-11.7 99.5-9 132.1-9s102.7-2.6 132.1 9c19.6 7.8 34.7 22.9 42.6 42.6 11.7 29.5 9 99.5 9 132.1s2.7 102.7-9 132.1z\\\",\\\"viewbox\\\":\\\"0 0 448 512\\\"}\"}]}}}","astra-site-customizer-data":{"astra-settings":{"astra-addon-auto-version":"2.2.2","theme-auto-version":"2.2.1","body-font-family":"'Raleway', sans-serif","body-font-weight":"400","font-size-body":{"desktop":"16","tablet":"","mobile":"","desktop-unit":"px","tablet-unit":"px","mobile-unit":"px"},"para-margin-bottom":"","headings-font-family":"'Cardo', serif","headings-font-weight":"400","headings-text-transform":"none","font-size-h1":{"desktop":"125","tablet":"100","mobile":"46","desktop-unit":"px","tablet-unit":"px","mobile-unit":"px"},"font-size-h2":{"desktop":"100","tablet":"62","mobile":"40","desktop-unit":"px","tablet-unit":"px","mobile-unit":"px"},"font-size-h3":{"desktop":"50","tablet":"35","mobile":"30","desktop-unit":"px","tablet-unit":"px","mobile-unit":"px"},"font-size-h4":{"desktop":"28","tablet":"28","mobile":"28","desktop-unit":"px","tablet-unit":"px","mobile-unit":"px"},"font-size-h5":{"desktop":"22","tablet":"22","mobile":"22","desktop-unit":"px","tablet-unit":"px","mobile-unit":"px"},"font-size-h6":{"desktop":"16","tablet":"16","mobile":"16","desktop-unit":"px","tablet-unit":"px","mobile-unit":"px"},"text-color":"#0a0a0a","theme-color":"#e9744b","link-color":"#e9744b","link-h-color":"#e9744b","site-content-width":1200,"button-color":"#ffffff","button-bg-color":"#000000","button-h-color":"#ffffff","button-bg-h-color":"rgba(0,0,0,0.7)","button-v-padding":20,"button-h-padding":30,"button-radius":0,"different-retina-logo":true,"ast-header-retina-logo":"https:\/\/websitedemos.net\/alex44\/wp-content\/uploads\/sites\/454\/2019\/07\/logo-retina-free-img.png","display-site-title":false,"header-layouts":"header-main-layout-1","header-main-sep":0,"header-main-menu-align":"inline","mobile-header-toggle-btn-style":"outline","footer-sml-layout":"footer-sml-layout-1","transparent-menu-color-responsive":{"desktop":"","tablet":"","mobile":""},"transparent-menu-bg-color-responsive":{"desktop":"#dd3333","tablet":"","mobile":""},"footer-sml-section-1-credit":"Copyright \u00a9 [current_year] [site_title] | Powered by [site_title]","footer-sml-divider":0,"footer-bg-obj":{"background-color":"#000000","background-image":"","background-repeat":"repeat","background-position":"center center","background-size":"auto","background-attachment":"scroll"},"_astra_pb_compatibility_completed":true,"font-family-h1":"'Cardo', serif","font-weight-h1":"400","font-family-h2":"'Cardo', serif","font-weight-h2":"400","font-family-h3":"'Cardo', serif","font-weight-h3":"400","font-family-h4":"'Cardo', serif","font-weight-h4":"400","font-family-h5":"'Cardo', serif","font-weight-h5":"400","font-family-h6":"'Cardo', serif","font-weight-h6":"400","site-content-layout":"boxed-container","site-sidebar-layout":"no-sidebar","header-spacing":{"desktop":{"top":"","right":"","bottom":"","left":""},"tablet":{"top":"1.5","right":"1","bottom":"0","left":"1"},"mobile":{"top":"2","right":"2","bottom":"0","left":"2"},"desktop-unit":"em","tablet-unit":"em","mobile-unit":"em"},"header-main-rt-section":"widget","header-main-layout-width":"content","header-main-rt-section-button-link":"#","header-main-rt-section-button-text":"Call Us Now","primary-menu-spacing":{"desktop":{"top":"","right":"","bottom":"","left":""},"tablet":{"top":"0","right":"20","bottom":"0","left":"20"},"mobile":{"top":"","right":"","bottom":"","left":""},"desktop-unit":"px","tablet-unit":"px","mobile-unit":"px"},"ast-header-responsive-logo-width":{"desktop":"","tablet":"","mobile":"83"},"different-mobile-logo":false,"mobile-header-logo":"https:\/\/websitedemos.net\/wedding-organizer-04\/wp-content\/uploads\/sites\/454\/2019\/07\/logo-light-free-img.png","mobile-header-toggle-btn-style-color":"#e9744b","is_theme_queue_running":false,"submenu-open-below-header":false,"is_addon_queue_running":true,"heading-base-color":"#0a0a0a","theme-button-padding":{"desktop":{"top":20,"right":30,"bottom":20,"left":30},"tablet":{"top":"","right":"","bottom":"","left":""},"mobile":{"top":"","right":"","bottom":"","left":""},"desktop-unit":"px","tablet-unit":"px","mobile-unit":"px"}},"custom-css":""},"astra-site-options-data":{"woocommerce_product_attributes":[],"woocommerce_product_cat_list":[],"woocommerce_product_cat":[],"custom_logo":"https:\/\/websitedemos.net\/wedding-organizer-04\/wp-content\/uploads\/sites\/454\/2019\/07\/logo-regular-free-img.png","nav_menu_locations":{"primary":"menu"},"show_on_front":"page","page_on_front":"Home","page_for_posts":"","_fl_builder_enabled_icons":null,"_fl_builder_enabled_modules":null,"_fl_builder_post_types":null,"_fl_builder_color_presets":null,"_fl_builder_services":null,"_fl_builder_settings":null,"_fl_builder_user_access":null,"_fl_builder_enabled_templates":null,"elementor_container_width":"","elementor_cpt_support":["post","page"],"elementor_css_print_method":"external","elementor_default_generic_fonts":"Sans-serif","elementor_disable_color_schemes":"yes","elementor_disable_typography_schemes":"yes","elementor_editor_break_lines":"","elementor_exclude_user_roles":null,"elementor_global_image_lightbox":"yes","elementor_page_title_selector":"","elementor_scheme_color":{"1":"#6ec1e4","2":"#54595f","3":"#7a7a7a","4":"#61ce70"},"elementor_scheme_color-picker]":{"1":"#e9744b","2":"#54595f","3":"#7a7a7a","4":"#61ce70","5":"rgba(255,255,255,0.75)","6":"#23a455","7":"#000","8":"#fff"},"elementor_scheme_typography":{"1":{"font_family":"Roboto","font_weight":"600"},"2":{"font_family":"Roboto Slab","font_weight":"400"},"3":{"font_family":"Roboto","font_weight":"400"},"4":{"font_family":"Roboto","font_weight":"500"}},"elementor_space_between_widgets":"","elementor_stretched_section_container":"","elementor_load_fa4_shim":"","woocommerce_shop_page_title":"","woocommerce_cart_page_title":"","woocommerce_checkout_page_title":"","woocommerce_myaccount_page_title":"","woocommerce_edit_address_page_title":"","woocommerce_view_order_page_title":"","woocommerce_change_password_page_title":"","woocommerce_logout_page_title":"","woocommerce_enable_guest_checkout":null,"woocommerce_enable_checkout_login_reminder":null,"woocommerce_enable_signup_and_login_from_checkout":null,"woocommerce_enable_myaccount_registration":null,"woocommerce_registration_generate_username":null,"wpforms_settings":{"disable-css":"2","global-assets":false,"gdpr":false},"learndash_settings_theme_ld30":null,"learndash_settings_courses_themes":null},"astra-site-wxr-path":"https:\/\/websitedemos.net\/wp-content\/uploads\/astra-sites\/454\/wxr.xml","astra-enabled-extensions":{"advanced-hooks":"","blog-pro":"","colors-and-background":"","advanced-footer":"","mobile-header":"","header-sections":"","lifterlms":"","learndash":"","advanced-headers":"","site-layouts":"","spacing":"","sticky-header":"","scroll-to-top":"","transparent-header":"","typography":"","woocommerce":"","edd":"","nav-menu":"","all":"all"},"astra-custom-404":"","featured-image-url":"https:\/\/websitedemos.net\/wp-content\/uploads\/2019\/09\/wedding-organizer-04-home.jpg","astra-woocommerce-csv-path":"","astra-post-data-mapping":{"astra-advanced-hook":[],"astra_adv_header":[]},"astra-site-wpforms-path":"https:\/\/websitedemos.net\/wp-content\/uploads\/astra-sites\/454\/wpforms.json","astra-site-cartflows-path":"","astra-site-taxonomy-mapping":"","astra-site-parent-id":1103,"license-status":"valid","request_time":0.12971997261047,"_links":{"self":[{"href":"https:\/\/websitedemos.net\/wp-json\/wp\/v2\/astra-sites\/38528"}],"collection":[{"href":"https:\/\/websitedemos.net\/wp-json\/wp\/v2\/astra-sites"}],"about":[{"href":"https:\/\/websitedemos.net\/wp-json\/wp\/v2\/types\/astra-sites"}],"version-history":[{"count":1,"href":"https:\/\/websitedemos.net\/wp-json\/wp\/v2\/astra-sites\/38528\/revisions"}],"predecessor-version":[{"id":38552,"href":"https:\/\/websitedemos.net\/wp-json\/wp\/v2\/astra-sites\/38528\/revisions\/38552"}],"wp:featuredmedia":[{"embeddable":true,"href":"https:\/\/websitedemos.net\/wp-json\/wp\/v2\/media\/34377"}],"wp:attachment":[{"href":"https:\/\/websitedemos.net\/wp-json\/wp\/v2\/media?parent=38528"}],"wp:term":[{"taxonomy":"astra-site-category","embeddable":true,"href":"https:\/\/websitedemos.net\/wp-json\/wp\/v2\/astra-site-category?post=38528"},{"taxonomy":"astra-sites-type","embeddable":true,"href":"https:\/\/websitedemos.net\/wp-json\/wp\/v2\/astra-sites-type?post=38528"},{"taxonomy":"astra-site-page-builder","embeddable":true,"href":"https:\/\/websitedemos.net\/wp-json\/wp\/v2\/astra-site-page-builder?post=38528"},{"taxonomy":"astra-sites-tag","embeddable":true,"href":"https:\/\/websitedemos.net\/wp-json\/wp\/v2\/astra-sites-tag?post=38528"}],"curies":[{"name":"wp","href":"https:\/\/api.w.org\/{rel}","templated":true}]}}