{"id":38673,"date":"2020-01-15T16:55:53","date_gmt":"2020-01-15T11:25:53","guid":{"rendered":"https:\/\/websitedemos.net\/?post_type=astra-sites&#038;p=38673"},"modified":"2020-01-20T17:07:56","modified_gmt":"2020-01-20T11:37:56","slug":"architecture-firm-3","status":"publish","type":"astra-sites","link":"https:\/\/websitedemos.net\/astra-site\/architecture-firm-3\/","title":{"rendered":"Architecture Firm"},"content":{"rendered":"","protected":false},"author":0,"featured_media":31476,"template":"","astra-site-category":[27],"astra-sites-type":[40],"astra-site-page-builder":[33],"astra-sites-tag":[435,436,434,422,437],"astra-site-type":"premium","astra-site-thumbnail":"https:\/\/websitedemos.net\/wp-content\/uploads\/2019\/03\/id-20755-architecture-firm-resize.jpg","required-plugins":[{"slug":"elementor","init":"elementor\/elementor.php","name":"Elementor"},{"slug":"header-footer-elementor","init":"header-footer-elementor\/header-footer-elementor.php","name":"Elementor - Header, Footer & Blocks"},{"slug":"ultimate-elementor","init":"ultimate-elementor\/ultimate-elementor.php","name":"Ultimate Addons for Elementor"},{"slug":"wpforms-lite","init":"wpforms-lite\/wpforms.php","name":"WPForms Lite"}],"astra-site-url":"\/\/websitedemos.net\/architects-04","astra-site-open-in-new-tab":"0","astra-site-widgets-data":"{\"sidebar-1\":{\"search-2\":{\"title\":\"\"},\"recent-posts-2\":{\"title\":\"\",\"number\":5},\"recent-comments-2\":{\"title\":\"\",\"number\":5},\"archives-2\":{\"title\":\"\",\"count\":0,\"dropdown\":0},\"categories-2\":{\"title\":\"\",\"count\":0,\"hierarchical\":0,\"dropdown\":0},\"meta-2\":{\"title\":\"\"}}}","astra-site-customizer-data":{"astra-settings":{"astra-addon-auto-version":"2.2.2","theme-auto-version":"2.2.1","button-color":"#ffffff","button-h-color":"#ffffff","button-bg-color":"#da2128","button-bg-h-color":"#d80007","button-radius":4,"button-v-padding":10,"button-h-padding":40,"header-main-rt-section-button-text-color":"","header-main-rt-section-button-text-h-color":"","header-main-rt-section-button-back-color":"","header-main-rt-section-button-back-h-color":"","header-main-rt-section-button-padding":{"desktop":{"top":"","right":"","bottom":"","left":""},"tablet":{"top":"","right":"","bottom":"","left":""},"mobile":{"top":"","right":"","bottom":"","left":""}},"header-main-rt-section-button-border-size":{"top":"","right":"","bottom":"","left":""},"header-main-rt-section-button-border-color":"","header-main-rt-section-button-border-h-color":"","header-main-rt-section-button-border-radius":"","header-main-rt-trans-section-button-text-color":"","header-main-rt-trans-section-button-text-h-color":"","header-main-rt-trans-section-button-back-color":"","header-main-rt-trans-section-button-back-h-color":"","header-main-rt-trans-section-button-padding":"","header-main-rt-trans-section-button-border-size":"","header-main-rt-trans-section-button-border-color":"","header-main-rt-trans-section-button-border-h-color":"","header-main-rt-trans-section-button-border-radius":"","site-content-width":1200,"header-layouts":"header-main-layout-1","disable-primary-nav":false,"header-main-rt-section":"none","header-main-rt-section-button-text":"Button","header-main-rt-section-button-link":"https:\/\/www.wpastra.com","header-main-rt-section-button-style":"theme-button","header-button-style-link":"","header-main-rt-section-html":"<button>Contact Us<\/button>","header-main-sep":0,"header-main-sep-color":"","header-main-layout-width":"full","primary-submenu-border-divider":"","primary-submenu-border":{"top":"1","bottom":"1","left":"1","right":"1"},"primary-submenu-b-color":"#eaeaea","primary-submenu-item-border":1,"primary-submenu-item-b-color":"#eaeaea","header-main-submenu-container-animation":"","header-main-menu-label-divider":"","mobile-header-breakpoint":"","mobile-header-toggle-target":"icon","header-main-menu-label":"","hide-custom-menu-mobile":false,"header-display-outside-menu":false,"header-main-menu-align":"inline","mobile-header-toggle-btn-style":"fill","mobile-header-toggle-btn-style-color":"","mobile-header-toggle-btn-border-radius":0,"different-retina-logo":"1","ast-header-retina-logo":"https:\/\/websitedemos.net\/architects-04\/wp-content\/uploads\/sites\/403\/2018\/07\/logo-@2x-free-img.png","different-mobile-logo":false,"mobile-header-logo":"","ast-header-responsive-logo-width":{"desktop":"200","tablet":"150","mobile":"140"},"ast-site-logo-divider":"","display-site-title":false,"display-site-tagline":0,"logo-title-inline":0,"ast-site-icon-divider":"","blog-post-content":"excerpt","blog-post-structure":["image","title-meta"],"blog-meta":["comments","category","author"],"ast-styling-section-blog-width":"","blog-width":"default","blog-max-width":1200,"blog-single-post-structure":["single-image","single-title-meta"],"blog-single-meta":["comments","category","author"],"ast-styling-section-single-blog-layouts":"","blog-single-width":"default","blog-single-max-width":1200,"site-sidebar-layout":"right-sidebar","single-page-sidebar-layout-divider":"","single-page-sidebar-layout":"default","single-post-sidebar-layout":"default","archive-post-sidebar-layout":"default","divider-section-sidebar-width":"","site-sidebar-width":30,"site-sidebar-width-description":"","site-content-layout-divider":"","site-content-layout":"boxed-container","single-page-content-layout":"default","single-post-content-layout":"default","archive-post-content-layout":"default","site-layout-outside-bg-obj":{"background-color":"#ffffff","background-image":"","background-repeat":"repeat","background-position":"center center","background-size":"auto","background-attachment":"scroll"},"footer-sml-layout":"footer-sml-layout-1","section-ast-small-footer-layout-info":"","footer-sml-section-1":"custom","footer-sml-section-1-credit":"Copyright \u00a9 [current_year] [site_title]","footer-sml-section-2":"custom","footer-sml-section-2-credit":"Powered by [site_title]","section-ast-small-footer-typography":"","footer-sml-divider":0,"footer-sml-divider-color":"#7a7a7a","footer-layout-width":"content","footer-adv":"disabled","theme-color":"#da2128","link-color":"#da2128","text-color":"#000000","link-h-color":"#da2128","divider-outside-bg-color":"","footer-color":"#6b6b6b","footer-link-color":"#0a0a0a","footer-link-h-color":"#da2128","divider-footer-image":"","footer-bg-obj":{"background-color":"rgba(102,102,102,0)","background-image":"","background-repeat":"repeat","background-position":"center center","background-size":"auto","background-attachment":"scroll"},"footer-adv-wgt-title-color":"","footer-adv-text-color":"","footer-adv-link-color":"","footer-adv-link-h-color":"","footer-adv-background-divider":"","footer-adv-bg-obj":{"background-color":"","background-image":"","background-repeat":"repeat","background-position":"center center","background-size":"auto","background-attachment":"scroll"},"divider-section-archive-typo-archive-title":"","font-size-page-title":{"desktop":"30","tablet":"","mobile":"","desktop-unit":"px","tablet-unit":"px","mobile-unit":"px"},"divider-section-archive-summary-box-typo":"","font-size-archive-summary-title":{"desktop":40,"tablet":"","mobile":"","desktop-unit":"px","tablet-unit":"px","mobile-unit":"px"},"divider-base-typo":"","body-font-family":"'Montserrat', sans-serif","body-font-variant":"700","body-font-weight":"500","body-text-transform":"","font-size-body":{"desktop":"14","tablet":"","mobile":"","desktop-unit":"px","tablet-unit":"px","mobile-unit":"px"},"body-line-height":"","para-margin-bottom":"","divider-headings-typo":"","headings-font-family":"inherit","headings-font-variant":"","headings-font-weight":"700","headings-text-transform":"uppercase","divider-section-h1":"","font-size-h1":{"desktop":"90","tablet":"50","mobile":"","desktop-unit":"px","tablet-unit":"px","mobile-unit":"px"},"divider-section-h2":"","font-size-h2":{"desktop":"55","tablet":"35","mobile":"","desktop-unit":"px","tablet-unit":"px","mobile-unit":"px"},"divider-section-h3":"","font-size-h3":{"desktop":"30","tablet":"","mobile":"","desktop-unit":"px","tablet-unit":"px","mobile-unit":"px"},"divider-section-h4":"","font-size-h4":{"desktop":"23","tablet":"","mobile":"","desktop-unit":"px","tablet-unit":"px","mobile-unit":"px"},"divider-section-h5":"","font-size-h5":{"desktop":"18","tablet":"","mobile":"","desktop-unit":"px","tablet-unit":"px","mobile-unit":"px"},"divider-section-h6":"","font-size-h6":{"desktop":"14","tablet":"","mobile":"","desktop-unit":"px","tablet-unit":"px","mobile-unit":"px"},"divider-section-header-typo-title":"","font-size-site-title":{"desktop":35,"tablet":"","mobile":"","desktop-unit":"px","tablet-unit":"px","mobile-unit":"px"},"divider-section-header-typo-tagline":"","font-size-site-tagline":{"desktop":15,"tablet":"","mobile":"","desktop-unit":"px","tablet-unit":"px","mobile-unit":"px"},"divider-section-header-single-title":"","font-size-entry-title":{"desktop":30,"tablet":"","mobile":"","desktop-unit":"px","tablet-unit":"px","mobile-unit":"px"},"transparent-header-bg-color-responsive":{"desktop":"","tablet":"","mobile":""},"transparent-header-color-site-title-responsive":{"desktop":"","tablet":"","mobile":""},"transparent-header-color-h-site-title-responsive":{"desktop":"","tablet":"","mobile":""},"divider-transparent-menu-responsive":"","transparent-menu-bg-color-responsive":{"desktop":"","tablet":"","mobile":""},"transparent-menu-color-responsive":{"desktop":"","tablet":"","mobile":""},"transparent-menu-h-color-responsive":{"desktop":"","tablet":"","mobile":""},"divider-transparent-sub-menu-responsive":"","transparent-submenu-bg-color-responsive":{"desktop":"","tablet":"","mobile":""},"transparent-submenu-color-responsive":{"desktop":"","tablet":"","mobile":""},"transparent-submenu-h-color-responsive":{"desktop":"","tablet":"","mobile":""},"divider-transparent-content-section":"","transparent-content-section-text-color-responsive":{"desktop":"","tablet":"","mobile":""},"transparent-content-section-link-color-responsive":{"desktop":"","tablet":"","mobile":""},"transparent-content-section-link-h-color-responsive":{"desktop":"","tablet":"","mobile":""},"transparent-header-enable":false,"divider-section-transparent-display":"","transparent-header-disable-archive":"1","transparent-header-disable-index":"","transparent-header-disable-page":"","transparent-header-disable-posts":"","transparent-header-on-devices":"both","divider-section-transparent-styling":"","different-transparent-logo":0,"transparent-header-logo":"","different-transparent-retina-logo":false,"transparent-header-retina-logo":"","transparent-header-logo-width":{"desktop":"","tablet":"","mobile":""},"transparent-header-main-sep":0,"transparent-header-main-sep-color":"","archive-summary-box-lable":"","archive-summary-box-bg-color":"","archive-summary-box-title-color":"","archive-summary-box-text-color":"","archive-summary-box-divider":"","page-title-color":"","post-meta-color":"","post-meta-link-color":"","post-meta-link-h-color":"","content-bg-obj":{"background-color":"#ffffff","background-image":"","background-repeat":"repeat","background-position":"center center","background-size":"auto","background-attachment":"scroll"},"divider-bg-color":"","h1-color":"","h2-color":"","h3-color":"","h4-color":"","h5-color":"","h6-color":"","header-color-site-title":"","header-color-h-site-title":"","header-color-site-tagline":"","header-bg-obj-responsive":{"desktop":{"background-color":"","background-image":"","background-repeat":"repeat","background-position":"center center","background-size":"auto","background-attachment":"scroll"},"tablet":{"background-color":"","background-image":"","background-repeat":"no-repeat","background-position":"center center","background-size":"cover","background-attachment":"scroll"},"mobile":{"background-color":"","background-image":"","background-repeat":"no-repeat","background-position":"center center","background-size":"cover","background-attachment":"scroll"}},"divider-primary-menu":"","primary-menu-bg-obj-responsive":{"desktop":{"background-color":"","background-image":"","background-repeat":"no-repeat","background-position":"center center","background-size":"cover","background-attachment":"scroll"},"tablet":{"background-color":"","background-image":"","background-repeat":"no-repeat","background-position":"center center","background-size":"cover","background-attachment":"scroll"},"mobile":{"background-color":"","background-image":"","background-repeat":"no-repeat","background-position":"center center","background-size":"cover","background-attachment":"scroll"}},"primary-menu-color-responsive":{"desktop":"","tablet":"","mobile":""},"primary-menu-h-color-responsive":{"desktop":"","tablet":"","mobile":""},"primary-menu-h-bg-color-responsive":{"desktop":"","tablet":"","mobile":""},"primary-menu-a-color-responsive":{"desktop":"","tablet":"","mobile":""},"primary-menu-a-bg-color-responsive":{"desktop":"","tablet":"","mobile":""},"divider-primary-sub-menu":"","primary-submenu-bg-color-responsive":{"desktop":"","tablet":"","mobile":""},"primary-submenu-color-responsive":{"desktop":"","tablet":"","mobile":""},"primary-submenu-h-color-responsive":{"desktop":"","tablet":"","mobile":""},"primary-submenu-h-bg-color-responsive":{"desktop":"","tablet":"","mobile":""},"primary-submenu-a-color-responsive":{"desktop":"","tablet":"","mobile":""},"primary-submenu-a-bg-color-responsive":{"desktop":"","tablet":"","mobile":""},"sidebar-bg-obj":{"background-color":"","background-image":"","background-repeat":"repeat","background-position":"center center","background-size":"auto","background-attachment":"scroll"},"sidebar-widget-title-color":"","sidebar-text-color":"","sidebar-link-color":"","sidebar-link-h-color":"","entry-title-color":"","site-layout":"ast-fluid-width-layout","site-layout-padded-width":1920,"site-layout-box-width":1400,"site-layout-padded-pad":{"desktop":{"top":"50","right":"50","bottom":"50","left":"50"},"tablet":{"top":"","right":"","bottom":"","left":""},"mobile":{"top":"","right":"","bottom":"","left":""},"desktop-unit":"px","tablet-unit":"px","mobile-unit":"px"},"site-layout-box-tb-margin":0,"site-layout-fluid-lr-padding":100,"divider-section-site-identity-spacing":"","site-identity-spacing":{"desktop":{"top":"15","right":"","bottom":"15","left":""},"tablet":{"top":"","right":"","bottom":"","left":""},"mobile":{"top":"","right":"","bottom":"","left":""},"desktop-unit":"px","tablet-unit":"px","mobile-unit":"px"},"site-identity-spacing-divider":"","content-spacing-divider":"","container-outside-spacing":{"desktop":{"top":"0","right":"0","bottom":"0","left":"0"},"tablet":{"top":"1.5","right":"0","bottom":"1.5","left":"0"},"mobile":{"top":"","right":"","bottom":"","left":""},"desktop-unit":"px","tablet-unit":"em","mobile-unit":"px"},"container-inside-spacing":{"desktop":{"top":"60","right":"75","bottom":"50","left":"50"},"tablet":{"top":"1.5","right":"2.14","bottom":"1.5","left":"2.14"},"mobile":{"top":"1.5","right":"1","bottom":"1.5","left":"1"},"desktop-unit":"px","tablet-unit":"em","mobile-unit":"em"},"header-spacing-divider":"","header-spacing":{"desktop":{"top":"10","right":"25","bottom":"10","left":"25"},"tablet":{"top":"1.5","right":"","bottom":"1.5","left":""},"mobile":{"top":"1","right":"","bottom":"1","left":""},"desktop-unit":"px","tablet-unit":"em","mobile-unit":"em"},"primary-menu-spacing":{"desktop":{"top":"25","right":"25","bottom":"25","left":"25"},"tablet":{"top":"10","right":"20","bottom":"10","left":"20"},"mobile":{"top":"10","right":"25","bottom":"10","left":"25"},"desktop-unit":"px","tablet-unit":"px","mobile-unit":"px"},"primary-submenu-spacing":{"desktop":{"top":"0","right":"0","bottom":"0","left":"0"},"tablet":{"top":"0","right":"20","bottom":"0","left":"30"},"mobile":{"top":"","right":"","bottom":"","left":""},"desktop-unit":"px","tablet-unit":"px","mobile-unit":"px"},"above-header-spacing-divider":"","above-header-spacing":{"desktop":{"top":"","right":"","bottom":"","left":""},"tablet":{"top":"0","right":"","bottom":"0","left":""},"mobile":{"top":"0.5","right":"","bottom":"","left":""},"desktop-unit":"px","tablet-unit":"px","mobile-unit":"em"},"above-header-menu-spacing":{"desktop":{"top":"","right":"","bottom":"","left":""},"tablet":{"top":"0","right":"20","bottom":"0","left":"20"},"mobile":{"top":"","right":"","bottom":"","left":""},"desktop-unit":"px","tablet-unit":"px","mobile-unit":"px"},"above-header-submenu-spacing":{"desktop":{"top":"","right":"","bottom":"","left":""},"tablet":{"top":"0","right":"20","bottom":"0","left":"20"},"mobile":{"top":"","right":"","bottom":"","left":""},"desktop-unit":"px","tablet-unit":"px","mobile-unit":"px"},"below-header-spacing-divider":"","below-header-spacing":{"desktop":{"top":"20","right":"14","bottom":"20","left":"25"},"tablet":{"top":"1","right":"","bottom":"1","left":""},"mobile":{"top":"","right":"","bottom":"","left":""},"desktop-unit":"px","tablet-unit":"em","mobile-unit":"px"},"below-header-menu-spacing":{"desktop":{"top":"","right":"","bottom":"","left":""},"tablet":{"top":"0","right":"20","bottom":"0","left":"20"},"mobile":{"top":"","right":"","bottom":"","left":""},"desktop-unit":"px","tablet-unit":"px","mobile-unit":"px"},"below-header-submenu-spacing":{"desktop":{"top":"","right":"","bottom":"","left":""},"tablet":{"top":"0","right":"20","bottom":"0","left":"20"},"mobile":{"top":"","right":"","bottom":"","left":""},"desktop-unit":"px","tablet-unit":"px","mobile-unit":"px"},"divider-section-sidebar-spacing":"","sidebar-outside-spacing":{"desktop":{"top":"","right":"","bottom":"","left":""},"tablet":{"top":"1.5","right":"1","bottom":"1.5","left":"1"},"mobile":{"top":"","right":"","bottom":"","left":""},"desktop-unit":"px","tablet-unit":"em","mobile-unit":"px"},"sidebar-inside-spacing":{"desktop":{"top":"","right":"","bottom":"","left":""},"tablet":{"top":"","right":"","bottom":"","left":""},"mobile":{"top":"","right":"","bottom":"","left":""},"desktop-unit":"px","tablet-unit":"px","mobile-unit":"px"},"blog-post-spacing-divider":"","blog-post-outside-spacing":{"desktop":{"top":"","right":"","bottom":"","left":""},"tablet":{"top":"","right":"","bottom":"","left":""},"mobile":{"top":"","right":"","bottom":"","left":""},"desktop-unit":"px","tablet-unit":"px","mobile-unit":"px"},"blog-post-inside-spacing":{"desktop":{"top":"","right":"","bottom":"","left":""},"tablet":{"top":"","right":"","bottom":"","left":""},"mobile":{"top":"","right":"","bottom":"","left":""},"desktop-unit":"px","tablet-unit":"px","mobile-unit":"px"},"blog-post-pagination-spacing":{"desktop":{"top":"","right":"","bottom":"","left":""},"tablet":{"top":"","right":"","bottom":"","left":""},"mobile":{"top":"","right":"","bottom":"","left":""},"desktop-unit":"px","tablet-unit":"px","mobile-unit":"px"},"footer-sml-spacing":{"desktop":{"top":"","right":"","bottom":"","left":""},"tablet":{"top":"2","right":"","bottom":"2","left":""},"mobile":{"top":"","right":"","bottom":"","left":""},"desktop-unit":"px","tablet-unit":"em","mobile-unit":"px"},"footer-menu-spacing":{"desktop":{"top":"","right":"","bottom":"","left":""},"tablet":{"top":"0","right":".5","bottom":"0","left":".5"},"mobile":{"top":"","right":"","bottom":"","left":""},"desktop-unit":"px","tablet-unit":"em","mobile-unit":"px"},"footer-spacing-divider":"","font-family-archive-summary-title":"inherit","font-weight-archive-summary-title":"inherit","text-transform-archive-summary-title":"","line-height-archive-summary-title":"","font-family-page-title":"inherit","font-weight-page-title":"inherit","text-transform-page-title":"","line-height-page-title":"","divider-section-archive-typo-post-meta":"","font-family-post-meta":"inherit","font-weight-post-meta":"inherit","text-transform-post-meta":"","font-size-post-meta":{"desktop":"","tablet":"","mobile":"","desktop-unit":"px","tablet-unit":"px","mobile-unit":"px"},"line-height-post-meta":"","divider-section-archive-typo-pagination":"","text-transform-post-pagination":"","font-size-post-pagination":{"desktop":"","tablet":"","mobile":"","desktop-unit":"px","tablet-unit":"px","mobile-unit":"px"},"font-family-button":"inherit","font-weight-button":"500","text-transform-button":"uppercase","font-size-button":{"desktop":"14","tablet":"","mobile":"","desktop-unit":"px","tablet-unit":"px","mobile-unit":"px"},"font-family-h1":"inherit","font-weight-h1":"inherit","text-transform-h1":"","line-height-h1":"","font-family-h2":"inherit","font-weight-h2":"inherit","text-transform-h2":"","line-height-h2":"","font-family-h3":"'Montserrat', sans-serif","font-weight-h3":"normal","text-transform-h3":"","line-height-h3":"","font-family-h4":"inherit","font-weight-h4":"normal","text-transform-h4":"","line-height-h4":"","font-family-h5":"'Montserrat', sans-serif","font-weight-h5":"normal","text-transform-h5":"","line-height-h5":"","font-family-h6":"'Montserrat', sans-serif","font-weight-h6":"normal","text-transform-h6":"","line-height-h6":"","font-family-footer-content":"inherit","font-weight-footer-content":"700","text-transform-footer-content":"uppercase","font-size-footer-content":{"desktop":"11","tablet":"","mobile":"","desktop-unit":"px","tablet-unit":"px","mobile-unit":"px"},"line-height-footer-content":"1.5","font-family-site-title":"inherit","font-weight-site-title":"inherit","text-transform-site-title":"","line-height-site-title":"","font-family-site-tagline":"inherit","font-weight-site-tagline":"inherit","text-transform-site-tagline":"","line-height-site-tagline":"","divider-section-primary-menu-typo-main":"","font-family-primary-menu":"inherit","font-weight-primary-menu":"inherit","text-transform-primary-menu":"uppercase","font-size-primary-menu":"","line-height-primary-menu":"","divider-section-primary-menu-typo-dropdown":"","font-family-primary-dropdown-menu":"inherit","font-weight-primary-dropdown-menu":"inherit","text-transform-primary-dropdown-menu":"","font-size-primary-dropdown-menu":{"desktop":"","tablet":"","mobile":"","desktop-unit":"px","tablet-unit":"px","mobile-unit":"px"},"line-height-primary-dropdown-menu":"","divider-section-outside-menu-typo-dropdown":"","outside-menu-font-size":{"desktop":"","tablet":"","mobile":"","desktop-unit":"px","tablet-unit":"px","mobile-unit":"px"},"outside-menu-line-height":"","divider-section-sidebar-typo-title":"","font-family-widget-title":"inherit","font-weight-widget-title":"inherit","text-transform-widget-title":"","font-size-widget-title":{"desktop":"","tablet":"","mobile":"","desktop-unit":"px","tablet-unit":"px","mobile-unit":"px"},"line-height-widget-title":"","divider-section-sidebar-typo-content":"","font-family-widget-content":"inherit","font-weight-widget-content":"inherit","text-transform-widget-content":"","font-size-widget-content":{"desktop":"","tablet":"","mobile":"","desktop-unit":"px","tablet-unit":"px","mobile-unit":"px"},"line-height-widget-content":"","font-family-entry-title":"inherit","font-weight-entry-title":"inherit","text-transform-entry-title":"","line-height-entry-title":"","header-main-rt-section-search-box-type":"slide-search","above-header-section-1-search-box-type":"slide-search","above-header-section-2-search-box-type":"slide-search","below-header-section-1-search-box-type":"slide-search","below-header-section-2-search-box-type":"slide-search","header-custom-layout-above-header":"","header-custom-layout-below-header":"","header-custom-layout-header":"","header-custom-layout-sticky-header":"","header-custom-layout-transparent-header":"","header-custom-color-above-header":"","header-custom-color-primary-header":"","header-custom-color-below-header":"","header-custom-color-transparent-header":"","header-custom-typo-above-header":"","header-custom-typo-primary-header":"","header-custom-typo-below-header":"","header-custom-title_tagline":"","header-color-transparent-above-header-notice":"","header-color-transparent-header-notice":"","header-color-transparent-below-header-notice":"","shop-quick-view-stick-cart":true,"_astra_pb_compatibility_completed":true,"is_theme_queue_running":false,"submenu-open-below-header":false,"is_addon_queue_running":true,"heading-base-color":"#000000","theme-btn-line-height":"1","theme-button-padding":{"desktop":{"top":"15","right":"40","bottom":"15","left":"40"},"tablet":{"top":"","right":"","bottom":"","left":""},"mobile":{"top":"","right":"","bottom":"","left":""},"desktop-unit":"px","tablet-unit":"px","mobile-unit":"px"}},"custom-css":""},"astra-site-options-data":{"woocommerce_product_attributes":[],"woocommerce_product_cat_list":[],"woocommerce_product_cat":[],"custom_logo":"https:\/\/websitedemos.net\/architects-04\/wp-content\/uploads\/sites\/403\/2018\/07\/logo-regular-free-img.png","nav_menu_locations":{"primary":"primary-menu"},"show_on_front":"page","page_on_front":"Home","page_for_posts":"","_fl_builder_enabled_icons":null,"_fl_builder_enabled_modules":null,"_fl_builder_post_types":null,"_fl_builder_color_presets":null,"_fl_builder_services":null,"_fl_builder_settings":null,"_fl_builder_user_access":null,"_fl_builder_enabled_templates":null,"elementor_container_width":"1200","elementor_cpt_support":["post","page"],"elementor_css_print_method":"external","elementor_default_generic_fonts":"Sans-serif","elementor_disable_color_schemes":"yes","elementor_disable_typography_schemes":"yes","elementor_editor_break_lines":"","elementor_exclude_user_roles":null,"elementor_global_image_lightbox":"yes","elementor_page_title_selector":"","elementor_scheme_color":{"1":"#6ec1e4","2":"#54595f","3":"#7a7a7a","4":"#61ce70"},"elementor_scheme_color-picker]":{"1":"#6ec1e4","2":"#54595f","3":"#7a7a7a","4":"#61ce70","5":"#4054b2","6":"#23a455","7":"#000","8":"#fff","9":"#DA2128"},"elementor_scheme_typography":{"1":{"font_family":"Roboto","font_weight":"600"},"2":{"font_family":"Roboto Slab","font_weight":"400"},"3":{"font_family":"Roboto","font_weight":"400"},"4":{"font_family":"Roboto","font_weight":"500"}},"elementor_space_between_widgets":"","elementor_stretched_section_container":"","elementor_load_fa4_shim":"yes","woocommerce_shop_page_title":"","woocommerce_cart_page_title":"","woocommerce_checkout_page_title":"","woocommerce_myaccount_page_title":"","woocommerce_edit_address_page_title":"","woocommerce_view_order_page_title":"","woocommerce_change_password_page_title":"","woocommerce_logout_page_title":"","woocommerce_enable_guest_checkout":null,"woocommerce_enable_checkout_login_reminder":null,"woocommerce_enable_signup_and_login_from_checkout":null,"woocommerce_enable_myaccount_registration":null,"woocommerce_registration_generate_username":null,"wpforms_settings":{"disable-css":"2","global-assets":false,"gdpr":false},"learndash_settings_theme_ld30":null,"learndash_settings_courses_themes":null},"astra-site-wxr-path":"https:\/\/websitedemos.net\/wp-content\/uploads\/astra-sites\/403\/wxr.xml","astra-enabled-extensions":{"advanced-hooks":"","blog-pro":"","colors-and-background":"","advanced-footer":"","mobile-header":"","header-sections":"","lifterlms":"","learndash":"","advanced-headers":"","site-layouts":"","spacing":"","sticky-header":"","scroll-to-top":"","transparent-header":"","typography":"","woocommerce":"","edd":"","nav-menu":"","all":""},"astra-custom-404":"","featured-image-url":"https:\/\/websitedemos.net\/wp-content\/uploads\/2019\/03\/id-20755-architecture-firm-resize.jpg","astra-woocommerce-csv-path":"","astra-post-data-mapping":{"astra-advanced-hook":[],"astra_adv_header":[]},"astra-site-wpforms-path":"https:\/\/websitedemos.net\/wp-content\/uploads\/astra-sites\/403\/wpforms.json","astra-site-cartflows-path":"","astra-site-taxonomy-mapping":"","astra-site-parent-id":1118,"license-status":"valid","request_time":0.12403702735901,"_links":{"self":[{"href":"https:\/\/websitedemos.net\/wp-json\/wp\/v2\/astra-sites\/38673"}],"collection":[{"href":"https:\/\/websitedemos.net\/wp-json\/wp\/v2\/astra-sites"}],"about":[{"href":"https:\/\/websitedemos.net\/wp-json\/wp\/v2\/types\/astra-sites"}],"version-history":[{"count":1,"href":"https:\/\/websitedemos.net\/wp-json\/wp\/v2\/astra-sites\/38673\/revisions"}],"predecessor-version":[{"id":38699,"href":"https:\/\/websitedemos.net\/wp-json\/wp\/v2\/astra-sites\/38673\/revisions\/38699"}],"wp:featuredmedia":[{"embeddable":true,"href":"https:\/\/websitedemos.net\/wp-json\/wp\/v2\/media\/31476"}],"wp:attachment":[{"href":"https:\/\/websitedemos.net\/wp-json\/wp\/v2\/media?parent=38673"}],"wp:term":[{"taxonomy":"astra-site-category","embeddable":true,"href":"https:\/\/websitedemos.net\/wp-json\/wp\/v2\/astra-site-category?post=38673"},{"taxonomy":"astra-sites-type","embeddable":true,"href":"https:\/\/websitedemos.net\/wp-json\/wp\/v2\/astra-sites-type?post=38673"},{"taxonomy":"astra-site-page-builder","embeddable":true,"href":"https:\/\/websitedemos.net\/wp-json\/wp\/v2\/astra-site-page-builder?post=38673"},{"taxonomy":"astra-sites-tag","embeddable":true,"href":"https:\/\/websitedemos.net\/wp-json\/wp\/v2\/astra-sites-tag?post=38673"}],"curies":[{"name":"wp","href":"https:\/\/api.w.org\/{rel}","templated":true}]}}