{"id":38710,"date":"2020-01-15T17:17:05","date_gmt":"2020-01-15T11:47:05","guid":{"rendered":"https:\/\/websitedemos.net\/?post_type=astra-sites&#038;p=38710"},"modified":"2020-01-20T16:25:45","modified_gmt":"2020-01-20T10:55:45","slug":"life-coach","status":"publish","type":"astra-sites","link":"https:\/\/websitedemos.net\/astra-site\/life-coach\/","title":{"rendered":"Life Guide"},"content":{"rendered":"","protected":false},"author":0,"featured_media":30817,"template":"","astra-site-category":[27],"astra-sites-type":[40],"astra-site-page-builder":[34],"astra-sites-tag":[610,608,612,609,611],"astra-site-type":"premium","astra-site-thumbnail":"https:\/\/websitedemos.net\/wp-content\/uploads\/2019\/07\/id-24696-life-coach-home-resize.jpg","required-plugins":[{"slug":"astra-addon","init":"astra-addon\/astra-addon.php","name":"Astra Pro"},{"slug":"beaver-builder-lite-version","init":"beaver-builder-lite-version\/fl-builder.php","name":"Beaver Builder Plugin (Lite Version)"},{"slug":"bb-ultimate-addon","init":"bb-ultimate-addon\/bb-ultimate-addon.php","name":"Ultimate Addons for Beaver Builder"}],"astra-site-url":"\/\/websitedemos.net\/life-coach-03","astra-site-open-in-new-tab":"0","astra-site-widgets-data":"{\"sidebar-1\":{\"search-2\":{\"title\":\"\"},\"recent-posts-2\":{\"title\":\"\",\"number\":5},\"recent-comments-2\":{\"title\":\"\",\"number\":5},\"archives-2\":{\"title\":\"\",\"count\":0,\"dropdown\":0},\"categories-2\":{\"title\":\"\",\"count\":0,\"hierarchical\":0,\"dropdown\":0},\"meta-2\":{\"title\":\"\"}}}","astra-site-customizer-data":{"astra-settings":{"astra-addon-auto-version":"2.2.4","footer-adv":"layout-3","footer-adv-area-padding":{"desktop":{"top":50,"right":"","bottom":50,"left":""},"tablet":{"top":"","right":"","bottom":"","left":""},"mobile":{"top":"","right":"","bottom":"","left":""},"desktop-unit":"px","tablet-unit":"px","mobile-unit":"px"},"display-site-title":false,"site-sidebar-layout":"no-sidebar","single-page-sidebar-layout":"default","site-content-layout":"boxed-container","link-color":"#d6b981","text-color":"#6a6a6a","body-font-family":"'Muli', sans-serif","body-font-weight":"400","button-color":"#ffffff","button-h-color":"#ffffff","button-bg-color":"#d6b981","button-bg-h-color":"#be9d5b","button-radius":0,"headings-font-family":"'Muli', sans-serif","headings-font-weight":"400","font-size-h4":{"desktop":"20","tablet":"","mobile":"","desktop-unit":"px","tablet-unit":"px","mobile-unit":"px"},"font-family-h4":"'Muli', sans-serif","font-weight-h4":"700","h4-color":"#000000","header-layouts":"header-main-layout-1","header-main-layout-width":"full","primary-menu-color":"#f8f9f6","font-size-h3":{"desktop":"40","tablet":"40","mobile":"28","desktop-unit":"px","tablet-unit":"px","mobile-unit":"px"},"font-family-h3":"'Unna', serif","font-weight-h3":"400","line-height-h3":"1.58","h2-color":"#000000","h3-color":"#000000","font-size-h1":{"desktop":"80","tablet":"60","mobile":"45","desktop-unit":"px","tablet-unit":"px","mobile-unit":"px"},"font-size-h2":{"desktop":"90","tablet":"72","mobile":"68","desktop-unit":"px","tablet-unit":"px","mobile-unit":"px"},"font-family-h2":"'Sacramento', handwriting","font-weight-h2":"400","theme-auto-version":"2.2.1","single-page-content-layout":"default","single-post-content-layout":"default","archive-post-content-layout":"default","footer-sml-divider":"4","footer-sml-divider-color":"#fff","single-post-sidebar-layout":"default","archive-post-sidebar-layout":"default","footer-sml-layout":"disabled","scroll-to-top-icon-size":17,"scroll-to-top-icon-radius":60,"scroll-to-top-icon-color":"#ffffff","scroll-to-top-icon-bg-color":"#d6b981","scroll-to-top-icon-h-color":"#ffffff","scroll-to-top-icon-h-bg-color":"#d6a137","blog-post-content":"full-content","blog-post-structure":["image","title-meta"],"blog-width":"default","blog-meta":["comments","category"],"transparent-header-logo":"","ast-header-logo-width":"","header-main-stick":false,"ast-header-retina-logo":"https:\/\/websitedemos.net\/life-coach-03\/wp-content\/uploads\/sites\/99\/2017\/11\/logo12@2x-free-img.png","header-main-menu-align":"inline","header-bg-color":"#212121","woocommerce-content-layout":"default","woocommerce-sidebar-layout":"default","shop-grids":{"desktop":3,"tablet":2,"mobile":1},"shop-no-of-products":"9","transparent-header-retina-logo":"","transparent-header-enable":false,"transparent-header-disable-archive":false,"above-header-merge-menu":true,"below-header-merge-menu":true,"ast-header-responsive-logo-width":{"desktop":"","tablet":"","mobile":""},"shop-archive-width":"default","theme-color":"#d6b981","header-bg-obj":{"background-color":"#212121","background-image":"","background-repeat":"repeat","background-position":"center center","background-size":"auto","background-attachment":"scroll"},"content-bg-obj":{"background-color":"#ffffff","background-image":"","background-repeat":"repeat","background-position":"center center","background-size":"auto","background-attachment":"scroll"},"footer-adv-bg-obj":{"background-color":"","background-image":"","background-repeat":"no-repeat","background-position":"center center","background-size":"cover","background-attachment":"scroll"},"footer-bg-obj":{"background-color":"","background-image":"","background-repeat":"repeat","background-position":"center center","background-size":"auto","background-attachment":"scroll"},"site-layout-outside-bg-obj":{"background-color":"","background-image":"","background-repeat":"repeat","background-position":"center center","background-size":"auto","background-attachment":"scroll"},"sidebar-bg-obj":{"background-color":"","background-image":"","background-repeat":"repeat","background-position":"center center","background-size":"auto","background-attachment":"scroll"},"header-bg-obj-responsive":{"desktop":{"background-color":"#212121","background-image":"","background-repeat":"repeat","background-position":"center center","background-size":"auto","background-attachment":"scroll"},"tablet":{"background-color":"","background-image":"","background-repeat":"no-repeat","background-position":"center center","background-size":"cover","background-attachment":"scroll"},"mobile":{"background-color":"","background-image":"","background-repeat":"no-repeat","background-position":"center center","background-size":"cover","background-attachment":"scroll"}},"above-header-bg-obj-responsive":{"desktop":{"background-color":"","background-image":"","background-repeat":"no-repeat","background-position":"center center","background-size":"cover","background-attachment":"scroll"},"tablet":{"background-color":"","background-image":"","background-repeat":"no-repeat","background-position":"center center","background-size":"cover","background-attachment":"scroll"},"mobile":{"background-color":"","background-image":"","background-repeat":"no-repeat","background-position":"center center","background-size":"cover","background-attachment":"scroll"}},"below-header-bg-obj-responsive":{"desktop":{"background-color":"#414042","background-image":"","background-repeat":"no-repeat","background-position":"center center","background-size":"cover","background-attachment":"scroll"},"tablet":{"background-color":"","background-image":"","background-repeat":"no-repeat","background-position":"center center","background-size":"cover","background-attachment":"scroll"},"mobile":{"background-color":"","background-image":"","background-repeat":"no-repeat","background-position":"center center","background-size":"cover","background-attachment":"scroll"}},"primary-menu-bg-color-responsive":{"desktop":"","tablet":"","mobile":""},"primary-menu-color-responsive":{"desktop":"#f8f9f6","tablet":"","mobile":""},"primary-menu-h-bg-color-responsive":{"desktop":"","tablet":"","mobile":""},"primary-menu-h-color-responsive":{"desktop":"","tablet":"","mobile":""},"primary-menu-a-bg-color-responsive":{"desktop":"","tablet":"","mobile":""},"primary-menu-a-color-responsive":{"desktop":"","tablet":"","mobile":""},"primary-submenu-bg-color-responsive":{"desktop":"","tablet":"","mobile":""},"primary-submenu-color-responsive":{"desktop":"","tablet":"","mobile":""},"primary-submenu-h-bg-color-responsive":{"desktop":"","tablet":"","mobile":""},"primary-submenu-h-color-responsive":{"desktop":"","tablet":"","mobile":""},"primary-submenu-a-bg-color-responsive":{"desktop":"","tablet":"","mobile":""},"primary-submenu-a-color-responsive":{"desktop":"","tablet":"","mobile":""},"above-header-text-color-responsive":{"desktop":"","tablet":"","mobile":""},"above-header-link-color-responsive":{"desktop":"","tablet":"","mobile":""},"above-header-link-h-color-responsive":{"desktop":"","tablet":"","mobile":""},"above-header-menu-bg-color":{"desktop":"","tablet":"","mobile":""},"above-header-menu-color-responsive":{"desktop":"","tablet":"","mobile":""},"above-header-menu-h-color-responsive":{"desktop":"","tablet":"","mobile":""},"above-header-menu-h-bg-color-responsive":{"desktop":"","tablet":"","mobile":""},"above-header-menu-active-color-responsive":{"desktop":"","tablet":"","mobile":""},"above-header-menu-active-bg-color-responsive":{"desktop":"","tablet":"","mobile":""},"above-header-submenu-text-color-responsive":{"desktop":"","tablet":"","mobile":""},"above-header-submenu-bg-color-responsive":{"desktop":"","tablet":"","mobile":""},"above-header-submenu-hover-color-responsive":{"desktop":"","tablet":"","mobile":""},"above-header-submenu-bg-hover-color-responsive":{"desktop":"","tablet":"","mobile":""},"above-header-submenu-active-color-responsive":{"desktop":"","tablet":"","mobile":""},"above-header-submenu-active-bg-color-responsive":{"desktop":"","tablet":"","mobile":""},"below-header-text-color-responsive":{"desktop":"#ffffff","tablet":"","mobile":""},"below-header-link-hover-color-responsive":{"desktop":"#ffffff","tablet":"","mobile":""},"below-header-link-color-responsive":{"desktop":"#ffffff","tablet":"","mobile":""},"below-header-menu-text-color-responsive":{"desktop":"#ffffff","tablet":"","mobile":""},"below-header-menu-text-hover-color-responsive":{"desktop":"#ffffff","tablet":"","mobile":""},"below-header-menu-bg-hover-color-responsive":{"desktop":"#575757","tablet":"","mobile":""},"below-header-current-menu-text-color-responsive":{"desktop":"#ffffff","tablet":"","mobile":""},"below-header-current-menu-bg-color-responsive":{"desktop":"#575757","tablet":"","mobile":""},"below-header-submenu-text-color-responsive":{"desktop":"","tablet":"","mobile":""},"below-header-submenu-bg-color-responsive":{"desktop":"","tablet":"","mobile":""},"below-header-submenu-hover-color-responsive":{"desktop":"","tablet":"","mobile":""},"below-header-submenu-bg-hover-color-responsive":{"desktop":"","tablet":"","mobile":""},"below-header-submenu-active-color-responsive":{"desktop":"","tablet":"","mobile":""},"below-header-submenu-active-bg-color-responsive":{"desktop":"","tablet":"","mobile":""},"different-transparent-logo":false,"above-header-menu-align":"inline","below-header-menu-align":"inline","primary-menu-bg-obj-responsive":{"desktop":{"background-color":"","background-image":"","background-repeat":"no-repeat","background-position":"center center","background-size":"cover","background-attachment":"scroll"},"tablet":{"background-color":"","background-image":"","background-repeat":"no-repeat","background-position":"center center","background-size":"cover","background-attachment":"scroll"},"mobile":{"background-color":"","background-image":"","background-repeat":"no-repeat","background-position":"center center","background-size":"cover","background-attachment":"scroll"}},"above-header-menu-bg-obj-responsive":{"desktop":{"background-color":"","background-image":"","background-repeat":"no-repeat","background-position":"center center","background-size":"cover","background-attachment":"scroll"},"tablet":{"background-color":"","background-image":"","background-repeat":"no-repeat","background-position":"center center","background-size":"cover","background-attachment":"scroll"},"mobile":{"background-color":"","background-image":"","background-repeat":"no-repeat","background-position":"center center","background-size":"cover","background-attachment":"scroll"}},"mobile-above-header-toggle-btn-style":"fill","mobile-below-header-toggle-btn-style":"fill","sticky-header-color-site-title-responsive":{"desktop":"","tablet":"","mobile":""},"sticky-header-color-site-tagline-responsive":{"desktop":"","tablet":"","mobile":""},"sticky-header-color-h-site-title-responsive":{"desktop":"","tablet":"","mobile":""},"sticky-header-bg-color-responsive":{"desktop":"rgba(33,33,33,1)","tablet":"","mobile":""},"sticky-header-menu-bg-color-responsive":{"desktop":"","tablet":"","mobile":""},"sticky-header-menu-color-responsive":{"desktop":"#f8f9f6","tablet":"","mobile":""},"sticky-header-menu-h-color-responsive":{"desktop":"","tablet":"","mobile":""},"sticky-header-menu-h-a-bg-color-responsive":{"desktop":"","tablet":"","mobile":""},"sticky-header-submenu-bg-color-responsive":{"desktop":"","tablet":"","mobile":""},"sticky-header-submenu-color-responsive":{"desktop":"","tablet":"","mobile":""},"sticky-header-submenu-h-color-responsive":{"desktop":"","tablet":"","mobile":""},"sticky-header-submenu-h-a-bg-color-responsive":{"desktop":"","tablet":"","mobile":""},"sticky-below-header-bg-color-responsive":{"desktop":"rgba(65,64,66,1)","tablet":"","mobile":""},"sticky-below-header-menu-bg-color-responsive":{"desktop":"","tablet":"","mobile":""},"sticky-below-header-menu-color-responsive":{"desktop":"#ffffff","tablet":"","mobile":""},"sticky-below-header-menu-h-color-responsive":{"desktop":"#ffffff","tablet":"","mobile":""},"sticky-below-header-menu-h-a-bg-color-responsive":{"desktop":"#575757","tablet":"","mobile":""},"sticky-below-header-submenu-bg-color-responsive":{"desktop":"","tablet":"","mobile":""},"sticky-below-header-submenu-color-responsive":{"desktop":"","tablet":"","mobile":""},"sticky-below-header-submenu-h-color-responsive":{"desktop":"","tablet":"","mobile":""},"sticky-below-header-submenu-h-a-bg-color-responsive":{"desktop":"","tablet":"","mobile":""},"sticky-above-header-bg-color-responsive":{"desktop":"rgba(255,255,255,1)","tablet":"","mobile":""},"sticky-above-header-menu-bg-color-responsive":{"desktop":"","tablet":"","mobile":""},"sticky-above-header-menu-color-responsive":{"desktop":"","tablet":"","mobile":""},"sticky-above-header-menu-h-color-responsive":{"desktop":"","tablet":"","mobile":""},"sticky-above-header-menu-h-a-bg-color-responsive":{"desktop":"","tablet":"","mobile":""},"sticky-above-header-submenu-bg-color-responsive":{"desktop":"","tablet":"","mobile":""},"sticky-above-header-submenu-color-responsive":{"desktop":"","tablet":"","mobile":""},"sticky-above-header-submenu-h-color-responsive":{"desktop":"","tablet":"","mobile":""},"sticky-above-header-submenu-h-a-bg-color-responsive":{"desktop":"","tablet":"","mobile":""},"transparent-header-bg-color-responsive":{"desktop":"","tablet":"","mobile":""},"transparent-header-color-site-title-responsive":{"desktop":"","tablet":"","mobile":""},"transparent-header-color-h-site-title-responsive":{"desktop":"","tablet":"","mobile":""},"transparent-menu-bg-color-responsive":{"desktop":"","tablet":"","mobile":""},"transparent-menu-color-responsive":{"desktop":"#ffffff","tablet":"","mobile":""},"transparent-menu-h-color-responsive":{"desktop":"#d6b981","tablet":"","mobile":""},"different-sticky-retina-logo":false,"different-transparent-retina-logo":"1","mobile-header-toggle-btn-style":"fill","hide-custom-menu-mobile":0,"different-retina-logo":"1","include-headings-in-typography":true,"above-header-submenu-border":{"top":"1","bottom":"1","left":"1","right":"1"},"above-header-submenu-item-border":1,"below-header-submenu-border":{"top":"1","bottom":"1","left":"1","right":"1"},"below-header-submenu-item-border":1,"above-nav-menu-pointer-effect":"none","below-nav-menu-pointer-effect":"none","above-header-submenu-border-color":"#eaeaea","below-header-submenu-container-animation":"","above-header-submenu-container-animation":"","primary-submenu-border":{"top":"1","bottom":"1","left":"1","right":"1"},"primary-submenu-item-border":1,"nav-menu-pointer-effect":"none","submenu-below-header":false,"primary-submenu-b-color":"#eaeaea","header-main-submenu-container-animation":"","above-header-submenu-item-b-color":"#eaeaea","primary-submenu-item-b-color":"#eaeaea","body-font-variant":"400","headings-font-variant":"400","font-size-page-title":{"desktop":"30","tablet":"","mobile":"","desktop-unit":"px","tablet-unit":"px","mobile-unit":"px"},"logo-title-inline":0,"wc-header-cart-header-colors":false,"shop-quick-view-stick-cart":true,"blog-single-post-structure":["single-image"],"_astra_pb_compatibility_completed":true,"is_theme_queue_running":false,"submenu-open-below-header":false,"is_addon_queue_running":false,"theme-button-padding":{"desktop":{"top":"12","right":"40","bottom":"12","left":"40"},"tablet":{"top":"","right":"","bottom":"","left":""},"mobile":{"top":"","right":"","bottom":"","left":""},"desktop-unit":"px","tablet-unit":"px","mobile-unit":"px"},"heading-base-color":"#000000","text-transform-h1":"capitalize","font-family-h1":"'Poppins', sans-serif","font-weight-h1":"800","line-height-h1":"1.05","theme-btn-line-height":"1.5"},"custom-css":""},"astra-site-options-data":{"woocommerce_product_attributes":[],"woocommerce_product_cat_list":[],"woocommerce_product_cat":[],"custom_logo":"https:\/\/websitedemos.net\/life-coach-03\/wp-content\/uploads\/sites\/99\/2017\/11\/logo12-free-img.png","nav_menu_locations":{"primary":"primary-menu"},"show_on_front":"page","page_on_front":"Home","page_for_posts":"","_fl_builder_enabled_icons":["font-awesome","foundation-icons","dashicons","ultimate-icons"],"_fl_builder_enabled_modules":null,"_fl_builder_post_types":null,"_fl_builder_color_presets":["f8f9f6","d6b981","212121","eacda3","d6ae7b"],"_fl_builder_services":null,"_fl_builder_settings":{"show_default_heading":"0","default_heading_selector":".fl-post-header","row_margins":"0","row_margins_medium":"","row_margins_responsive":"","row_padding":"20","row_padding_medium":"","row_padding_responsive":"","row_width":"1200","row_width_default":"fixed","row_content_width_default":"fixed","module_margins":"20","module_margins_medium":"","module_margins_responsive":"","responsive_enabled":"1","auto_spacing":"1","medium_breakpoint":"992","responsive_breakpoint":"768","css":"","js":""},"_fl_builder_user_access":null,"_fl_builder_enabled_templates":null,"elementor_container_width":null,"elementor_cpt_support":null,"elementor_css_print_method":null,"elementor_default_generic_fonts":null,"elementor_disable_color_schemes":null,"elementor_disable_typography_schemes":null,"elementor_editor_break_lines":null,"elementor_exclude_user_roles":null,"elementor_global_image_lightbox":null,"elementor_page_title_selector":null,"elementor_scheme_color":null,"elementor_scheme_color-picker]":null,"elementor_scheme_typography":null,"elementor_space_between_widgets":null,"elementor_stretched_section_container":null,"elementor_load_fa4_shim":null,"woocommerce_shop_page_title":"","woocommerce_cart_page_title":"","woocommerce_checkout_page_title":"","woocommerce_myaccount_page_title":"","woocommerce_edit_address_page_title":"","woocommerce_view_order_page_title":"","woocommerce_change_password_page_title":"","woocommerce_logout_page_title":"","woocommerce_enable_guest_checkout":null,"woocommerce_enable_checkout_login_reminder":null,"woocommerce_enable_signup_and_login_from_checkout":null,"woocommerce_enable_myaccount_registration":null,"woocommerce_registration_generate_username":null,"wpforms_settings":null,"learndash_settings_theme_ld30":null,"learndash_settings_courses_themes":null},"astra-site-wxr-path":"https:\/\/websitedemos.net\/wp-content\/uploads\/astra-sites\/99\/wxr.xml","astra-enabled-extensions":{"advanced-hooks":"advanced-hooks","colors-and-background":"","advanced-footer":"","header-sections":"","advanced-headers":"","sticky-header":"","scroll-to-top":"","transparent-header":"transparent-header","typography":"","all":"all","blog-pro":"","site-layouts":"","woocommerce":"","lifterlms":"","learndash":"","spacing":"","mobile-header":"","edd":"","nav-menu":""},"astra-custom-404":"","featured-image-url":"https:\/\/websitedemos.net\/wp-content\/uploads\/2019\/07\/id-24696-life-coach-home-resize.jpg","astra-woocommerce-csv-path":"","astra-post-data-mapping":{"astra-advanced-hook":[{"post_id":113,"post_title":"Footer","mapping":{"ast-advanced-hook-location":{"rule":["basic-global"],"specific":[]}}}],"astra_adv_header":[]},"astra-site-wpforms-path":"https:\/\/websitedemos.net\/wp-content\/uploads\/astra-sites\/99\/wpforms.json","astra-site-cartflows-path":"","astra-site-taxonomy-mapping":"","astra-site-parent-id":1121,"license-status":"valid","request_time":0.12052202224731,"_links":{"self":[{"href":"https:\/\/websitedemos.net\/wp-json\/wp\/v2\/astra-sites\/38710"}],"collection":[{"href":"https:\/\/websitedemos.net\/wp-json\/wp\/v2\/astra-sites"}],"about":[{"href":"https:\/\/websitedemos.net\/wp-json\/wp\/v2\/types\/astra-sites"}],"version-history":[{"count":2,"href":"https:\/\/websitedemos.net\/wp-json\/wp\/v2\/astra-sites\/38710\/revisions"}],"predecessor-version":[{"id":38822,"href":"https:\/\/websitedemos.net\/wp-json\/wp\/v2\/astra-sites\/38710\/revisions\/38822"}],"wp:featuredmedia":[{"embeddable":true,"href":"https:\/\/websitedemos.net\/wp-json\/wp\/v2\/media\/30817"}],"wp:attachment":[{"href":"https:\/\/websitedemos.net\/wp-json\/wp\/v2\/media?parent=38710"}],"wp:term":[{"taxonomy":"astra-site-category","embeddable":true,"href":"https:\/\/websitedemos.net\/wp-json\/wp\/v2\/astra-site-category?post=38710"},{"taxonomy":"astra-sites-type","embeddable":true,"href":"https:\/\/websitedemos.net\/wp-json\/wp\/v2\/astra-sites-type?post=38710"},{"taxonomy":"astra-site-page-builder","embeddable":true,"href":"https:\/\/websitedemos.net\/wp-json\/wp\/v2\/astra-site-page-builder?post=38710"},{"taxonomy":"astra-sites-tag","embeddable":true,"href":"https:\/\/websitedemos.net\/wp-json\/wp\/v2\/astra-sites-tag?post=38710"}],"curies":[{"name":"wp","href":"https:\/\/api.w.org\/{rel}","templated":true}]}}