{"id":38787,"date":"2020-01-15T17:51:30","date_gmt":"2020-01-15T12:21:30","guid":{"rendered":"https:\/\/websitedemos.net\/?post_type=astra-sites&#038;p=38787"},"modified":"2020-01-20T17:12:56","modified_gmt":"2020-01-20T11:42:56","slug":"law-firm","status":"publish","type":"astra-sites","link":"https:\/\/websitedemos.net\/astra-site\/law-firm\/","title":{"rendered":"Law Firm"},"content":{"rendered":"","protected":false},"author":0,"featured_media":32020,"template":"","astra-site-category":[27],"astra-sites-type":[40],"astra-site-page-builder":[33],"astra-sites-tag":[704,701,703,702,998,706,778,917],"astra-site-type":"premium","astra-site-thumbnail":"https:\/\/websitedemos.net\/wp-content\/uploads\/2019\/09\/law-home.jpg","required-plugins":[{"slug":"elementor","init":"elementor\/elementor.php","name":"Elementor"},{"slug":"header-footer-elementor","init":"header-footer-elementor\/header-footer-elementor.php","name":"Elementor - Header, Footer & Blocks"},{"slug":"ultimate-elementor","init":"ultimate-elementor\/ultimate-elementor.php","name":"Ultimate Addons for Elementor"},{"slug":"wpforms-lite","init":"wpforms-lite\/wpforms.php","name":"WPForms Lite"}],"astra-site-url":"\/\/websitedemos.net\/law-firm-04","astra-site-open-in-new-tab":"0","astra-site-widgets-data":"{\"sidebar-1\":{\"search-2\":{\"title\":\"\"},\"recent-posts-2\":{\"title\":\"\",\"number\":5},\"recent-comments-2\":{\"title\":\"\",\"number\":5},\"archives-2\":{\"title\":\"\",\"count\":0,\"dropdown\":0},\"categories-2\":{\"title\":\"\",\"count\":0,\"hierarchical\":0,\"dropdown\":0},\"meta-2\":{\"title\":\"\"}}}","astra-site-customizer-data":{"astra-settings":{"astra-addon-auto-version":"2.2.2","theme-auto-version":"2.2.1","_astra_pb_compatibility_completed":true,"body-font-family":"'Raleway', sans-serif","body-font-weight":"600","headings-font-family":"'Playfair Display', serif","headings-font-weight":"700","font-size-h1":{"desktop":"70","tablet":"60","mobile":"40","desktop-unit":"px","tablet-unit":"px","mobile-unit":"px"},"font-size-h2":{"desktop":"50","tablet":"40","mobile":"35","desktop-unit":"px","tablet-unit":"px","mobile-unit":"px"},"font-size-h3":{"desktop":"32","tablet":"30","mobile":"30","desktop-unit":"px","tablet-unit":"px","mobile-unit":"px"},"font-size-h4":{"desktop":"27","tablet":"25","mobile":"25","desktop-unit":"px","tablet-unit":"px","mobile-unit":"px"},"font-size-h5":{"desktop":"22","tablet":"20","mobile":"20","desktop-unit":"px","tablet-unit":"px","mobile-unit":"px"},"font-size-h6":{"desktop":"17","tablet":"","mobile":"","desktop-unit":"px","tablet-unit":"px","mobile-unit":"px"},"text-color":"#000000","link-h-color":"#000000","theme-color":"#e3b969","link-color":"#e3b969","site-layout-outside-bg-obj":{"background-color":"#f9f7f3","background-image":"","background-repeat":"repeat","background-position":"center center","background-size":"auto","background-attachment":"scroll"},"site-content-width":1140,"button-color":"#e3b96a","button-bg-color":"rgba(227,185,106,0)","button-v-padding":15,"button-radius":0,"different-retina-logo":true,"ast-header-retina-logo":"https:\/\/websitedemos.net\/alex50\/wp-content\/uploads\/sites\/491\/2019\/09\/logo-retina-free-img.png","display-site-title":false,"logo-title-inline":true,"header-main-sep":0,"header-main-rt-section":"button","header-main-menu-align":"inline","header-main-rt-section-button-text":"Free Evaluation","hide-custom-menu-mobile":false,"header-main-rt-section-button-link":"#","mobile-header-toggle-btn-style":"minimal","mobile-header-toggle-btn-border-radius":5,"transparent-menu-color-responsive":{"desktop":"rgba(255,255,255,0.6)","tablet":"rgba(0,0,0,0.5)","mobile":""},"transparent-menu-h-color-responsive":{"desktop":"#ffffff","tablet":"#000000","mobile":""},"footer-sml-layout":"footer-sml-layout-2","footer-sml-section-1-credit":"Copyright \u00a9 [current_year] [site_title]","footer-sml-section-2":"menu","footer-sml-divider":0,"footer-color":"rgba(255,255,255,0.6)","footer-bg-obj":{"background-color":"#000000","background-image":"","background-repeat":"repeat","background-position":"center center","background-size":"auto","background-attachment":"scroll"},"footer-link-color":"rgba(255,255,255,0.6)","footer-link-h-color":"#e3b96a","body-line-height":"","para-margin-bottom":"0.1","ast-header-responsive-logo-width":{"desktop":"180","tablet":"","mobile":"160"},"button-h-color":"#000000","button-bg-h-color":"#e3b96a","header-main-rt-section-button-style":"theme-button","header-main-rt-section-button-text-color":"#ffffff","header-main-rt-section-button-text-h-color":"#000000","header-main-rt-section-button-back-color":"#e3b96a","is_theme_queue_running":false,"submenu-open-below-header":false,"is_addon_queue_running":true,"heading-base-color":"#000000","button-h-padding":30,"theme-button-border-group-border-size":{"top":"2","right":"2","bottom":"2","left":"2"},"theme-button-border-group-border-color":"#e3b96a","theme-button-border-group-border-h-color":"#e3b96a","font-size-button":{"desktop":"14","tablet":"","mobile":"","desktop-unit":"px","tablet-unit":"px","mobile-unit":"px"},"text-transform-button":"uppercase","theme-btn-line-height":"1","site-content-layout":"boxed-container","mobile-header-toggle-btn-style-color":"","theme-button-padding":{"desktop":{"top":15,"right":30,"bottom":15,"left":30},"tablet":{"top":"","right":"","bottom":"","left":""},"mobile":{"top":"","right":"","bottom":"","left":""},"desktop-unit":"px","tablet-unit":"px","mobile-unit":"px"}},"custom-css":""},"astra-site-options-data":{"woocommerce_product_attributes":[],"woocommerce_product_cat_list":[],"woocommerce_product_cat":[],"custom_logo":"https:\/\/websitedemos.net\/law-firm-04\/wp-content\/uploads\/sites\/491\/2019\/09\/logo-regular-free-img.png","nav_menu_locations":{"primary":"menu","footer_menu":"menu"},"show_on_front":"page","page_on_front":"Home","page_for_posts":"","_fl_builder_enabled_icons":null,"_fl_builder_enabled_modules":null,"_fl_builder_post_types":null,"_fl_builder_color_presets":null,"_fl_builder_services":null,"_fl_builder_settings":null,"_fl_builder_user_access":null,"_fl_builder_enabled_templates":null,"elementor_container_width":"1200","elementor_cpt_support":["post","page"],"elementor_css_print_method":"external","elementor_default_generic_fonts":"Sans-serif","elementor_disable_color_schemes":"yes","elementor_disable_typography_schemes":"yes","elementor_editor_break_lines":"","elementor_exclude_user_roles":null,"elementor_global_image_lightbox":null,"elementor_page_title_selector":null,"elementor_scheme_color":{"1":"#6ec1e4","2":"#54595f","3":"#7a7a7a","4":"#61ce70"},"elementor_scheme_color-picker]":{"1":"#f9f7f3","2":"#e3b96a","3":"#e3b96a","4":"#e3b96a","5":"#e3b96a","6":"#e3b96a","7":"#000000","8":"#ffffff"},"elementor_scheme_typography":{"1":{"font_family":"Roboto","font_weight":"600"},"2":{"font_family":"Roboto Slab","font_weight":"400"},"3":{"font_family":"Roboto","font_weight":"400"},"4":{"font_family":"Roboto","font_weight":"500"}},"elementor_space_between_widgets":null,"elementor_stretched_section_container":null,"elementor_load_fa4_shim":"","woocommerce_shop_page_title":"","woocommerce_cart_page_title":"","woocommerce_checkout_page_title":"","woocommerce_myaccount_page_title":"","woocommerce_edit_address_page_title":"","woocommerce_view_order_page_title":"","woocommerce_change_password_page_title":"","woocommerce_logout_page_title":"","woocommerce_enable_guest_checkout":null,"woocommerce_enable_checkout_login_reminder":null,"woocommerce_enable_signup_and_login_from_checkout":null,"woocommerce_enable_myaccount_registration":null,"woocommerce_registration_generate_username":null,"wpforms_settings":{"disable-css":"2","global-assets":false,"gdpr":false},"learndash_settings_theme_ld30":null,"learndash_settings_courses_themes":null},"astra-site-wxr-path":"https:\/\/websitedemos.net\/wp-content\/uploads\/astra-sites\/491\/wxr.xml","astra-enabled-extensions":{"advanced-hooks":"","blog-pro":"","colors-and-background":"","advanced-footer":"","mobile-header":"","header-sections":"","lifterlms":"","learndash":"","advanced-headers":"","site-layouts":"","spacing":"","sticky-header":"","scroll-to-top":"","transparent-header":"","typography":"","woocommerce":"","edd":"","nav-menu":"","all":""},"astra-custom-404":"","featured-image-url":"https:\/\/websitedemos.net\/wp-content\/uploads\/2019\/09\/law-home.jpg","astra-woocommerce-csv-path":"","astra-post-data-mapping":{"astra-advanced-hook":[],"astra_adv_header":[]},"astra-site-wpforms-path":"https:\/\/websitedemos.net\/wp-content\/uploads\/astra-sites\/491\/wpforms.json","astra-site-cartflows-path":"","astra-site-taxonomy-mapping":"","astra-site-parent-id":1131,"license-status":"valid","request_time":0.12431621551514,"_links":{"self":[{"href":"https:\/\/websitedemos.net\/wp-json\/wp\/v2\/astra-sites\/38787"}],"collection":[{"href":"https:\/\/websitedemos.net\/wp-json\/wp\/v2\/astra-sites"}],"about":[{"href":"https:\/\/websitedemos.net\/wp-json\/wp\/v2\/types\/astra-sites"}],"version-history":[{"count":1,"href":"https:\/\/websitedemos.net\/wp-json\/wp\/v2\/astra-sites\/38787\/revisions"}],"predecessor-version":[{"id":38816,"href":"https:\/\/websitedemos.net\/wp-json\/wp\/v2\/astra-sites\/38787\/revisions\/38816"}],"wp:featuredmedia":[{"embeddable":true,"href":"https:\/\/websitedemos.net\/wp-json\/wp\/v2\/media\/32020"}],"wp:attachment":[{"href":"https:\/\/websitedemos.net\/wp-json\/wp\/v2\/media?parent=38787"}],"wp:term":[{"taxonomy":"astra-site-category","embeddable":true,"href":"https:\/\/websitedemos.net\/wp-json\/wp\/v2\/astra-site-category?post=38787"},{"taxonomy":"astra-sites-type","embeddable":true,"href":"https:\/\/websitedemos.net\/wp-json\/wp\/v2\/astra-sites-type?post=38787"},{"taxonomy":"astra-site-page-builder","embeddable":true,"href":"https:\/\/websitedemos.net\/wp-json\/wp\/v2\/astra-site-page-builder?post=38787"},{"taxonomy":"astra-sites-tag","embeddable":true,"href":"https:\/\/websitedemos.net\/wp-json\/wp\/v2\/astra-sites-tag?post=38787"}],"curies":[{"name":"wp","href":"https:\/\/api.w.org\/{rel}","templated":true}]}}