{"id":38795,"date":"2020-01-15T17:53:07","date_gmt":"2020-01-15T12:23:07","guid":{"rendered":"https:\/\/websitedemos.net\/?post_type=astra-sites&#038;p=38795"},"modified":"2020-01-20T17:14:11","modified_gmt":"2020-01-20T11:44:11","slug":"law-firm-2","status":"publish","type":"astra-sites","link":"https:\/\/websitedemos.net\/astra-site\/law-firm-2\/","title":{"rendered":"Law Firm"},"content":{"rendered":"","protected":false},"author":0,"featured_media":34063,"template":"","astra-site-category":[27],"astra-sites-type":[40],"astra-site-page-builder":[34],"astra-sites-tag":[704,701,703,916,702,998,706,778],"astra-site-type":"premium","astra-site-thumbnail":"https:\/\/websitedemos.net\/wp-content\/uploads\/2019\/10\/law-firm-03-400x1749.jpg","required-plugins":[{"slug":"astra-addon","init":"astra-addon\/astra-addon.php","name":"Astra Pro"},{"slug":"beaver-builder-lite-version","init":"beaver-builder-lite-version\/fl-builder.php","name":"Beaver Builder Plugin (Lite Version)"},{"slug":"bb-ultimate-addon","init":"bb-ultimate-addon\/bb-ultimate-addon.php","name":"Ultimate Addons for Beaver Builder"},{"slug":"wpforms-lite","init":"wpforms-lite\/wpforms.php","name":"WPForms Lite"}],"astra-site-url":"\/\/websitedemos.net\/law-firm-03","astra-site-open-in-new-tab":"0","astra-site-widgets-data":"{\"sidebar-1\":{\"search-2\":{\"title\":\"\"},\"recent-posts-2\":{\"title\":\"\",\"number\":5},\"recent-comments-2\":{\"title\":\"\",\"number\":5},\"archives-2\":{\"title\":\"\",\"count\":0,\"dropdown\":0},\"categories-2\":{\"title\":\"\",\"count\":0,\"hierarchical\":0,\"dropdown\":0},\"meta-2\":{\"title\":\"\"}}}","astra-site-customizer-data":{"astra-settings":{"astra-addon-auto-version":"2.2.2","theme-auto-version":"2.2.1","_astra_pb_compatibility_completed":true,"body-font-family":"'Raleway', sans-serif","body-font-weight":"600","headings-font-family":"'Playfair Display', serif","headings-font-weight":"700","font-size-h1":{"desktop":"70","tablet":"60","mobile":"40","desktop-unit":"px","tablet-unit":"px","mobile-unit":"px"},"font-size-h2":{"desktop":"50","tablet":"40","mobile":"35","desktop-unit":"px","tablet-unit":"px","mobile-unit":"px"},"font-size-h3":{"desktop":"32","tablet":"30","mobile":"30","desktop-unit":"px","tablet-unit":"px","mobile-unit":"px"},"font-size-h4":{"desktop":"27","tablet":"25","mobile":"25","desktop-unit":"px","tablet-unit":"px","mobile-unit":"px"},"font-size-h5":{"desktop":"22","tablet":"20","mobile":"20","desktop-unit":"px","tablet-unit":"px","mobile-unit":"px"},"font-size-h6":{"desktop":"17","tablet":"15","mobile":"","desktop-unit":"px","tablet-unit":"px","mobile-unit":"px"},"text-color":"#000000","link-h-color":"#000000","theme-color":"#e3b969","link-color":"#e3b969","site-layout-outside-bg-obj":{"background-color":"#f9f7f3","background-image":"","background-repeat":"repeat","background-position":"center center","background-size":"auto","background-attachment":"scroll"},"site-content-width":1140,"button-color":"#ffffff","button-bg-color":"#e3b96a","button-v-padding":7,"button-radius":3,"different-retina-logo":true,"ast-header-retina-logo":"https:\/\/websitedemos.net\/law-firm-03-wip\/wp-content\/uploads\/sites\/517\/2019\/09\/logo-retina-free-img.png","display-site-title":false,"logo-title-inline":true,"header-main-sep":0,"header-main-rt-section":"button","header-main-menu-align":"inline","header-main-rt-section-button-text":"Free Evaluation","hide-custom-menu-mobile":false,"header-main-rt-section-button-link":"#","mobile-header-toggle-btn-style":"outline","mobile-header-toggle-btn-border-radius":5,"transparent-menu-color-responsive":{"desktop":"rgba(255,255,255,0.6)","tablet":"rgba(0,0,0,0.5)","mobile":""},"transparent-menu-h-color-responsive":{"desktop":"#ffffff","tablet":"#000000","mobile":""},"footer-sml-layout":"footer-sml-layout-2","footer-sml-section-1-credit":"Copyright \u00a9 [current_year] [site_title]","footer-sml-section-2":"menu","footer-sml-divider":0,"footer-color":"rgba(255,255,255,0.6)","footer-bg-obj":{"background-color":"#000000","background-image":"","background-repeat":"repeat","background-position":"center center","background-size":"auto","background-attachment":"scroll"},"footer-link-color":"rgba(255,255,255,0.6)","footer-link-h-color":"#e3b96a","body-line-height":"1.7","para-margin-bottom":"0.1","ast-header-responsive-logo-width":{"desktop":"","tablet":"","mobile":"209"},"button-h-color":"#000000","button-bg-h-color":"#e3b96a","header-main-rt-section-button-style":"theme-button","header-main-rt-section-button-text-color":"#ffffff","header-main-rt-section-button-text-h-color":"#000000","header-main-rt-section-button-back-color":"#e3b96a","site-content-layout":"boxed-container","mobile-header-toggle-btn-style-color":"#ffffff","is_addon_queue_running":true,"is_theme_queue_running":false,"submenu-open-below-header":false,"theme-button-padding":{"desktop":{"top":"15","right":"40","bottom":"15","left":"40"},"tablet":{"top":"","right":"","bottom":"","left":""},"mobile":{"top":"","right":"","bottom":"","left":""},"desktop-unit":"px","tablet-unit":"px","mobile-unit":"px"},"theme-btn-line-height":"1","heading-base-color":"#000000","font-size-button":{"desktop":"15","tablet":"","mobile":"","desktop-unit":"px","tablet-unit":"px","mobile-unit":"px"},"headings-line-height":"1"},"custom-css":""},"astra-site-options-data":{"woocommerce_product_attributes":[],"woocommerce_product_cat_list":[],"woocommerce_product_cat":[],"custom_logo":"https:\/\/websitedemos.net\/law-firm-03\/wp-content\/uploads\/sites\/517\/2019\/09\/logo-regular-free-img-1.png","nav_menu_locations":{"primary":"menu","footer_menu":"menu"},"show_on_front":"page","page_on_front":"Home","page_for_posts":"","_fl_builder_enabled_icons":null,"_fl_builder_enabled_modules":null,"_fl_builder_post_types":null,"_fl_builder_color_presets":["ffffff","000000","e3b96a","adaca9","rgba(255,255,255,0.8)","eaeaea","474747","f9f7f3"],"_fl_builder_services":null,"_fl_builder_settings":{"show_default_heading":"0","default_heading_selector":".fl-post-header","row_margins":0,"row_margins_unit":"px","row_margins_medium":"","row_margins_medium_unit":"px","row_margins_responsive":"","row_margins_responsive_unit":"px","row_padding":20,"row_padding_unit":"px","row_padding_medium":"","row_padding_medium_unit":"px","row_padding_responsive":"","row_padding_responsive_unit":"px","row_width":1140,"row_width_unit":"px","row_width_default":"fixed","row_content_width_default":"fixed","column_margins":0,"column_margins_unit":"px","column_margins_medium":"","column_margins_medium_unit":"px","column_margins_responsive":"","column_margins_responsive_unit":"px","column_padding":0,"column_padding_unit":"px","column_padding_medium":"","column_padding_medium_unit":"px","column_padding_responsive":"","column_padding_responsive_unit":"px","module_margins":20,"module_margins_unit":"px","module_margins_medium":"","module_margins_medium_unit":"px","module_margins_responsive":"","module_margins_responsive_unit":"px","responsive_enabled":"1","auto_spacing":"1","medium_breakpoint":992,"responsive_breakpoint":768,"responsive_base_fontsize":16,"css":"","js":""},"_fl_builder_user_access":null,"_fl_builder_enabled_templates":null,"elementor_container_width":"","elementor_cpt_support":["post","page"],"elementor_css_print_method":"external","elementor_default_generic_fonts":"Sans-serif","elementor_disable_color_schemes":"yes","elementor_disable_typography_schemes":"yes","elementor_editor_break_lines":"","elementor_exclude_user_roles":null,"elementor_global_image_lightbox":"yes","elementor_page_title_selector":"","elementor_scheme_color":{"1":"#6ec1e4","2":"#54595f","3":"#7a7a7a","4":"#61ce70"},"elementor_scheme_color-picker]":{"1":"#6ec1e4","2":"#54595f","3":"#7a7a7a","4":"#61ce70","5":"#4054b2","6":"#23a455","7":"#000","8":"#fff"},"elementor_scheme_typography":{"1":{"font_family":"Roboto","font_weight":"600"},"2":{"font_family":"Roboto Slab","font_weight":"400"},"3":{"font_family":"Roboto","font_weight":"400"},"4":{"font_family":"Roboto","font_weight":"500"}},"elementor_space_between_widgets":"","elementor_stretched_section_container":"","elementor_load_fa4_shim":null,"woocommerce_shop_page_title":"","woocommerce_cart_page_title":"","woocommerce_checkout_page_title":"","woocommerce_myaccount_page_title":"","woocommerce_edit_address_page_title":"","woocommerce_view_order_page_title":"","woocommerce_change_password_page_title":"","woocommerce_logout_page_title":"","woocommerce_enable_guest_checkout":null,"woocommerce_enable_checkout_login_reminder":null,"woocommerce_enable_signup_and_login_from_checkout":null,"woocommerce_enable_myaccount_registration":null,"woocommerce_registration_generate_username":null,"wpforms_settings":{"disable-css":"2","global-assets":false,"gdpr":false},"learndash_settings_theme_ld30":null,"learndash_settings_courses_themes":null},"astra-site-wxr-path":"https:\/\/websitedemos.net\/wp-content\/uploads\/astra-sites\/517\/wxr.xml","astra-enabled-extensions":{"advanced-hooks":"advanced-hooks","blog-pro":"","colors-and-background":"","advanced-footer":"","mobile-header":"","header-sections":"","lifterlms":"","learndash":"","advanced-headers":"","site-layouts":"","spacing":"","sticky-header":"","scroll-to-top":"","transparent-header":"","typography":"","woocommerce":"","edd":"","nav-menu":"","all":"all"},"astra-custom-404":"","featured-image-url":"https:\/\/websitedemos.net\/wp-content\/uploads\/2019\/10\/law-firm-03.jpg","astra-woocommerce-csv-path":"","astra-post-data-mapping":{"astra-advanced-hook":[{"post_id":332,"post_title":"Global footer","mapping":{"ast-advanced-hook-location":{"rule":["basic-global"],"specific":[]}}}],"astra_adv_header":[]},"astra-site-wpforms-path":"https:\/\/websitedemos.net\/wp-content\/uploads\/astra-sites\/517\/wpforms.json","astra-site-cartflows-path":"","astra-site-taxonomy-mapping":"","astra-site-parent-id":1132,"license-status":"valid","request_time":0.13199806213379,"_links":{"self":[{"href":"https:\/\/websitedemos.net\/wp-json\/wp\/v2\/astra-sites\/38795"}],"collection":[{"href":"https:\/\/websitedemos.net\/wp-json\/wp\/v2\/astra-sites"}],"about":[{"href":"https:\/\/websitedemos.net\/wp-json\/wp\/v2\/types\/astra-sites"}],"version-history":[{"count":1,"href":"https:\/\/websitedemos.net\/wp-json\/wp\/v2\/astra-sites\/38795\/revisions"}],"predecessor-version":[{"id":38803,"href":"https:\/\/websitedemos.net\/wp-json\/wp\/v2\/astra-sites\/38795\/revisions\/38803"}],"wp:featuredmedia":[{"embeddable":true,"href":"https:\/\/websitedemos.net\/wp-json\/wp\/v2\/media\/34063"}],"wp:attachment":[{"href":"https:\/\/websitedemos.net\/wp-json\/wp\/v2\/media?parent=38795"}],"wp:term":[{"taxonomy":"astra-site-category","embeddable":true,"href":"https:\/\/websitedemos.net\/wp-json\/wp\/v2\/astra-site-category?post=38795"},{"taxonomy":"astra-sites-type","embeddable":true,"href":"https:\/\/websitedemos.net\/wp-json\/wp\/v2\/astra-sites-type?post=38795"},{"taxonomy":"astra-site-page-builder","embeddable":true,"href":"https:\/\/websitedemos.net\/wp-json\/wp\/v2\/astra-site-page-builder?post=38795"},{"taxonomy":"astra-sites-tag","embeddable":true,"href":"https:\/\/websitedemos.net\/wp-json\/wp\/v2\/astra-sites-tag?post=38795"}],"curies":[{"name":"wp","href":"https:\/\/api.w.org\/{rel}","templated":true}]}}