{"id":44066,"date":"2020-03-16T12:51:56","date_gmt":"2020-03-16T07:21:56","guid":{"rendered":"https:\/\/websitedemos.net\/?post_type=astra-sites&#038;p=44066"},"modified":"2020-03-16T12:52:02","modified_gmt":"2020-03-16T07:22:02","slug":"health-coach-2","status":"publish","type":"astra-sites","link":"https:\/\/websitedemos.net\/astra-site\/health-coach-2\/","title":{"rendered":"Health Coach"},"content":{"rendered":"","protected":false},"author":39,"featured_media":43588,"template":"","astra-site-category":[37],"astra-sites-type":[40],"astra-site-page-builder":[34],"astra-sites-tag":[516,521,336,518,517,519,520],"yoast_head":"<!-- This site is optimized with the Yoast SEO plugin v15.5 - https:\/\/yoast.com\/wordpress\/plugins\/seo\/ -->\n<title>Health Coach - Website Demos<\/title>\n<meta name=\"robots\" content=\"index, follow, max-snippet:-1, max-image-preview:large, max-video-preview:-1\" \/>\n<link rel=\"canonical\" href=\"https:\/\/websitedemos.net\/astra-site\/health-coach-2\/\" \/>\n<meta property=\"og:locale\" content=\"en_US\" \/>\n<meta property=\"og:type\" content=\"article\" \/>\n<meta property=\"og:title\" content=\"Health Coach - Website Demos\" \/>\n<meta property=\"og:url\" content=\"https:\/\/websitedemos.net\/astra-site\/health-coach-2\/\" \/>\n<meta property=\"og:site_name\" content=\"Website Demos\" \/>\n<meta property=\"article:modified_time\" content=\"2020-03-16T07:22:02+00:00\" \/>\n<meta property=\"og:image\" content=\"https:\/\/websitedemos.net\/wp-content\/uploads\/2019\/07\/health-coach-04-home-page.jpg\" \/>\n\t<meta property=\"og:image:width\" content=\"1200\" \/>\n\t<meta property=\"og:image:height\" content=\"5198\" \/>\n<meta name=\"twitter:card\" content=\"summary\" \/>\n<script type=\"application\/ld+json\" class=\"yoast-schema-graph\">{\"@context\":\"https:\/\/schema.org\",\"@graph\":[{\"@type\":\"WebSite\",\"@id\":\"https:\/\/websitedemos.net\/#website\",\"url\":\"https:\/\/websitedemos.net\/\",\"name\":\"Website Demos\",\"description\":\"The Fastest, Lightweight Ready Websites\",\"potentialAction\":[{\"@type\":\"SearchAction\",\"target\":\"https:\/\/websitedemos.net\/?s={search_term_string}\",\"query-input\":\"required name=search_term_string\"}],\"inLanguage\":\"en-US\"},{\"@type\":\"ImageObject\",\"@id\":\"https:\/\/websitedemos.net\/astra-site\/health-coach-2\/#primaryimage\",\"inLanguage\":\"en-US\",\"url\":\"https:\/\/websitedemos.net\/wp-content\/uploads\/2019\/07\/health-coach-04-home-page.jpg\",\"width\":1200,\"height\":5198},{\"@type\":\"WebPage\",\"@id\":\"https:\/\/websitedemos.net\/astra-site\/health-coach-2\/#webpage\",\"url\":\"https:\/\/websitedemos.net\/astra-site\/health-coach-2\/\",\"name\":\"Health Coach - Website Demos\",\"isPartOf\":{\"@id\":\"https:\/\/websitedemos.net\/#website\"},\"primaryImageOfPage\":{\"@id\":\"https:\/\/websitedemos.net\/astra-site\/health-coach-2\/#primaryimage\"},\"datePublished\":\"2020-03-16T07:21:56+00:00\",\"dateModified\":\"2020-03-16T07:22:02+00:00\",\"inLanguage\":\"en-US\",\"potentialAction\":[{\"@type\":\"ReadAction\",\"target\":[\"https:\/\/websitedemos.net\/astra-site\/health-coach-2\/\"]}]}]}<\/script>\n<!-- \/ Yoast SEO plugin. -->","astra-site-type":"premium","astra-site-thumbnail":"https:\/\/websitedemos.net\/wp-content\/uploads\/2019\/07\/health-coach-04-home-page-400x1733.jpg","required-plugins":[{"slug":"astra-addon","init":"astra-addon\/astra-addon.php","name":"Astra Pro"},{"slug":"beaver-builder-lite-version","init":"beaver-builder-lite-version\/fl-builder.php","name":"Beaver Builder Plugin (Lite Version)"},{"slug":"bb-ultimate-addon","init":"bb-ultimate-addon\/bb-ultimate-addon.php","name":"Ultimate Addons for Beaver Builder"},{"slug":"ultimate-addons-for-gutenberg","init":"ultimate-addons-for-gutenberg\/ultimate-addons-for-gutenberg.php","name":"Ultimate Addons for Gutenberg"},{"slug":"wpforms-lite","init":"wpforms-lite\/wpforms.php","name":"WPForms Lite"}],"astra-site-url":"\/\/websitedemos.net\/health-coach-03","astra-site-open-in-new-tab":"0","astra-site-widgets-data":"{\"sidebar-1\":{\"search-2\":{\"title\":\"\"},\"categories-2\":{\"title\":\"\",\"count\":0,\"hierarchical\":0,\"dropdown\":0},\"media_image-3\":{\"size\":\"medium\",\"width\":1600,\"height\":1067,\"caption\":\"\",\"alt\":\"\",\"link_type\":\"custom\",\"link_url\":\"\",\"image_classes\":\"\",\"link_classes\":\"\",\"link_rel\":\"\",\"link_target_blank\":false,\"image_title\":\"\",\"attachment_id\":478,\"url\":\"https:\\\/\\\/websitedemos.net\\\/health-coach-03\\\/wp-content\\\/uploads\\\/sites\\\/481\\\/2019\\\/08\\\/hero02-free-img-300x200.jpg\",\"title\":\"\"},\"text-3\":{\"title\":\"Stay updated\",\"text\":\"Natoque labore porttitor voluptates deserunt fames repellat doloribus quaerat veritatis!\",\"filter\":true,\"visual\":true},\"recent-posts-4\":{\"title\":\"\",\"number\":3,\"show_date\":false}}}","astra-site-customizer-data":{"astra-settings":{"blog-single-post-structure":["single-image","single-title-meta"],"blog-single-width":"default","blog-single-max-width":1200,"blog-single-meta":["comments","category","author"],"blog-post-structure":["image","title-meta"],"blog-width":"custom","blog-max-width":1150,"blog-post-content":"excerpt","blog-meta":[],"text-color":"#3a3a3a","link-color":"#ff386d","theme-color":"#ff5683","link-h-color":"#3a3a3a","footer-bg-obj":{"background-color":"#393740","background-image":"","background-repeat":"repeat","background-position":"center center","background-size":"auto","background-attachment":"scroll"},"footer-color":"rgba(255,255,255,0.72)","footer-link-color":"","footer-link-h-color":"","footer-adv-bg-obj":{"background-color":"","background-image":"","background-repeat":"repeat","background-position":"center center","background-size":"auto","background-attachment":"scroll"},"footer-adv-text-color":"","footer-adv-link-color":"","footer-adv-link-h-color":"","footer-adv-wgt-title-color":"","button-color":"#ffffff","button-h-color":"#ffffff","button-bg-color":"#ff386d","button-bg-h-color":"#ef005f","theme-button-padding":{"desktop":{"top":"17","right":"40","bottom":"17","left":"40"},"tablet":{"top":"","right":"","bottom":"","left":""},"mobile":{"top":"","right":"","bottom":"","left":""},"desktop-unit":"px","tablet-unit":"px","mobile-unit":"px"},"button-radius":50,"theme-button-border-group-border-size":{"top":"","right":"","bottom":"","left":""},"footer-sml-layout":"footer-sml-layout-2","footer-sml-section-1":"","footer-sml-section-1-credit":"Copyright \u00a9 [current_year] [site_title] | Powered by [site_title]","footer-sml-section-2":"custom","footer-sml-section-2-credit":"Copyright \u00a9 [current_year] [site_title] | Powered by [site_title]","footer-sml-dist-equal-align":true,"footer-sml-divider":0,"footer-sml-divider-color":"#7a7a7a","footer-layout-width":"content","ast-header-retina-logo":"","ast-header-logo-width":"","ast-header-responsive-logo-width":{"desktop":"240","tablet":"","mobile":""},"display-site-title":false,"display-site-tagline":0,"logo-title-inline":0,"disable-primary-nav":false,"header-layouts":"header-main-layout-1","header-main-rt-section":"search","header-display-outside-menu":false,"header-main-rt-section-html":"<button>Contact Us<\/button>","header-main-rt-section-button-text":"Button","header-main-rt-section-button-link":"https:\/\/www.wpastra.com","header-main-rt-section-button-link-option":{"url":"https:\/\/www.wpastra.com","new_tab":false,"link_rel":""},"header-main-rt-section-button-style":"theme-button","header-main-rt-section-button-text-color":"","header-main-rt-section-button-back-color":"","header-main-rt-section-button-text-h-color":"","header-main-rt-section-button-back-h-color":"","header-main-rt-section-button-padding":{"desktop":{"top":"","right":"","bottom":"","left":""},"tablet":{"top":"","right":"","bottom":"","left":""},"mobile":{"top":"","right":"","bottom":"","left":""}},"header-main-rt-section-button-border-size":{"top":"","right":"","bottom":"","left":""},"header-main-sep":0,"header-main-sep-color":"","header-main-layout-width":"content","primary-submenu-border":{"top":"0","bottom":"0","left":"0","right":"0"},"primary-submenu-item-border":0,"primary-submenu-b-color":"rgba(0,0,0,0)","primary-submenu-item-b-color":"rgba(0,0,0,0)","header-main-menu-label":"","header-main-menu-align":"inline","header-main-submenu-container-animation":"","mobile-header-breakpoint":1307,"mobile-header-logo":"","mobile-header-logo-width":"","site-layout":"ast-full-width-layout","site-content-width":1200,"site-layout-outside-bg-obj":{"background-color":"","background-image":"","background-repeat":"repeat","background-position":"center center","background-size":"auto","background-attachment":"scroll"},"site-content-layout":"boxed-container","single-page-content-layout":"default","single-post-content-layout":"default","archive-post-content-layout":"default","body-font-family":"'Nunito', sans-serif","body-font-variant":"400","body-font-weight":"400","font-size-body":{"desktop":"16","tablet":"","mobile":"","desktop-unit":"px","tablet-unit":"px","mobile-unit":"px"},"body-line-height":"1.65","para-margin-bottom":"","body-text-transform":"","headings-font-family":"'Roboto Condensed', sans-serif","headings-font-weight":"normal","headings-text-transform":"","headings-line-height":"","font-size-site-title":{"desktop":"35","tablet":"","mobile":"18","desktop-unit":"px","tablet-unit":"px","mobile-unit":"px"},"font-size-site-tagline":{"desktop":15,"tablet":"","mobile":"","desktop-unit":"px","tablet-unit":"px","mobile-unit":"px"},"font-size-entry-title":{"desktop":"24","tablet":"","mobile":"","desktop-unit":"px","tablet-unit":"px","mobile-unit":"px"},"font-size-archive-summary-title":{"desktop":"35","tablet":"","mobile":"","desktop-unit":"px","tablet-unit":"px","mobile-unit":"px"},"font-size-page-title":{"desktop":"23","tablet":"","mobile":"","desktop-unit":"px","tablet-unit":"px","mobile-unit":"px"},"font-size-h1":{"desktop":"56","tablet":"50","mobile":"","desktop-unit":"px","tablet-unit":"px","mobile-unit":"px"},"font-size-h2":{"desktop":"45","tablet":"30","mobile":"","desktop-unit":"px","tablet-unit":"px","mobile-unit":"px"},"font-size-h3":{"desktop":"34","tablet":"30","mobile":"","desktop-unit":"px","tablet-unit":"px","mobile-unit":"px"},"font-size-h4":{"desktop":"22","tablet":"18","mobile":"","desktop-unit":"px","tablet-unit":"px","mobile-unit":"px"},"font-size-h5":{"desktop":18,"tablet":"","mobile":"","desktop-unit":"px","tablet-unit":"px","mobile-unit":"px"},"font-size-h6":{"desktop":15,"tablet":"","mobile":"","desktop-unit":"px","tablet-unit":"px","mobile-unit":"px"},"site-sidebar-layout":"no-sidebar","site-sidebar-width":30,"single-page-sidebar-layout":"no-sidebar","single-post-sidebar-layout":"default","archive-post-sidebar-layout":"default","footer-adv":"disabled","footer-adv-border-width":"","footer-adv-border-color":"#7a7a7a","mobile-header-toggle-btn-style":"fill","hide-custom-menu-mobile":false,"mobile-header-toggle-target":"icon","transparent-header-logo":"https:\/\/websitedemos.net\/health-coach-03\/wp-content\/uploads\/sites\/481\/2019\/08\/susan_burns_logo.svg","transparent-header-retina-logo":"https:\/\/websitedemos.net\/health-coach-03\/wp-content\/uploads\/sites\/481\/2019\/08\/susan_burns_logo.svg","different-transparent-logo":true,"different-transparent-retina-logo":true,"transparent-header-logo-width":{"desktop":"","tablet":"","mobile":""},"transparent-header-enable":0,"transparent-header-disable-archive":true,"transparent-header-disable-latest-posts-index":1,"transparent-header-on-devices":"both","transparent-header-main-sep":0,"transparent-header-main-sep-color":"","transparent-header-bg-color":"","transparent-header-color-site-title":"","transparent-header-color-h-site-title":"","transparent-menu-bg-color":"","transparent-menu-color":"","transparent-menu-h-color":"","transparent-submenu-bg-color":"","transparent-submenu-color":"","transparent-submenu-h-color":"","transparent-header-bg-color-responsive":{"desktop":"","tablet":"","mobile":""},"transparent-header-color-site-title-responsive":{"desktop":"","tablet":"","mobile":""},"transparent-header-color-h-site-title-responsive":{"desktop":"","tablet":"","mobile":""},"transparent-menu-bg-color-responsive":{"desktop":"rgba(39,28,79,0.27)","tablet":"#271c4f","mobile":""},"transparent-menu-color-responsive":{"desktop":"#ffffff","tablet":"","mobile":""},"transparent-menu-h-color-responsive":{"desktop":"#ff386d","tablet":"","mobile":""},"transparent-submenu-bg-color-responsive":{"desktop":"rgba(14,0,38,0.77)","tablet":"","mobile":""},"transparent-submenu-color-responsive":{"desktop":"#ffffff","tablet":"","mobile":"#ffffff"},"transparent-submenu-h-color-responsive":{"desktop":"","tablet":"","mobile":"#ff386d"},"transparent-content-section-text-color-responsive":{"desktop":"","tablet":"","mobile":""},"transparent-content-section-link-color-responsive":{"desktop":"","tablet":"","mobile":""},"transparent-content-section-link-h-color-responsive":{"desktop":"","tablet":"","mobile":""},"breadcrumb-font-family":"inherit","breadcrumb-font-weight":"inherit","breadcrumb-text-transform":"","breadcrumb-text-color-responsive":{"desktop":"","tablet":"","mobile":""},"breadcrumb-active-color-responsive":{"desktop":"","tablet":"","mobile":""},"breadcrumb-hover-color-responsive":{"desktop":"","tablet":"","mobile":""},"breadcrumb-separator-color":{"desktop":"","tablet":"","mobile":""},"breadcrumb-bg-color":{"desktop":"","tablet":"","mobile":""},"breadcrumb-spacing":{"desktop":{"top":"","right":"","bottom":"","left":""},"tablet":{"top":"","right":"","bottom":"","left":""},"mobile":{"top":"","right":"","bottom":"","left":""},"desktop-unit":"px","tablet-unit":"px","mobile-unit":"px"},"h1-color":"","h2-color":"","h3-color":"","h4-color":"","h5-color":"","h6-color":"","font-family-h1":"inherit","font-weight-h1":"700","text-transform-h1":"uppercase","line-height-h1":"1.12","font-family-h2":"inherit","font-weight-h2":"700","text-transform-h2":"capitalize","line-height-h2":"1.15","font-family-h3":"'Nunito', sans-serif","font-weight-h3":"400","text-transform-h3":"","line-height-h3":"1.5","font-weight-button":"600","font-family-button":"inherit","font-size-button":{"desktop":"15","tablet":"","mobile":"","desktop-unit":"px","tablet-unit":"px","mobile-unit":"px"},"text-transform-button":"","theme-btn-line-height":1,"theme-btn-letter-spacing":"","header-main-rt-section-search-box-type":"header-cover","below-header-section-2-search-box-type":"slide-search","below-header-section-1-search-box-type":"slide-search","above-header-section-1-search-box-type":"slide-search","above-header-section-2-search-box-type":"slide-search","button-v-padding":10,"button-h-padding":40,"blog-masonry":false,"blog-date-box":true,"blog-date-box-style":"square","first-post-full-width":true,"blog-space-bet-posts":false,"blog-grid":"2","blog-grid-layout":1,"blog-layout":"blog-layout-1","blog-pagination":"number","blog-pagination-style":"default","blog-infinite-scroll-event":"scroll","blog-excerpt-count":25,"blog-read-more-text":"Read More >","blog-read-more-as-button":false,"blog-load-more-text":"Load More","blog-featured-image-padding":true,"ast-author-info":false,"ast-single-post-navigation":false,"ast-auto-prev-post":false,"single-featured-image-padding":false,"blog-archive-image-width":false,"blog-archive-image-height":false,"blog-single-post-image-width":false,"blog-single-post-image-height":false,"content-bg-obj":{"background-color":"#ffffff","background-image":"","background-repeat":"repeat","background-position":"center center","background-size":"auto","background-attachment":"scroll"},"header-bg-obj":{"background-color":"","background-image":"","background-repeat":"repeat","background-position":"center center","background-size":"auto","background-attachment":"scroll"},"header-bg-obj-responsive":{"desktop":{"background-color":"#55555c","background-image":"","background-repeat":"repeat","background-position":"center center","background-size":"auto","background-attachment":"scroll"},"tablet":{"background-color":"","background-image":"","background-repeat":"repeat","background-position":"center center","background-size":"auto","background-attachment":"scroll"},"mobile":{"background-color":"","background-image":"","background-repeat":"repeat","background-position":"center center","background-size":"auto","background-attachment":"scroll"}},"header-color-site-title":"#ffffff","header-color-h-site-title":"","header-color-site-tagline":"","primary-menu-bg-color":"","primary-menu-color":"","primary-menu-h-bg-color":"","primary-menu-h-color":"","primary-menu-a-bg-color":"","primary-menu-a-color":"","primary-menu-bg-obj-responsive":{"desktop":{"background-color":"","background-image":"","background-repeat":"repeat","background-position":"center center","background-size":"auto","background-attachment":"scroll"},"tablet":{"background-color":"rgba(14,0,38,0.95)","background-image":"","background-repeat":"repeat","background-position":"center center","background-size":"auto","background-attachment":"scroll"},"mobile":{"background-color":"rgba(14,0,38,0.95)","background-image":"","background-repeat":"repeat","background-position":"center center","background-size":"auto","background-attachment":"scroll"}},"primary-menu-color-responsive":{"desktop":"#ffffff","tablet":"","mobile":""},"primary-menu-h-bg-color-responsive":{"desktop":"","tablet":"","mobile":""},"primary-menu-h-color-responsive":{"desktop":"#ff386d","tablet":"#ff5683","mobile":"#ff5683"},"primary-menu-a-bg-color-responsive":{"desktop":"","tablet":"","mobile":""},"primary-menu-a-color-responsive":{"desktop":"#ff386d","tablet":"#ff5683","mobile":"#ff5683"},"primary-submenu-bg-color":"","primary-submenu-color":"","primary-submenu-h-bg-color":"","primary-submenu-h-color":"","primary-submenu-a-bg-color":"","primary-submenu-a-color":"","primary-submenu-bg-color-responsive":{"desktop":"rgba(14,0,38,0.85)","tablet":"","mobile":""},"primary-submenu-color-responsive":{"desktop":"","tablet":"","mobile":""},"primary-submenu-h-bg-color-responsive":{"desktop":"","tablet":"","mobile":""},"primary-submenu-h-color-responsive":{"desktop":"","tablet":"","mobile":""},"primary-submenu-a-bg-color-responsive":{"desktop":"","tablet":"","mobile":""},"primary-submenu-a-color-responsive":{"desktop":"","tablet":"","mobile":""},"entry-title-color":"","sidebar-bg-obj":{"background-color":"","background-image":"","background-repeat":"repeat","background-position":"center center","background-size":"auto","background-attachment":"scroll"},"sidebar-widget-title-color":"","sidebar-text-color":"","sidebar-link-color":"","sidebar-link-h-color":"","archive-summary-box-bg-color":"","archive-summary-box-title-color":"","archive-summary-box-text-color":"","page-title-color":"","post-meta-color":"","post-meta-link-color":"","post-meta-link-h-color":"","footer-bg-color":"","footer-bg-color-opc":"0.8","mobile-menu-style":"fullscreen","flyout-mobile-menu-alignment":"left","mobile-above-header-menu-style":"default","flyout-mobile-above-header-menu-alignment":"left","mobile-below-header-menu-style":"default","flyout-mobile-below-header-menu-alignment":"left","mobile-above-header-toggle-btn-style":"minimal","mobile-above-header-toggle-btn-style-color":"","mobile-above-header-toggle-btn-border-radius":2,"mobile-below-header-toggle-btn-style":"minimal","mobile-below-header-toggle-btn-style-color":"","mobile-below-header-toggle-btn-border-radius":2,"mobile-header-color":"","mobile-header-h-color":"","mobile-header-bg-obj":{"background-color":"","background-image":"","background-repeat":"repeat","background-position":"center center","background-size":"auto","background-attachment":"scroll"},"mobile-above-header-t-l-color":"","mobile-above-header-t-l-hover-color":"","mobile-above-header-bg-obj":{"background-color":"","background-image":"","background-repeat":"repeat","background-position":"center center","background-size":"auto","background-attachment":"scroll"},"mobile-below-header-t-l-color":"","mobile-below-header-t-l-hover-color":"","mobile-below-header-bg-obj":{"background-color":"","background-image":"","background-repeat":"repeat","background-position":"center center","background-size":"auto","background-attachment":"scroll"},"mobile-header-menu-a-bg-color":"","mobile-header-menu-a-color":"","mobile-header-menu-h-bg-color":"","mobile-header-menu-h-color":"","mobile-header-menu-color":"","mobile-header-menu-bg-color":"","mobile-above-header-menu-a-bg-color":"","mobile-above-header-menu-a-color":"","mobile-above-header-menu-h-bg-color":"","mobile-above-header-menu-h-color":"","mobile-above-header-menu-color":"","mobile-above-header-menu-bg-color":"","mobile-below-header-menu-a-bg-color":"","mobile-below-header-menu-a-color":"","mobile-below-header-menu-h-bg-color":"","mobile-below-header-menu-h-color":"","mobile-below-header-menu-color":"","mobile-below-header-menu-bg-color":"#414042","mobile-header-submenu-color":"","mobile-header-submenu-bg-color":"","mobile-header-submenu-h-color":"","mobile-header-submenu-h-bg-color":"","mobile-header-submenu-a-color":"","mobile-header-submenu-a-bg-color":"","mobile-header-menu-all-border":{"top":"","right":"","bottom":"0","left":""},"mobile-header-menu-b-color":"rgba(242,242,242,0.23)","mobile-above-header-submenu-color":"","mobile-above-header-submenu-bg-color":"","mobile-above-header-submenu-h-color":"","mobile-above-header-submenu-h-bg-color":"","mobile-above-header-submenu-a-color":"","mobile-above-header-submenu-a-bg-color":"","mobile-above-header-menu-all-border":{"top":"","right":"","bottom":"","left":""},"mobile-above-header-menu-b-color":"#dadada","mobile-below-header-submenu-color":"","mobile-below-header-submenu-bg-color":"","mobile-below-header-submenu-h-color":"","mobile-below-header-submenu-h-bg-color":"","mobile-below-header-submenu-a-color":"","mobile-below-header-submenu-a-bg-color":"","mobile-below-header-menu-all-border":{"top":"","right":"","bottom":"","left":""},"mobile-below-header-menu-b-color":"#dadada","mobile-header-fullscreen-bg-obj":{"background-color":"#ffffff","background-image":"","background-repeat":"repeat","background-position":"center center","background-size":"auto","background-attachment":"scroll"},"mobile-above-header-fullscreen-bg-obj":{"background-color":"#ffffff","background-image":"","background-repeat":"repeat","background-position":"center center","background-size":"auto","background-attachment":"scroll"},"mobile-below-header-fullscreen-bg-obj":{"background-color":"#414042","background-image":"","background-repeat":"repeat","background-position":"center center","background-size":"auto","background-attachment":"scroll"},"font-family-mobile-menu":"inherit","font-weight-mobile-menu":"inherit","text-transform-mobile-menu":"","line-height-mobile-menu":"","font-size-mobile-menu":{"desktop":"","tablet":"","mobile":"","desktop-unit":"px","tablet-unit":"px","mobile-unit":"px"},"font-family-mobile-submenu":"inherit","font-weight-mobile-submenu":"inherit","text-transform-mobile-submenu":"","line-height-mobile-submenu":"","font-size-mobile-submenu":{"desktop":"","tablet":"","mobile":"","desktop-unit":"px","tablet-unit":"px","mobile-unit":"px"},"font-family-mobile-above-header-menu":"inherit","font-weight-mobile-above-header-menu":"inherit","text-transform-mobile-above-header-menu":"","font-size-mobile-above-header-menu":{"desktop":"","tablet":"","mobile":"","desktop-unit":"px","tablet-unit":"px","mobile-unit":"px"},"font-family-mobile-below-header-menu":"inherit","font-weight-mobile-below-header-menu":"inherit","text-transform-mobile-below-header-menu":"","line-height-mobile-below-header-menu":"","font-size-mobile-below-header-menu":{"desktop":"","tablet":"","mobile":"","desktop-unit":"px","tablet-unit":"px","mobile-unit":"px"},"font-family-mobile-below-header-submenu":"inherit","font-weight-mobile-below-header-submenu":"inherit","text-transform-mobile-below-header-submenu":"","line-height-mobile-below-header-submenu":"","font-size-mobile-below-header-submenu":{"desktop":"","tablet":"","mobile":"","desktop-unit":"px","tablet-unit":"px","mobile-unit":"px"},"site-layout-padded-width":1200,"site-layout-padded-pad":{"desktop":{"top":25,"right":50,"bottom":25,"left":50},"tablet":{"top":"","right":"","bottom":"","left":""},"mobile":{"top":"","right":"","bottom":"","left":""},"desktop-unit":"px","tablet-unit":"px","mobile-unit":"px"},"site-layout-fluid-lr-padding":25,"site-layout-box-width":1200,"site-layout-box-tb-margin":0,"site-layout-box-bg-img":"","site-identity-spacing":{"desktop":{"top":"","right":"","bottom":"","left":""},"tablet":{"top":"","right":"","bottom":"","left":""},"mobile":{"top":"","right":"","bottom":"","left":""},"desktop-unit":"px","tablet-unit":"px","mobile-unit":"px"},"container-outside-spacing":{"desktop":{"top":"58","right":"","bottom":"","left":""},"tablet":{"top":"50","right":"20","bottom":"40","left":"20"},"mobile":{"top":"","right":"10","bottom":"","left":"20"},"desktop-unit":"px","tablet-unit":"px","mobile-unit":"px"},"container-inside-spacing":{"desktop":{"top":"","right":"","bottom":"","left":""},"tablet":{"top":"1.5","right":"2.14","bottom":"1.5","left":"2.14"},"mobile":{"top":"1.5","right":"00","bottom":"1.5","left":"0"},"desktop-unit":"px","tablet-unit":"px","mobile-unit":"px"},"sidebar-outside-spacing":{"desktop":{"top":"","right":"","bottom":"","left":""},"tablet":{"top":"10","right":"50","bottom":"50","left":"50"},"mobile":{"top":"","right":"","bottom":"","left":""},"desktop-unit":"px","tablet-unit":"px","mobile-unit":"px"},"sidebar-inside-spacing":{"desktop":{"top":"","right":"","bottom":"","left":""},"tablet":{"top":"","right":"","bottom":"","left":""},"mobile":{"top":"","right":"0","bottom":"","left":"0"},"desktop-unit":"px","tablet-unit":"px","mobile-unit":"px"},"blog-post-outside-spacing":{"desktop":{"top":"","right":"","bottom":"","left":""},"tablet":{"top":"","right":"","bottom":"","left":""},"mobile":{"top":"","right":"","bottom":"","left":""},"desktop-unit":"px","tablet-unit":"px","mobile-unit":"px"},"blog-post-inside-spacing":{"desktop":{"top":"","right":"","bottom":"","left":""},"tablet":{"top":"","right":"","bottom":"","left":""},"mobile":{"top":"","right":"","bottom":"","left":""},"desktop-unit":"px","tablet-unit":"px","mobile-unit":"px"},"blog-post-pagination-spacing":{"desktop":{"top":"","right":"","bottom":"","left":""},"tablet":{"top":"","right":"","bottom":"","left":""},"mobile":{"top":"","right":"","bottom":"","left":""},"desktop-unit":"px","tablet-unit":"px","mobile-unit":"px"},"header-spacing":{"desktop":{"top":"05","right":"","bottom":"05","left":""},"tablet":{"top":"","right":"","bottom":"","left":""},"mobile":{"top":"0","right":"","bottom":"0","left":""},"desktop-unit":"px","tablet-unit":"px","mobile-unit":"px"},"sticky-header-spacing":{"desktop":{"top":"","right":"","bottom":"","left":""},"tablet":{"top":"","right":"","bottom":"","left":""},"mobile":{"top":"","right":"","bottom":"","left":""},"desktop-unit":"px","tablet-unit":"px","mobile-unit":"px"},"footer-sml-spacing":{"desktop":{"top":"30","right":"","bottom":"30","left":""},"tablet":{"top":"2","right":"","bottom":"2","left":""},"mobile":{"top":"","right":"","bottom":"","left":""},"desktop-unit":"px","tablet-unit":"em","mobile-unit":"px"},"primary-menu-spacing":{"desktop":{"top":"0","right":"","bottom":"0","left":""},"tablet":{"top":"5","right":"20","bottom":"5","left":"20"},"mobile":{"top":"","right":"","bottom":"0","left":""},"desktop-unit":"px","tablet-unit":"px","mobile-unit":"px"},"primary-submenu-spacing":{"desktop":{"top":"15","right":"","bottom":"15","left":""},"tablet":{"top":"0","right":"20","bottom":"","left":"30"},"mobile":{"top":"","right":"","bottom":"","left":""},"desktop-unit":"px","tablet-unit":"px","mobile-unit":"px"},"above-header-spacing":{"desktop":{"top":"","right":"","bottom":"","left":""},"tablet":{"top":"0","right":"","bottom":"0","left":""},"mobile":{"top":"0.5","right":"","bottom":"","left":""},"desktop-unit":"px","tablet-unit":"px","mobile-unit":"em"},"above-header-menu-spacing":{"desktop":{"top":"","right":"","bottom":"","left":""},"tablet":{"top":"0","right":"20","bottom":"0","left":"20"},"mobile":{"top":"","right":"","bottom":"","left":""},"desktop-unit":"px","tablet-unit":"px","mobile-unit":"px"},"above-header-submenu-spacing":{"desktop":{"top":"","right":"","bottom":"","left":""},"tablet":{"top":"0","right":"20","bottom":"0","left":"20"},"mobile":{"top":"","right":"","bottom":"","left":""},"desktop-unit":"px","tablet-unit":"px","mobile-unit":"px"},"below-header-spacing":{"desktop":{"top":"","right":"","bottom":"","left":""},"tablet":{"top":"1","right":"","bottom":"1","left":""},"mobile":{"top":"","right":"","bottom":"","left":""},"desktop-unit":"px","tablet-unit":"em","mobile-unit":"px"},"below-header-menu-spacing":{"desktop":{"top":"","right":"","bottom":"","left":""},"tablet":{"top":"0","right":"20","bottom":"0","left":"20"},"mobile":{"top":"","right":"","bottom":"","left":""},"desktop-unit":"px","tablet-unit":"px","mobile-unit":"px"},"below-header-submenu-spacing":{"desktop":{"top":"","right":"","bottom":"","left":""},"tablet":{"top":"0","right":"20","bottom":"0","left":"20"},"mobile":{"top":"","right":"","bottom":"","left":""},"desktop-unit":"px","tablet-unit":"px","mobile-unit":"px"},"footer-menu-spacing":{"desktop":{"top":"","right":"","bottom":"","left":""},"tablet":{"top":"0","right":".5","bottom":"0","left":".5"},"mobile":{"top":"","right":"","bottom":"","left":""},"desktop-unit":"px","tablet-unit":"em","mobile-unit":"px"},"single-post-outside-spacing":{"desktop":{"top":"","right":"","bottom":"","left":""},"tablet":{"top":"","right":"","bottom":"","left":""},"mobile":{"top":"","right":"","bottom":"","left":""},"desktop-unit":"px","tablet-unit":"px","mobile-unit":"px"},"single-post-inside-spacing":{"desktop":{"top":"","right":"","bottom":"","left":""},"tablet":{"top":"","right":"","bottom":"","left":""},"mobile":{"top":"","right":"","bottom":"","left":""},"desktop-unit":"px","tablet-unit":"px","mobile-unit":"px"},"header-main-shrink":true,"different-sticky-logo":true,"different-sticky-retina-logo":0,"header-main-stick":true,"header-above-stick":0,"header-below-stick":0,"sticky-header-bg-opc":1,"sticky-hide-on-scroll":false,"sticky-header-on-devices":"both","sticky-header-style":"slide","sticky-header-logo":"https:\/\/websitedemos.net\/health-coach-03\/wp-content\/uploads\/sites\/481\/2019\/08\/susan_burns_logo.svg","sticky-header-retina-logo":"","sticky-header-logo-width":{"desktop":"210","tablet":"","mobile":""},"sticky-header-bg-color-responsive":{"desktop":"#393740","tablet":"","mobile":""},"sticky-header-color-site-title-responsive":{"desktop":"#e0e0e0","tablet":"","mobile":""},"sticky-header-color-site-tagline-responsive":{"desktop":"","tablet":"","mobile":""},"sticky-header-color-h-site-title-responsive":{"desktop":"","tablet":"","mobile":""},"sticky-header-menu-bg-color-responsive":{"desktop":"rgba(191,191,191,0)","tablet":"","mobile":""},"sticky-header-menu-color-responsive":{"desktop":"#dbdbdb","tablet":"","mobile":""},"sticky-header-menu-h-color-responsive":{"desktop":"#ff386d","tablet":"","mobile":""},"sticky-header-menu-h-a-bg-color-responsive":{"desktop":"","tablet":"","mobile":""},"sticky-header-submenu-bg-color-responsive":{"desktop":"","tablet":"","mobile":""},"sticky-header-submenu-color-responsive":{"desktop":"","tablet":"","mobile":""},"sticky-header-submenu-h-color-responsive":{"desktop":"","tablet":"","mobile":""},"sticky-header-submenu-h-a-bg-color-responsive":{"desktop":"","tablet":"","mobile":""},"sticky-header-content-section-text-color-responsive":{"desktop":"","tablet":"","mobile":""},"sticky-header-content-section-link-color-responsive":{"desktop":"","tablet":"","mobile":""},"sticky-header-content-section-link-h-color-responsive":{"desktop":"","tablet":"","mobile":""},"sticky-above-header-bg-color-responsive":{"desktop":"","tablet":"","mobile":""},"sticky-above-header-menu-bg-color-responsive":{"desktop":"","tablet":"","mobile":""},"sticky-above-header-menu-color-responsive":{"desktop":"","tablet":"","mobile":""},"sticky-above-header-menu-h-color-responsive":{"desktop":"","tablet":"","mobile":""},"sticky-above-header-menu-h-a-bg-color-responsive":{"desktop":"","tablet":"","mobile":""},"sticky-above-header-submenu-bg-color-responsive":{"desktop":"","tablet":"","mobile":""},"sticky-above-header-submenu-color-responsive":{"desktop":"","tablet":"","mobile":""},"sticky-above-header-submenu-h-color-responsive":{"desktop":"","tablet":"","mobile":""},"sticky-above-header-submenu-h-a-bg-color-responsive":{"desktop":"","tablet":"","mobile":""},"sticky-above-header-content-section-text-color-responsive":{"desktop":"","tablet":"","mobile":""},"sticky-above-header-content-section-link-color-responsive":{"desktop":"","tablet":"","mobile":""},"sticky-above-header-content-section-link-h-color-responsive":{"desktop":"","tablet":"","mobile":""},"sticky-below-header-bg-color-responsive":{"desktop":"","tablet":"","mobile":""},"sticky-below-header-menu-bg-color-responsive":{"desktop":"","tablet":"","mobile":""},"sticky-below-header-menu-color-responsive":{"desktop":"","tablet":"","mobile":""},"sticky-below-header-menu-h-color-responsive":{"desktop":"","tablet":"","mobile":""},"sticky-below-header-menu-h-a-bg-color-responsive":{"desktop":"","tablet":"","mobile":""},"sticky-below-header-submenu-bg-color-responsive":{"desktop":"","tablet":"","mobile":""},"sticky-below-header-submenu-color-responsive":{"desktop":"","tablet":"","mobile":""},"sticky-below-header-submenu-h-color-responsive":{"desktop":"","tablet":"","mobile":""},"sticky-below-header-submenu-h-a-bg-color-responsive":{"desktop":"","tablet":"","mobile":""},"sticky-below-header-content-section-text-color-responsive":{"desktop":"","tablet":"","mobile":""},"sticky-below-header-content-section-link-color-responsive":{"desktop":"","tablet":"","mobile":""},"sticky-below-header-content-section-link-h-color-responsive":{"desktop":"","tablet":"","mobile":""},"scroll-to-top-icon-size":"15","scroll-to-top-icon-position":"right","scroll-to-top-on-devices":"both","scroll-to-top-icon-radius":30,"scroll-to-top-icon-color":"","scroll-to-top-icon-h-color":"","scroll-to-top-icon-bg-color":"#ff386d","scroll-to-top-icon-h-bg-color":"#ff0044","font-family-site-title":"'Roboto Condensed', sans-serif","font-weight-site-title":"700","text-transform-site-title":"uppercase","line-height-site-title":"","font-family-site-tagline":"inherit","font-weight-site-tagline":"inherit","text-transform-site-tagline":"","line-height-site-tagline":"","font-size-primary-menu":{"desktop":"15","tablet":"16","mobile":"18","desktop-unit":"px","tablet-unit":"px","mobile-unit":"px"},"font-weight-primary-menu":"700","font-family-primary-menu":"'Nunito', sans-serif","text-transform-primary-menu":"uppercase","line-height-primary-menu":"","font-size-primary-dropdown-menu":{"desktop":"13","tablet":"16","mobile":"13","desktop-unit":"px","tablet-unit":"px","mobile-unit":"px"},"font-family-primary-dropdown-menu":"'Nunito', sans-serif","font-weight-primary-dropdown-menu":"700","text-transform-primary-dropdown-menu":"","line-height-primary-dropdown-menu":"","font-family-archive-summary-title":"'Nunito', sans-serif","font-weight-archive-summary-title":"400","text-transform-archive-summary-title":"","line-height-archive-summary-title":"","font-family-page-title":"'Nunito', sans-serif","font-weight-page-title":"400","text-transform-page-title":"","line-height-page-title":"","font-size-post-meta":{"desktop":"14","tablet":"","mobile":"","desktop-unit":"px","tablet-unit":"px","mobile-unit":"px"},"font-family-post-meta":"'Nunito', sans-serif","font-weight-post-meta":"400","text-transform-post-meta":"","line-height-post-meta":"","font-size-post-pagination":{"desktop":"15","tablet":"","mobile":"","desktop-unit":"px","tablet-unit":"px","mobile-unit":"px"},"text-transform-post-pagination":"none","font-family-entry-title":"'Nunito', sans-serif","font-weight-entry-title":"400","text-transform-entry-title":"","line-height-entry-title":"","font-size-widget-title":{"desktop":"20","tablet":"","mobile":"","desktop-unit":"px","tablet-unit":"px","mobile-unit":"px"},"font-family-widget-title":"'Nunito', sans-serif","font-weight-widget-title":"400","text-transform-widget-title":"","line-height-widget-title":"","font-size-widget-content":{"desktop":"16","tablet":"","mobile":"","desktop-unit":"px","tablet-unit":"px","mobile-unit":"px"},"font-family-widget-content":"'Nunito', sans-serif","font-weight-widget-content":"400","text-transform-widget-content":"","line-height-widget-content":"","font-size-footer-content":{"desktop":"13","tablet":"","mobile":"","desktop-unit":"px","tablet-unit":"px","mobile-unit":"px"},"font-family-footer-content":"'Nunito', sans-serif","font-weight-footer-content":"400","text-transform-footer-content":"","line-height-footer-content":"","font-family-h4":"'Nunito', sans-serif","font-weight-h4":"600","text-transform-h4":"capitalize","line-height-h4":"","font-family-h5":"inherit","font-weight-h5":"inherit","text-transform-h5":"","line-height-h5":"","font-family-h6":"inherit","font-weight-h6":"inherit","text-transform-h6":"","line-height-h6":"","outside-menu-font-size":{"desktop":"","tablet":"","mobile":"","desktop-unit":"px","tablet-unit":"px","mobile-unit":"px"},"outside-menu-line-height":"","astra-addon-auto-version":"2.3.3","theme-auto-version":"2.3.3","above-header-submenu-border":{"top":"1","bottom":"1","left":"1","right":"1"},"above-header-submenu-item-border":1,"below-header-submenu-border":{"top":"1","bottom":"1","left":"1","right":"1"},"below-header-submenu-item-border":1,"above-nav-menu-pointer-effect":"none","below-nav-menu-pointer-effect":"none","above-header-submenu-border-color":"#eaeaea","below-header-submenu-container-animation":"","above-header-submenu-container-animation":"","nav-menu-pointer-effect":"none","submenu-below-header":false,"above-header-submenu-item-b-color":"#eaeaea","wc-header-cart-header-colors":false,"shop-quick-view-stick-cart":true,"_astra_pb_compatibility_completed":true,"is_addon_queue_running":false,"submenu-open-below-header":false,"is_astra_addon_queue_running":false,"heading-base-color":"#55555c","different-mobile-logo":false,"button-color-styling-divider":"","theme-button-color-group":"","theme-button-border-group":"","theme-button-border-group-border-color":"","theme-button-border-group-border-h-color":"","button-padding-styling-divider":"","primary-header-button-color-divider":"","primary-header-button-color-group":"","primary-header-button-border-group":"","header-main-rt-section-button-border-color":"","header-main-rt-section-button-border-h-color":"","header-main-rt-section-button-border-radius":"","transparent-header-button-color-divider":"","transparent-header-button-color-group":"","transparent-header-button-border-group":"","header-main-rt-trans-section-button-text-color":"","header-main-rt-trans-section-button-text-h-color":"","header-main-rt-trans-section-button-back-color":"","header-main-rt-trans-section-button-back-h-color":"","header-main-rt-trans-section-button-padding":"","header-main-rt-trans-section-button-border-size":"","header-main-rt-trans-section-button-border-color":"","header-main-rt-trans-section-button-border-h-color":"","header-main-rt-trans-section-button-border-radius":"","header-button-style-link":"","header-main-menu-label-divider":"","mobile-header-toggle-target-link-notice":"","mobile-header-toggle-btn-style-color":"","mobile-header-toggle-btn-border-radius":"","divider-section-site-identity-logo":"","different-retina-logo":false,"ast-site-logo-divider":"","ast-site-icon-divider":"","site-title-typography":"","ast-site-title-divider":"","site-tagline-typography":"","ast-styling-section-blog-width":"","ast-styling-section-blog-width-end":"","ast-styling-section-blog-single-width":"","single-page-sidebar-layout-divider":"","divider-section-sidebar-width":"","site-sidebar-width-description":"","site-content-layout-divider":"","section-ast-small-footer-layout-info":"","section-ast-small-footer-typography":"","footer-bar-color-background-heading-divider":"","footer-bar-background-group":"","footer-bar-content-group":"","divider-outside-bg-color":"","footer-widget-color-background-heading-divider":"","footer-widget-background-group":"","footer-widget-content-group":"","blog-typography-divider":"","blog-content-archive-summary-typo":"","blog-content-blog-post-title-typo":"","divider-base-typo":"","divider-headings-typo":"","headings-font-variant":"","divider-section-h1":"","divider-section-h2":"","divider-section-h3":"","divider-section-h4":"","divider-section-h5":"","divider-section-h6":"","divider-section-single-post-typo":"","blog-single-title-typo":"","transparent-header-disable-index":"","transparent-header-disable-page":"","transparent-header-disable-posts":"","divider-section-transparent-display":"","divider-section-transparent-styling":"","divider-section-transparent-border-styling":"","divider-sec-transparent-styling":"","transparent-header-background-colors":"","transparent-header-colors":"","transparent-header-colors-menu":"","transparent-header-colors-submenu":"","transparent-header-colors-content":"","breadcrumb-position":"none","select-breadcrumb-source":"default","breadcrumb-separator":"&#187;","breadcrumb-disable-home-page":"","breadcrumb-disable-blog-posts-page":"","breadcrumb-disable-search":"","breadcrumb-disable-archive":"","breadcrumb-disable-single-page":"","breadcrumb-disable-single-post":"","breadcrumb-disable-singular":"","breadcrumb-disable-404-page":"","breadcrumb-alignment":"left","section-breadcrumb-color-divider":"","section-breadcrumb-color":"","section-breadcrumb-typography-divider":"","section-breadcrumb-typo":"","breadcrumb-font-size":"","breadcrumb-line-height":"","button-typography-styling-divider":"","button-text-typography":"","header-custom-layout-above-header":"","header-custom-layout-below-header":"","header-custom-layout-header":"","header-custom-layout-sticky-header":"","header-custom-layout-transparent-header":"","header-custom-color-primary-header":"","header-custom-title_tagline":"","ele-default-color-typo-setting-comp":false,"is_theme_queue_running":false},"custom-css":""},"astra-site-options-data":{"woocommerce_product_attributes":[],"woocommerce_product_cat_list":[],"woocommerce_product_cat":[],"custom_logo":"https:\/\/websitedemos.net\/health-coach-03\/wp-content\/uploads\/sites\/481\/2020\/02\/susan_burns_logo.svg","nav_menu_locations":{"primary":"primary-menu","footer_menu":"primary-menu"},"show_on_front":"page","page_on_front":"Home","page_for_posts":"","_fl_builder_enabled_icons":["font-awesome-5-regular","font-awesome-5-solid","font-awesome-5-brands","foundation-icons","dashicons","ultimate-icons"],"_fl_builder_enabled_modules":null,"_fl_builder_post_types":null,"_fl_builder_color_presets":["ffffff","f5f5f5","rgba(242,245,247,0.8)","f2f5f7","rgba(224,168,255,0.13)","ff386d","d099fc"],"_fl_builder_services":null,"_fl_builder_settings":{"show_default_heading":"0","default_heading_selector":".fl-post-header","row_margins":0,"row_margins_unit":"px","row_margins_medium":"","row_margins_medium_unit":"px","row_margins_responsive":"","row_margins_responsive_unit":"px","row_padding":20,"row_padding_unit":"px","row_padding_medium":"","row_padding_medium_unit":"px","row_padding_responsive":"","row_padding_responsive_unit":"px","row_width":1200,"row_width_unit":"px","row_width_default":"fixed","row_content_width_default":"fixed","column_margins":0,"column_margins_unit":"px","column_margins_medium":"","column_margins_medium_unit":"px","column_margins_responsive":"","column_margins_responsive_unit":"px","column_padding":0,"column_padding_unit":"px","column_padding_medium":"","column_padding_medium_unit":"px","column_padding_responsive":"","column_padding_responsive_unit":"px","module_margins":20,"module_margins_unit":"px","module_margins_medium":"","module_margins_medium_unit":"px","module_margins_responsive":"","module_margins_responsive_unit":"px","responsive_enabled":"1","auto_spacing":"1","medium_breakpoint":992,"responsive_breakpoint":768,"responsive_base_fontsize":16,"css":"","js":""},"_fl_builder_user_access":null,"_fl_builder_enabled_templates":null,"elementor_container_width":null,"elementor_cpt_support":null,"elementor_css_print_method":null,"elementor_default_generic_fonts":null,"elementor_disable_color_schemes":null,"elementor_disable_typography_schemes":null,"elementor_editor_break_lines":null,"elementor_exclude_user_roles":null,"elementor_global_image_lightbox":null,"elementor_page_title_selector":null,"elementor_scheme_color":null,"elementor_scheme_color-picker]":null,"elementor_scheme_typography":null,"elementor_space_between_widgets":null,"elementor_stretched_section_container":null,"elementor_load_fa4_shim":null,"woocommerce_shop_page_title":"","woocommerce_cart_page_title":"","woocommerce_checkout_page_title":"","woocommerce_myaccount_page_title":"","woocommerce_edit_address_page_title":"","woocommerce_view_order_page_title":"","woocommerce_change_password_page_title":"","woocommerce_logout_page_title":"","woocommerce_enable_guest_checkout":null,"woocommerce_enable_checkout_login_reminder":null,"woocommerce_enable_signup_and_login_from_checkout":null,"woocommerce_enable_myaccount_registration":null,"woocommerce_registration_generate_username":null,"wpforms_settings":{"disable-css":"2","global-assets":false,"gdpr":false},"learndash_settings_theme_ld30":null,"learndash_settings_courses_themes":null},"astra-site-wxr-path":"https:\/\/websitedemos.net\/wp-content\/uploads\/astra-sites\/481\/wxr.xml","astra-site-give-path":"","astra-enabled-extensions":{"advanced-hooks":"advanced-hooks","blog-pro":"","colors-and-background":"","advanced-footer":"","mobile-header":"","header-sections":"","lifterlms":"","learndash":"","advanced-headers":"","site-layouts":"","spacing":"","sticky-header":"","scroll-to-top":"","transparent-header":"transparent-header","typography":"","woocommerce":"","all":"all","edd":"","nav-menu":""},"astra-custom-404":"","featured-image-url":"https:\/\/websitedemos.net\/wp-content\/uploads\/2019\/07\/health-coach-04-home-page.jpg","astra-woocommerce-csv-path":"","astra-post-data-mapping":{"astra-advanced-hook":[{"post_id":661,"post_title":"Global Footer","mapping":{"ast-advanced-hook-location":{"rule":["basic-global"],"specific":[]}}}],"astra_adv_header":[],"give_forms":[]},"astra-site-wpforms-path":"https:\/\/websitedemos.net\/wp-content\/uploads\/astra-sites\/481\/wpforms.json","astra-site-cartflows-path":"","astra-site-taxonomy-mapping":{"post":{"category":[{"id":15,"slug":"fitness-blog"},{"id":16,"slug":"recipes-blog"},{"id":1,"slug":"uncategorized"},{"id":17,"slug":"workouts"}]}},"astra-site-parent-id":1420,"license-status":"valid","request_time":0.46288204193115234,"_links":{"self":[{"href":"https:\/\/websitedemos.net\/wp-json\/wp\/v2\/astra-sites\/44066"}],"collection":[{"href":"https:\/\/websitedemos.net\/wp-json\/wp\/v2\/astra-sites"}],"about":[{"href":"https:\/\/websitedemos.net\/wp-json\/wp\/v2\/types\/astra-sites"}],"author":[{"embeddable":true,"href":"https:\/\/websitedemos.net\/wp-json\/wp\/v2\/users\/39"}],"version-history":[{"count":1,"href":"https:\/\/websitedemos.net\/wp-json\/wp\/v2\/astra-sites\/44066\/revisions"}],"predecessor-version":[{"id":44271,"href":"https:\/\/websitedemos.net\/wp-json\/wp\/v2\/astra-sites\/44066\/revisions\/44271"}],"wp:featuredmedia":[{"embeddable":true,"href":"https:\/\/websitedemos.net\/wp-json\/wp\/v2\/media\/43588"}],"wp:attachment":[{"href":"https:\/\/websitedemos.net\/wp-json\/wp\/v2\/media?parent=44066"}],"wp:term":[{"taxonomy":"astra-site-category","embeddable":true,"href":"https:\/\/websitedemos.net\/wp-json\/wp\/v2\/astra-site-category?post=44066"},{"taxonomy":"astra-sites-type","embeddable":true,"href":"https:\/\/websitedemos.net\/wp-json\/wp\/v2\/astra-sites-type?post=44066"},{"taxonomy":"astra-site-page-builder","embeddable":true,"href":"https:\/\/websitedemos.net\/wp-json\/wp\/v2\/astra-site-page-builder?post=44066"},{"taxonomy":"astra-sites-tag","embeddable":true,"href":"https:\/\/websitedemos.net\/wp-json\/wp\/v2\/astra-sites-tag?post=44066"}],"curies":[{"name":"wp","href":"https:\/\/api.w.org\/{rel}","templated":true}]}}