{"id":44213,"date":"2020-03-16T12:04:43","date_gmt":"2020-03-16T06:34:43","guid":{"rendered":"https:\/\/websitedemos.net\/?post_type=astra-sites&#038;p=44213"},"modified":"2020-03-16T12:04:51","modified_gmt":"2020-03-16T06:34:51","slug":"cleaning-agency-2","status":"publish","type":"astra-sites","link":"https:\/\/websitedemos.net\/astra-site\/cleaning-agency-2\/","title":{"rendered":"Cleaning Agency"},"content":{"rendered":"","protected":false},"author":39,"featured_media":42745,"template":"","astra-site-category":[27],"astra-sites-type":[40],"astra-site-page-builder":[34],"astra-sites-tag":[680,679,673,674,1407,676,677],"yoast_head":"<!-- This site is optimized with the Yoast SEO plugin v15.5 - https:\/\/yoast.com\/wordpress\/plugins\/seo\/ -->\n<title>Cleaning Agency - Website Demos<\/title>\n<meta name=\"robots\" content=\"index, follow, max-snippet:-1, max-image-preview:large, max-video-preview:-1\" \/>\n<link rel=\"canonical\" href=\"https:\/\/websitedemos.net\/astra-site\/cleaning-agency-2\/\" \/>\n<meta property=\"og:locale\" content=\"en_US\" \/>\n<meta property=\"og:type\" content=\"article\" \/>\n<meta property=\"og:title\" content=\"Cleaning Agency - Website Demos\" \/>\n<meta property=\"og:url\" content=\"https:\/\/websitedemos.net\/astra-site\/cleaning-agency-2\/\" \/>\n<meta property=\"og:site_name\" content=\"Website Demos\" \/>\n<meta property=\"article:modified_time\" content=\"2020-03-16T06:34:51+00:00\" \/>\n<meta property=\"og:image\" content=\"https:\/\/websitedemos.net\/wp-content\/uploads\/2020\/01\/cleaning-agency-04-home-page.jpg\" \/>\n\t<meta property=\"og:image:width\" content=\"1200\" \/>\n\t<meta property=\"og:image:height\" content=\"5042\" \/>\n<meta name=\"twitter:card\" content=\"summary\" \/>\n<script type=\"application\/ld+json\" class=\"yoast-schema-graph\">{\"@context\":\"https:\/\/schema.org\",\"@graph\":[{\"@type\":\"WebSite\",\"@id\":\"https:\/\/websitedemos.net\/#website\",\"url\":\"https:\/\/websitedemos.net\/\",\"name\":\"Website Demos\",\"description\":\"The Fastest, Lightweight Ready Websites\",\"potentialAction\":[{\"@type\":\"SearchAction\",\"target\":\"https:\/\/websitedemos.net\/?s={search_term_string}\",\"query-input\":\"required name=search_term_string\"}],\"inLanguage\":\"en-US\"},{\"@type\":\"ImageObject\",\"@id\":\"https:\/\/websitedemos.net\/astra-site\/cleaning-agency-2\/#primaryimage\",\"inLanguage\":\"en-US\",\"url\":\"https:\/\/websitedemos.net\/wp-content\/uploads\/2020\/01\/cleaning-agency-04-home-page.jpg\",\"width\":1200,\"height\":5042},{\"@type\":\"WebPage\",\"@id\":\"https:\/\/websitedemos.net\/astra-site\/cleaning-agency-2\/#webpage\",\"url\":\"https:\/\/websitedemos.net\/astra-site\/cleaning-agency-2\/\",\"name\":\"Cleaning Agency - Website Demos\",\"isPartOf\":{\"@id\":\"https:\/\/websitedemos.net\/#website\"},\"primaryImageOfPage\":{\"@id\":\"https:\/\/websitedemos.net\/astra-site\/cleaning-agency-2\/#primaryimage\"},\"datePublished\":\"2020-03-16T06:34:43+00:00\",\"dateModified\":\"2020-03-16T06:34:51+00:00\",\"inLanguage\":\"en-US\",\"potentialAction\":[{\"@type\":\"ReadAction\",\"target\":[\"https:\/\/websitedemos.net\/astra-site\/cleaning-agency-2\/\"]}]}]}<\/script>\n<!-- \/ Yoast SEO plugin. -->","astra-site-type":"premium","astra-site-thumbnail":"https:\/\/websitedemos.net\/wp-content\/uploads\/2020\/01\/cleaning-agency-04-home-page-400x1681.jpg","required-plugins":[{"slug":"astra-addon","init":"astra-addon\/astra-addon.php","name":"Astra Pro"},{"slug":"beaver-builder-lite-version","init":"beaver-builder-lite-version\/fl-builder.php","name":"Beaver Builder Plugin (Lite Version)"},{"slug":"bb-ultimate-addon","init":"bb-ultimate-addon\/bb-ultimate-addon.php","name":"Ultimate Addons for Beaver Builder"},{"slug":"wpforms-lite","init":"wpforms-lite\/wpforms.php","name":"WPForms Lite"}],"astra-site-url":"\/\/websitedemos.net\/cleaning-agency-03","astra-site-open-in-new-tab":"0","astra-site-widgets-data":"{\"sidebar-1\":{\"search-2\":{\"title\":\"\"},\"recent-posts-2\":{\"title\":\"\",\"number\":5},\"recent-comments-2\":{\"title\":\"\",\"number\":5},\"archives-2\":{\"title\":\"\",\"count\":0,\"dropdown\":0},\"categories-2\":{\"title\":\"\",\"count\":0,\"hierarchical\":0,\"dropdown\":0},\"meta-2\":{\"title\":\"\"}}}","astra-site-customizer-data":{"astra-settings":{"blog-single-post-structure":["single-image","single-title-meta"],"blog-single-width":"default","blog-single-max-width":1200,"blog-single-meta":["comments","category","author"],"blog-post-structure":["image","title-meta"],"blog-width":"default","blog-max-width":1200,"blog-post-content":"excerpt","blog-meta":["comments","category","author"],"text-color":"#000000","link-color":"#19647e","theme-color":"#ede947","link-h-color":"#000000","footer-bg-obj":{"background-color":"#ffffff","background-image":"","background-repeat":"repeat","background-position":"center center","background-size":"auto","background-attachment":"scroll"},"footer-color":"#adadad","footer-link-color":"#848484","footer-link-h-color":"#28afb0","footer-adv-bg-obj":{"background-color":"","background-image":"","background-repeat":"repeat","background-position":"center center","background-size":"auto","background-attachment":"scroll"},"footer-adv-text-color":"","footer-adv-link-color":"","footer-adv-link-h-color":"","footer-adv-wgt-title-color":"","button-color":"#0a0a0a","button-h-color":"#ffffff","button-bg-color":"#ede947","button-bg-h-color":"#000000","theme-button-padding":{"desktop":{"top":"18","right":"30","bottom":"18","left":"30"},"tablet":{"top":"","right":"","bottom":"","left":""},"mobile":{"top":"","right":"","bottom":"","left":""},"desktop-unit":"px","tablet-unit":"px","mobile-unit":"px"},"button-radius":50,"theme-button-border-group-border-size":{"top":"0","right":"0","bottom":"0","left":"0"},"footer-sml-layout":"footer-sml-layout-2","footer-sml-section-1":"custom","footer-sml-section-1-credit":"Copyright \u00a9 [current_year] [site_title] | <a href=\"#\">Credits<\/a>","footer-sml-section-2":"custom","footer-sml-section-2-credit":"Powered by [site_title]","footer-sml-dist-equal-align":true,"footer-sml-divider":0,"footer-sml-divider-color":"#7a7a7a","footer-layout-width":"content","ast-header-retina-logo":"https:\/\/websitedemos.net\/cleaning-agency-03-wip\/wp-content\/uploads\/sites\/529\/2019\/10\/logo-retina-free-img.png","ast-header-logo-width":"","ast-header-responsive-logo-width":{"desktop":"","tablet":"","mobile":""},"display-site-title":false,"display-site-tagline":0,"logo-title-inline":1,"disable-primary-nav":false,"header-layouts":"header-main-layout-1","header-main-rt-section":"button","header-display-outside-menu":false,"header-main-rt-section-html":"","header-main-rt-section-button-text":"Call 929-242-6868","header-main-rt-section-button-link":"#","header-main-rt-section-button-link-option":{"url":"#","new_tab":false,"link_rel":""},"header-main-rt-section-button-style":"theme-button","header-main-rt-section-button-text-color":"#ede947","header-main-rt-section-button-back-color":"rgba(238,238,34,0.02)","header-main-rt-section-button-text-h-color":"#ffffff","header-main-rt-section-button-back-h-color":"rgba(238,238,34,0)","header-main-rt-section-button-padding":{"desktop":{"top":"0","right":"0","bottom":"0","left":"0"},"tablet":{"top":"","right":"","bottom":"","left":""},"mobile":{"top":"","right":"","bottom":"","left":""},"desktop-unit":"px","tablet-unit":"px","mobile-unit":"px"},"header-main-rt-section-button-border-size":{"top":"","right":"","bottom":"","left":""},"header-main-sep":0,"header-main-sep-color":"","header-main-layout-width":"content","primary-submenu-border":{"top":"2","right":"0","bottom":"0","left":"0"},"primary-submenu-item-border":false,"primary-submenu-b-color":"","primary-submenu-item-b-color":"","header-main-menu-label":"","header-main-menu-align":"inline","header-main-submenu-container-animation":"fade","mobile-header-breakpoint":"","mobile-header-logo":"","mobile-header-logo-width":"","site-layout":"ast-full-width-layout","site-content-width":1140,"site-layout-outside-bg-obj":{"background-color":"","background-image":"","background-repeat":"repeat","background-position":"center center","background-size":"auto","background-attachment":"scroll"},"site-content-layout":"boxed-container","single-page-content-layout":"default","single-post-content-layout":"default","archive-post-content-layout":"default","body-font-family":"'Montserrat', sans-serif","body-font-variant":"","body-font-weight":"500","font-size-body":{"desktop":"15","tablet":"","mobile":"","desktop-unit":"px","tablet-unit":"px","mobile-unit":"px"},"body-line-height":"","para-margin-bottom":"","body-text-transform":"","headings-font-family":"'Quicksand', sans-serif","headings-font-weight":"500","headings-text-transform":"","headings-line-height":"","font-size-site-title":{"desktop":35,"tablet":"","mobile":"","desktop-unit":"px","tablet-unit":"px","mobile-unit":"px"},"font-size-site-tagline":{"desktop":15,"tablet":"","mobile":"","desktop-unit":"px","tablet-unit":"px","mobile-unit":"px"},"font-size-entry-title":{"desktop":30,"tablet":"","mobile":"","desktop-unit":"px","tablet-unit":"px","mobile-unit":"px"},"font-size-archive-summary-title":{"desktop":40,"tablet":"","mobile":"","desktop-unit":"px","tablet-unit":"px","mobile-unit":"px"},"font-size-page-title":{"desktop":40,"tablet":"","mobile":"","desktop-unit":"px","tablet-unit":"px","mobile-unit":"px"},"font-size-h1":{"desktop":"85","tablet":"65","mobile":"43","desktop-unit":"px","tablet-unit":"px","mobile-unit":"px"},"font-size-h2":{"desktop":"50","tablet":"45","mobile":"34","desktop-unit":"px","tablet-unit":"px","mobile-unit":"px"},"font-size-h3":{"desktop":"35","tablet":"30","mobile":"","desktop-unit":"px","tablet-unit":"px","mobile-unit":"px"},"font-size-h4":{"desktop":"28","tablet":"23","mobile":"","desktop-unit":"px","tablet-unit":"px","mobile-unit":"px"},"font-size-h5":{"desktop":"22","tablet":"18","mobile":"","desktop-unit":"px","tablet-unit":"px","mobile-unit":"px"},"font-size-h6":{"desktop":"15","tablet":"","mobile":"","desktop-unit":"px","tablet-unit":"px","mobile-unit":"px"},"site-sidebar-layout":"no-sidebar","site-sidebar-width":30,"single-page-sidebar-layout":"default","single-post-sidebar-layout":"default","archive-post-sidebar-layout":"default","footer-adv":"disabled","footer-adv-border-width":"","footer-adv-border-color":"#7a7a7a","mobile-header-toggle-btn-style":"fill","hide-custom-menu-mobile":false,"mobile-header-toggle-target":"icon","transparent-header-logo":"","transparent-header-retina-logo":"","different-transparent-logo":0,"different-transparent-retina-logo":false,"transparent-header-logo-width":{"desktop":"","tablet":"","mobile":""},"transparent-header-enable":0,"transparent-header-disable-archive":1,"transparent-header-disable-latest-posts-index":1,"transparent-header-on-devices":"both","transparent-header-main-sep":0,"transparent-header-main-sep-color":"","transparent-header-bg-color":"","transparent-header-color-site-title":"","transparent-header-color-h-site-title":"","transparent-menu-bg-color":"","transparent-menu-color":"","transparent-menu-h-color":"","transparent-submenu-bg-color":"","transparent-submenu-color":"","transparent-submenu-h-color":"","transparent-header-bg-color-responsive":{"desktop":"","tablet":"","mobile":""},"transparent-header-color-site-title-responsive":{"desktop":"","tablet":"","mobile":""},"transparent-header-color-h-site-title-responsive":{"desktop":"","tablet":"","mobile":""},"transparent-menu-bg-color-responsive":{"desktop":"","tablet":"","mobile":""},"transparent-menu-color-responsive":{"desktop":"#ffffff","tablet":"rgba(0,0,0,0.5)","mobile":""},"transparent-menu-h-color-responsive":{"desktop":"#eeee22","tablet":"#28afb0","mobile":""},"transparent-submenu-bg-color-responsive":{"desktop":"","tablet":"","mobile":""},"transparent-submenu-color-responsive":{"desktop":"","tablet":"","mobile":""},"transparent-submenu-h-color-responsive":{"desktop":"","tablet":"","mobile":""},"transparent-content-section-text-color-responsive":{"desktop":"","tablet":"","mobile":""},"transparent-content-section-link-color-responsive":{"desktop":"","tablet":"","mobile":""},"transparent-content-section-link-h-color-responsive":{"desktop":"","tablet":"","mobile":""},"breadcrumb-font-family":"inherit","breadcrumb-font-weight":"inherit","breadcrumb-text-transform":"","breadcrumb-text-color-responsive":{"desktop":"","tablet":"","mobile":""},"breadcrumb-active-color-responsive":{"desktop":"","tablet":"","mobile":""},"breadcrumb-hover-color-responsive":{"desktop":"","tablet":"","mobile":""},"breadcrumb-separator-color":{"desktop":"","tablet":"","mobile":""},"breadcrumb-bg-color":{"desktop":"","tablet":"","mobile":""},"breadcrumb-spacing":{"desktop":{"top":"","right":"","bottom":"","left":""},"tablet":{"top":"","right":"","bottom":"","left":""},"mobile":{"top":"","right":"","bottom":"","left":""},"desktop-unit":"px","tablet-unit":"px","mobile-unit":"px"},"h1-color":"","h2-color":"","h3-color":"","h4-color":"","h5-color":"","h6-color":"","font-family-h1":"inherit","font-weight-h1":"inherit","text-transform-h1":"","line-height-h1":"","font-family-h2":"inherit","font-weight-h2":"inherit","text-transform-h2":"","line-height-h2":"","font-family-h3":"inherit","font-weight-h3":"inherit","text-transform-h3":"","line-height-h3":"","font-weight-button":"500","font-family-button":"inherit","font-size-button":{"desktop":"14","tablet":"","mobile":"","desktop-unit":"px","tablet-unit":"px","mobile-unit":"px"},"text-transform-button":"uppercase","theme-btn-line-height":1,"theme-btn-letter-spacing":"","header-main-rt-section-search-box-type":"slide-search","below-header-section-2-search-box-type":"slide-search","below-header-section-1-search-box-type":"slide-search","above-header-section-1-search-box-type":"slide-search","above-header-section-2-search-box-type":"slide-search","astra-addon-auto-version":"2.3.3","theme-auto-version":"2.3.3","_astra_pb_compatibility_completed":true,"different-retina-logo":true,"mobile-header-toggle-btn-style-color":"#000000","mobile-header-toggle-btn-border-radius":5,"is_addon_queue_running":false,"submenu-open-below-header":false,"is_astra_addon_queue_running":false,"heading-base-color":"#0a0a0a","button-color-styling-divider":"","theme-button-color-group":"","theme-button-border-group":"","theme-button-border-group-border-color":"","theme-button-border-group-border-h-color":"","button-padding-styling-divider":"","primary-header-button-color-divider":"","primary-header-button-color-group":"","primary-header-button-border-group":"","header-main-rt-section-button-border-color":"","header-main-rt-section-button-border-h-color":"","header-main-rt-section-button-border-radius":"","transparent-header-button-color-divider":"","transparent-header-button-color-group":"","transparent-header-button-border-group":"","header-main-rt-trans-section-button-text-color":"","header-main-rt-trans-section-button-text-h-color":"","header-main-rt-trans-section-button-back-color":"","header-main-rt-trans-section-button-back-h-color":"","header-main-rt-trans-section-button-padding":"","header-main-rt-trans-section-button-border-size":"","header-main-rt-trans-section-button-border-color":"","header-main-rt-trans-section-button-border-h-color":"","header-main-rt-trans-section-button-border-radius":"","header-button-style-link":"","header-main-menu-label-divider":"","mobile-header-toggle-target-link-notice":"","divider-section-site-identity-logo":"","different-mobile-logo":false,"ast-site-logo-divider":"","ast-site-icon-divider":"","site-title-typography":"","ast-site-title-divider":"","site-tagline-typography":"","ast-styling-section-blog-width":"","ast-styling-section-blog-width-end":"","ast-styling-section-blog-single-width":"","single-page-sidebar-layout-divider":"","divider-section-sidebar-width":"","site-sidebar-width-description":"","site-content-layout-divider":"","section-ast-small-footer-layout-info":"","section-ast-small-footer-typography":"","footer-bar-color-background-heading-divider":"","footer-bar-background-group":"","footer-bar-content-group":"","divider-outside-bg-color":"","footer-widget-color-background-heading-divider":"","footer-widget-background-group":"","footer-widget-content-group":"","blog-typography-divider":"","blog-content-archive-summary-typo":"","blog-content-blog-post-title-typo":"","divider-base-typo":"","divider-headings-typo":"","headings-font-variant":"","divider-section-h1":"","divider-section-h2":"","divider-section-h3":"","divider-section-h4":"","divider-section-h5":"","divider-section-h6":"","divider-section-single-post-typo":"","blog-single-title-typo":"","transparent-header-disable-index":"","transparent-header-disable-page":"","transparent-header-disable-posts":"","divider-section-transparent-display":"","divider-section-transparent-styling":"","divider-section-transparent-border-styling":"","divider-sec-transparent-styling":"","transparent-header-background-colors":"","transparent-header-colors":"","transparent-header-colors-menu":"","transparent-header-colors-submenu":"","transparent-header-colors-content":"","breadcrumb-position":"none","select-breadcrumb-source":"default","breadcrumb-separator":"&#187;","breadcrumb-disable-home-page":"","breadcrumb-disable-blog-posts-page":"","breadcrumb-disable-search":"","breadcrumb-disable-archive":"","breadcrumb-disable-single-page":"","breadcrumb-disable-single-post":"","breadcrumb-disable-singular":"","breadcrumb-disable-404-page":"","breadcrumb-alignment":"left","section-breadcrumb-color-divider":"","section-breadcrumb-color":"","section-breadcrumb-typography-divider":"","section-breadcrumb-typo":"","breadcrumb-font-size":"","breadcrumb-line-height":"","button-typography-styling-divider":"","button-text-typography":"","header-custom-layout-above-header":"","header-custom-layout-below-header":"","header-custom-layout-header":"","header-custom-layout-sticky-header":"","header-custom-layout-transparent-header":"","header-custom-color-primary-header":"","header-custom-title_tagline":"","ele-default-color-typo-setting-comp":false,"is_theme_queue_running":false},"custom-css":""},"astra-site-options-data":{"woocommerce_product_attributes":[],"woocommerce_product_cat_list":[],"woocommerce_product_cat":[],"custom_logo":"https:\/\/websitedemos.net\/cleaning-agency-03\/wp-content\/uploads\/sites\/529\/2019\/10\/logo-regular-free-img.png","nav_menu_locations":{"primary":"menu"},"show_on_front":"page","page_on_front":"Home","page_for_posts":"","_fl_builder_enabled_icons":null,"_fl_builder_enabled_modules":null,"_fl_builder_post_types":null,"_fl_builder_color_presets":["ff0000","ede947","19647e"],"_fl_builder_services":null,"_fl_builder_settings":{"show_default_heading":"0","default_heading_selector":".fl-post-header","row_margins":0,"row_margins_unit":"px","row_margins_medium":"","row_margins_medium_unit":"px","row_margins_responsive":"","row_margins_responsive_unit":"px","row_padding":20,"row_padding_unit":"px","row_padding_medium":"","row_padding_medium_unit":"px","row_padding_responsive":"","row_padding_responsive_unit":"px","row_width":1200,"row_width_unit":"px","row_width_default":"fixed","row_content_width_default":"fixed","column_margins":0,"column_margins_unit":"px","column_margins_medium":"","column_margins_medium_unit":"px","column_margins_responsive":"","column_margins_responsive_unit":"px","column_padding":0,"column_padding_unit":"px","column_padding_medium":"","column_padding_medium_unit":"px","column_padding_responsive":"","column_padding_responsive_unit":"px","module_margins":20,"module_margins_unit":"px","module_margins_medium":"","module_margins_medium_unit":"px","module_margins_responsive":"","module_margins_responsive_unit":"px","responsive_enabled":"1","auto_spacing":"1","medium_breakpoint":992,"responsive_breakpoint":768,"responsive_col_max_width":"1","responsive_base_fontsize":16,"css":"","js":""},"_fl_builder_user_access":null,"_fl_builder_enabled_templates":null,"elementor_container_width":"1200","elementor_cpt_support":["post","page"],"elementor_css_print_method":"external","elementor_default_generic_fonts":"Sans-serif","elementor_disable_color_schemes":"yes","elementor_disable_typography_schemes":"yes","elementor_editor_break_lines":"","elementor_exclude_user_roles":null,"elementor_global_image_lightbox":"yes","elementor_page_title_selector":"","elementor_scheme_color":{"1":"#6ec1e4","2":"#54595f","3":"#7a7a7a","4":"#61ce70"},"elementor_scheme_color-picker]":null,"elementor_scheme_typography":{"1":{"font_family":"Roboto","font_weight":"600"},"2":{"font_family":"Roboto Slab","font_weight":"400"},"3":{"font_family":"Roboto","font_weight":"400"},"4":{"font_family":"Roboto","font_weight":"500"}},"elementor_space_between_widgets":"","elementor_stretched_section_container":"","elementor_load_fa4_shim":null,"woocommerce_shop_page_title":"","woocommerce_cart_page_title":"","woocommerce_checkout_page_title":"","woocommerce_myaccount_page_title":"","woocommerce_edit_address_page_title":"","woocommerce_view_order_page_title":"","woocommerce_change_password_page_title":"","woocommerce_logout_page_title":"","woocommerce_enable_guest_checkout":null,"woocommerce_enable_checkout_login_reminder":null,"woocommerce_enable_signup_and_login_from_checkout":null,"woocommerce_enable_myaccount_registration":null,"woocommerce_registration_generate_username":null,"wpforms_settings":{"disable-css":"2","global-assets":false,"gdpr":false},"learndash_settings_theme_ld30":null,"learndash_settings_courses_themes":null},"astra-site-wxr-path":"https:\/\/websitedemos.net\/wp-content\/uploads\/astra-sites\/529\/wxr.xml","astra-site-give-path":"","astra-enabled-extensions":{"advanced-hooks":"advanced-hooks","blog-pro":"","colors-and-background":"","advanced-footer":"","mobile-header":"","header-sections":"","lifterlms":"","learndash":"","advanced-headers":"","site-layouts":"","spacing":"","sticky-header":"","scroll-to-top":"","transparent-header":"","typography":"","woocommerce":"","edd":"","nav-menu":"","all":"all"},"astra-custom-404":"","featured-image-url":"https:\/\/websitedemos.net\/wp-content\/uploads\/2020\/01\/cleaning-agency-04-home-page.jpg","astra-woocommerce-csv-path":"","astra-post-data-mapping":{"astra-advanced-hook":[{"post_id":414,"post_title":"Site Footer","mapping":{"ast-advanced-hook-location":{"rule":["basic-global"],"specific":[]}}}],"astra_adv_header":[],"give_forms":[]},"astra-site-wpforms-path":"https:\/\/websitedemos.net\/wp-content\/uploads\/astra-sites\/529\/wpforms.json","astra-site-cartflows-path":"","astra-site-taxonomy-mapping":"","astra-site-parent-id":1421,"license-status":"valid","request_time":0.44019484519958496,"_links":{"self":[{"href":"https:\/\/websitedemos.net\/wp-json\/wp\/v2\/astra-sites\/44213"}],"collection":[{"href":"https:\/\/websitedemos.net\/wp-json\/wp\/v2\/astra-sites"}],"about":[{"href":"https:\/\/websitedemos.net\/wp-json\/wp\/v2\/types\/astra-sites"}],"author":[{"embeddable":true,"href":"https:\/\/websitedemos.net\/wp-json\/wp\/v2\/users\/39"}],"version-history":[{"count":1,"href":"https:\/\/websitedemos.net\/wp-json\/wp\/v2\/astra-sites\/44213\/revisions"}],"predecessor-version":[{"id":44221,"href":"https:\/\/websitedemos.net\/wp-json\/wp\/v2\/astra-sites\/44213\/revisions\/44221"}],"wp:featuredmedia":[{"embeddable":true,"href":"https:\/\/websitedemos.net\/wp-json\/wp\/v2\/media\/42745"}],"wp:attachment":[{"href":"https:\/\/websitedemos.net\/wp-json\/wp\/v2\/media?parent=44213"}],"wp:term":[{"taxonomy":"astra-site-category","embeddable":true,"href":"https:\/\/websitedemos.net\/wp-json\/wp\/v2\/astra-site-category?post=44213"},{"taxonomy":"astra-sites-type","embeddable":true,"href":"https:\/\/websitedemos.net\/wp-json\/wp\/v2\/astra-sites-type?post=44213"},{"taxonomy":"astra-site-page-builder","embeddable":true,"href":"https:\/\/websitedemos.net\/wp-json\/wp\/v2\/astra-site-page-builder?post=44213"},{"taxonomy":"astra-sites-tag","embeddable":true,"href":"https:\/\/websitedemos.net\/wp-json\/wp\/v2\/astra-sites-tag?post=44213"}],"curies":[{"name":"wp","href":"https:\/\/api.w.org\/{rel}","templated":true}]}}