{"id":44273,"date":"2020-03-13T18:51:30","date_gmt":"2020-03-13T13:21:30","guid":{"rendered":"https:\/\/websitedemos.net\/?post_type=astra-sites&#038;p=44273"},"modified":"2020-03-13T18:51:35","modified_gmt":"2020-03-13T13:21:35","slug":"manufacturing-2","status":"publish","type":"astra-sites","link":"https:\/\/websitedemos.net\/astra-site\/manufacturing-2\/","title":{"rendered":"Manufacturing"},"content":{"rendered":"","protected":false},"author":39,"featured_media":43864,"template":"","astra-site-category":[27],"astra-sites-type":[40],"astra-site-page-builder":[34],"astra-sites-tag":[488,985,492,490,491,489],"yoast_head":"<!-- This site is optimized with the Yoast SEO plugin v15.5 - https:\/\/yoast.com\/wordpress\/plugins\/seo\/ -->\n<title>Manufacturing - Website Demos<\/title>\n<meta name=\"robots\" content=\"index, follow, max-snippet:-1, max-image-preview:large, max-video-preview:-1\" \/>\n<link rel=\"canonical\" href=\"https:\/\/websitedemos.net\/astra-site\/manufacturing-2\/\" \/>\n<meta property=\"og:locale\" content=\"en_US\" \/>\n<meta property=\"og:type\" content=\"article\" \/>\n<meta property=\"og:title\" content=\"Manufacturing - Website Demos\" \/>\n<meta property=\"og:url\" content=\"https:\/\/websitedemos.net\/astra-site\/manufacturing-2\/\" \/>\n<meta property=\"og:site_name\" content=\"Website Demos\" \/>\n<meta property=\"article:modified_time\" content=\"2020-03-13T13:21:35+00:00\" \/>\n<meta property=\"og:image\" content=\"https:\/\/websitedemos.net\/wp-content\/uploads\/2019\/05\/manufacturing-04-1.jpg\" \/>\n\t<meta property=\"og:image:width\" content=\"1200\" \/>\n\t<meta property=\"og:image:height\" content=\"2781\" \/>\n<meta name=\"twitter:card\" content=\"summary\" \/>\n<script type=\"application\/ld+json\" class=\"yoast-schema-graph\">{\"@context\":\"https:\/\/schema.org\",\"@graph\":[{\"@type\":\"WebSite\",\"@id\":\"https:\/\/websitedemos.net\/#website\",\"url\":\"https:\/\/websitedemos.net\/\",\"name\":\"Website Demos\",\"description\":\"The Fastest, Lightweight Ready Websites\",\"potentialAction\":[{\"@type\":\"SearchAction\",\"target\":\"https:\/\/websitedemos.net\/?s={search_term_string}\",\"query-input\":\"required name=search_term_string\"}],\"inLanguage\":\"en-US\"},{\"@type\":\"ImageObject\",\"@id\":\"https:\/\/websitedemos.net\/astra-site\/manufacturing-2\/#primaryimage\",\"inLanguage\":\"en-US\",\"url\":\"https:\/\/websitedemos.net\/wp-content\/uploads\/2019\/05\/manufacturing-04-1.jpg\",\"width\":1200,\"height\":2781},{\"@type\":\"WebPage\",\"@id\":\"https:\/\/websitedemos.net\/astra-site\/manufacturing-2\/#webpage\",\"url\":\"https:\/\/websitedemos.net\/astra-site\/manufacturing-2\/\",\"name\":\"Manufacturing - Website Demos\",\"isPartOf\":{\"@id\":\"https:\/\/websitedemos.net\/#website\"},\"primaryImageOfPage\":{\"@id\":\"https:\/\/websitedemos.net\/astra-site\/manufacturing-2\/#primaryimage\"},\"datePublished\":\"2020-03-13T13:21:30+00:00\",\"dateModified\":\"2020-03-13T13:21:35+00:00\",\"inLanguage\":\"en-US\",\"potentialAction\":[{\"@type\":\"ReadAction\",\"target\":[\"https:\/\/websitedemos.net\/astra-site\/manufacturing-2\/\"]}]}]}<\/script>\n<!-- \/ Yoast SEO plugin. -->","astra-site-type":"premium","astra-site-thumbnail":"https:\/\/websitedemos.net\/wp-content\/uploads\/2019\/05\/manufacturing-04-1-400x927.jpg","required-plugins":[{"slug":"astra-addon","init":"astra-addon\/astra-addon.php","name":"Astra Pro"},{"slug":"beaver-builder-lite-version","init":"beaver-builder-lite-version\/fl-builder.php","name":"Beaver Builder Plugin (Lite Version)"},{"slug":"bb-ultimate-addon","init":"bb-ultimate-addon\/bb-ultimate-addon.php","name":"Ultimate Addons for Beaver Builder"},{"slug":"wpforms-lite","init":"wpforms-lite\/wpforms.php","name":"WPForms Lite"}],"astra-site-url":"\/\/websitedemos.net\/manufacturing-03","astra-site-open-in-new-tab":"0","astra-site-widgets-data":"{\"sidebar-1\":{\"search-2\":{\"title\":\"\"},\"recent-posts-2\":{\"title\":\"\",\"number\":5},\"recent-comments-2\":{\"title\":\"\",\"number\":5},\"archives-2\":{\"title\":\"\",\"count\":0,\"dropdown\":0},\"categories-2\":{\"title\":\"\",\"count\":0,\"hierarchical\":0,\"dropdown\":0},\"meta-2\":{\"title\":\"\"}}}","astra-site-customizer-data":{"astra-settings":{"blog-single-post-structure":["single-image","single-title-meta"],"blog-single-width":"default","blog-single-max-width":1200,"blog-single-meta":["comments","category","author"],"blog-post-structure":["image","title-meta"],"blog-width":"default","blog-max-width":1200,"blog-post-content":"excerpt","blog-meta":["comments","category","author"],"text-color":"#848484","link-color":"#ffa800","theme-color":"#ffa800","link-h-color":"#3a3a3a","footer-bg-obj":{"background-color":"","background-image":"","background-repeat":"repeat","background-position":"center center","background-size":"auto","background-attachment":"scroll"},"footer-color":"#848484","footer-link-color":"#a5a5a5","footer-link-h-color":"#ffffff","footer-adv-bg-obj":{"background-color":"","background-image":"","background-repeat":"repeat","background-position":"center center","background-size":"auto","background-attachment":"scroll"},"footer-adv-text-color":"","footer-adv-link-color":"","footer-adv-link-h-color":"","footer-adv-wgt-title-color":"","button-color":"#000000","button-h-color":"#000000","button-bg-color":"#ffffff","button-bg-h-color":"#ffa800","theme-button-padding":{"desktop":{"top":"40","right":"70","bottom":"40","left":"70"},"tablet":{"top":"","right":"","bottom":"","left":""},"mobile":{"top":"","right":"","bottom":"","left":""},"desktop-unit":"px","tablet-unit":"px","mobile-unit":"px"},"button-radius":0,"theme-button-border-group-border-size":{"top":"0","right":"0","bottom":"0","left":"0"},"footer-sml-layout":"footer-sml-layout-2","footer-sml-section-1":"custom","footer-sml-section-1-credit":"Copyright \u00a9 [current_year] [site_title] | <a href=\"#\">Credits<\/a>","footer-sml-section-2":"custom","footer-sml-section-2-credit":"Powered by [site_title]","footer-sml-dist-equal-align":true,"footer-sml-divider":0,"footer-sml-divider-color":"#7a7a7a","footer-layout-width":"content","ast-header-retina-logo":"https:\/\/websitedemos.net\/manufacturing-03\/wp-content\/uploads\/sites\/446\/2019\/04\/site-logo@2x-free-img-1.png","ast-header-logo-width":"","ast-header-responsive-logo-width":{"desktop":"","tablet":"","mobile":""},"display-site-title":false,"display-site-tagline":0,"logo-title-inline":0,"disable-primary-nav":false,"header-layouts":"header-main-layout-1","header-main-rt-section":"none","header-display-outside-menu":false,"header-main-rt-section-html":"<button>Contact Us<\/button>","header-main-rt-section-button-text":"Button","header-main-rt-section-button-link":"https:\/\/www.wpastra.com","header-main-rt-section-button-link-option":{"url":"https:\/\/www.wpastra.com","new_tab":false,"link_rel":""},"header-main-rt-section-button-style":"theme-button","header-main-rt-section-button-text-color":"","header-main-rt-section-button-back-color":"","header-main-rt-section-button-text-h-color":"","header-main-rt-section-button-back-h-color":"","header-main-rt-section-button-padding":{"desktop":{"top":"","right":"","bottom":"","left":""},"tablet":{"top":"","right":"","bottom":"","left":""},"mobile":{"top":"","right":"","bottom":"","left":""}},"header-main-rt-section-button-border-size":{"top":"","right":"","bottom":"","left":""},"header-main-sep":0,"header-main-sep-color":"","header-main-layout-width":"content","primary-submenu-border":{"top":"1","bottom":"1","left":"1","right":"1"},"primary-submenu-item-border":1,"primary-submenu-b-color":"#eaeaea","primary-submenu-item-b-color":"#eaeaea","header-main-menu-label":"","header-main-menu-align":"inline","header-main-submenu-container-animation":"","mobile-header-breakpoint":"","mobile-header-logo":"","mobile-header-logo-width":"","site-layout":"ast-box-layout","site-content-width":1500,"site-layout-outside-bg-obj":{"background-color":"#292929","background-image":"","background-repeat":"repeat","background-position":"center center","background-size":"auto","background-attachment":"scroll"},"site-content-layout":"boxed-container","single-page-content-layout":"default","single-post-content-layout":"default","archive-post-content-layout":"default","body-font-family":"'Oswald', sans-serif","body-font-variant":"300","body-font-weight":"300","font-size-body":{"desktop":"19","tablet":"","mobile":"","desktop-unit":"px","tablet-unit":"px","mobile-unit":"px"},"body-line-height":"","para-margin-bottom":"","body-text-transform":"","headings-font-family":"'Teko', sans-serif","headings-font-weight":"600","headings-text-transform":"uppercase","headings-line-height":"","font-size-site-title":{"desktop":35,"tablet":"","mobile":"","desktop-unit":"px","tablet-unit":"px","mobile-unit":"px"},"font-size-site-tagline":{"desktop":15,"tablet":"","mobile":"","desktop-unit":"px","tablet-unit":"px","mobile-unit":"px"},"font-size-entry-title":{"desktop":30,"tablet":"","mobile":"","desktop-unit":"px","tablet-unit":"px","mobile-unit":"px"},"font-size-archive-summary-title":{"desktop":40,"tablet":"","mobile":"","desktop-unit":"px","tablet-unit":"px","mobile-unit":"px"},"font-size-page-title":{"desktop":"30","tablet":"","mobile":"","desktop-unit":"px","tablet-unit":"px","mobile-unit":"px"},"font-size-h1":{"desktop":"90","tablet":"72","mobile":"54","desktop-unit":"px","tablet-unit":"px","mobile-unit":"px"},"font-size-h2":{"desktop":"90","tablet":"70","mobile":"54","desktop-unit":"px","tablet-unit":"px","mobile-unit":"px"},"font-size-h3":{"desktop":"45","tablet":"35","mobile":"25","desktop-unit":"px","tablet-unit":"px","mobile-unit":"px"},"font-size-h4":{"desktop":"34","tablet":"30","mobile":"22","desktop-unit":"px","tablet-unit":"px","mobile-unit":"px"},"font-size-h5":{"desktop":18,"tablet":"","mobile":"","desktop-unit":"px","tablet-unit":"px","mobile-unit":"px"},"font-size-h6":{"desktop":15,"tablet":"","mobile":"","desktop-unit":"px","tablet-unit":"px","mobile-unit":"px"},"site-sidebar-layout":"no-sidebar","site-sidebar-width":30,"single-page-sidebar-layout":"default","single-post-sidebar-layout":"default","archive-post-sidebar-layout":"default","footer-adv":"disabled","footer-adv-border-width":"","footer-adv-border-color":"#7a7a7a","mobile-header-toggle-btn-style":"fill","hide-custom-menu-mobile":1,"mobile-header-toggle-target":"icon","transparent-header-logo":"","transparent-header-retina-logo":"","different-transparent-logo":false,"different-transparent-retina-logo":true,"transparent-header-logo-width":{"desktop":"","tablet":"","mobile":""},"transparent-header-enable":false,"transparent-header-disable-archive":1,"transparent-header-disable-latest-posts-index":1,"transparent-header-on-devices":"both","transparent-header-main-sep":0,"transparent-header-main-sep-color":"","transparent-header-bg-color":"","transparent-header-color-site-title":"","transparent-header-color-h-site-title":"","transparent-menu-bg-color":"","transparent-menu-color":"","transparent-menu-h-color":"","transparent-submenu-bg-color":"","transparent-submenu-color":"","transparent-submenu-h-color":"","transparent-header-bg-color-responsive":{"desktop":"","tablet":"","mobile":""},"transparent-header-color-site-title-responsive":{"desktop":"","tablet":"","mobile":""},"transparent-header-color-h-site-title-responsive":{"desktop":"","tablet":"","mobile":""},"transparent-menu-bg-color-responsive":{"desktop":"","tablet":"","mobile":""},"transparent-menu-color-responsive":{"desktop":"#ffffff","tablet":"","mobile":""},"transparent-menu-h-color-responsive":{"desktop":"#ffffff","tablet":"","mobile":""},"transparent-submenu-bg-color-responsive":{"desktop":"","tablet":"","mobile":""},"transparent-submenu-color-responsive":{"desktop":"","tablet":"","mobile":""},"transparent-submenu-h-color-responsive":{"desktop":"","tablet":"","mobile":""},"transparent-content-section-text-color-responsive":{"desktop":"","tablet":"","mobile":""},"transparent-content-section-link-color-responsive":{"desktop":"","tablet":"","mobile":""},"transparent-content-section-link-h-color-responsive":{"desktop":"","tablet":"","mobile":""},"breadcrumb-font-family":"","breadcrumb-font-weight":"","breadcrumb-text-transform":"","breadcrumb-text-color-responsive":{"desktop":"","tablet":"","mobile":""},"breadcrumb-active-color-responsive":{"desktop":"","tablet":"","mobile":""},"breadcrumb-hover-color-responsive":{"desktop":"","tablet":"","mobile":""},"breadcrumb-separator-color":{"desktop":"","tablet":"","mobile":""},"breadcrumb-bg-color":{"desktop":"","tablet":"","mobile":""},"breadcrumb-spacing":{"desktop":{"top":"","right":"","bottom":"","left":""},"tablet":{"top":"","right":"","bottom":"","left":""},"mobile":{"top":"","right":"","bottom":"","left":""},"desktop-unit":"px","tablet-unit":"px","mobile-unit":"px"},"h1-color":"#ffffff","h2-color":"","h3-color":"","h4-color":"","h5-color":"","h6-color":"","font-family-h1":"inherit","font-weight-h1":"inherit","text-transform-h1":"","line-height-h1":"0.8","font-family-h2":"inherit","font-weight-h2":"inherit","text-transform-h2":"","line-height-h2":"0.8","font-family-h3":"inherit","font-weight-h3":"inherit","text-transform-h3":"","line-height-h3":"1","font-weight-button":"inherit","font-family-button":"inherit","font-size-button":{"desktop":"16","tablet":"","mobile":"","desktop-unit":"px","tablet-unit":"px","mobile-unit":"px"},"text-transform-button":"uppercase","theme-btn-line-height":1,"theme-btn-letter-spacing":"","content-bg-obj":{"background-color":"","background-image":"","background-repeat":"repeat","background-position":"center center","background-size":"auto","background-attachment":"scroll"},"header-bg-obj":{"background-color":"","background-image":"","background-repeat":"repeat","background-position":"center center","background-size":"auto","background-attachment":"scroll"},"header-bg-obj-responsive":{"desktop":{"background-color":"","background-image":"","background-repeat":"repeat","background-position":"center center","background-size":"auto","background-attachment":"scroll"},"tablet":{"background-color":"","background-image":"","background-repeat":"no-repeat","background-position":"center center","background-size":"cover","background-attachment":"scroll"},"mobile":{"background-color":"","background-image":"","background-repeat":"no-repeat","background-position":"center center","background-size":"cover","background-attachment":"scroll"}},"header-color-site-title":"","header-color-h-site-title":"","header-color-site-tagline":"","primary-menu-bg-color":"","primary-menu-color":"","primary-menu-h-bg-color":"","primary-menu-h-color":"","primary-menu-a-bg-color":"","primary-menu-a-color":"","primary-menu-bg-obj-responsive":{"desktop":{"background-color":"#262626","background-image":"","background-repeat":"no-repeat","background-position":"center center","background-size":"cover","background-attachment":"scroll"},"tablet":{"background-color":"","background-image":"","background-repeat":"no-repeat","background-position":"center center","background-size":"cover","background-attachment":"scroll"},"mobile":{"background-color":"","background-image":"","background-repeat":"no-repeat","background-position":"center center","background-size":"cover","background-attachment":"scroll"}},"primary-menu-color-responsive":{"desktop":"#ffffff","tablet":"","mobile":""},"primary-menu-h-bg-color-responsive":{"desktop":"#ffba30","tablet":"","mobile":""},"primary-menu-h-color-responsive":{"desktop":"#ffffff","tablet":"","mobile":""},"primary-menu-a-bg-color-responsive":{"desktop":"#ffa800","tablet":"","mobile":""},"primary-menu-a-color-responsive":{"desktop":"#ffffff","tablet":"","mobile":""},"primary-submenu-bg-color":"","primary-submenu-color":"","primary-submenu-h-bg-color":"","primary-submenu-h-color":"","primary-submenu-a-bg-color":"","primary-submenu-a-color":"","primary-submenu-bg-color-responsive":{"desktop":"","tablet":"","mobile":""},"primary-submenu-color-responsive":{"desktop":"","tablet":"","mobile":""},"primary-submenu-h-bg-color-responsive":{"desktop":"","tablet":"","mobile":""},"primary-submenu-h-color-responsive":{"desktop":"","tablet":"","mobile":""},"primary-submenu-a-bg-color-responsive":{"desktop":"","tablet":"","mobile":""},"primary-submenu-a-color-responsive":{"desktop":"","tablet":"","mobile":""},"entry-title-color":"","sidebar-bg-obj":{"background-color":"","background-image":"","background-repeat":"repeat","background-position":"center center","background-size":"auto","background-attachment":"scroll"},"sidebar-widget-title-color":"","sidebar-text-color":"","sidebar-link-color":"","sidebar-link-h-color":"","archive-summary-box-bg-color":"","archive-summary-box-title-color":"","archive-summary-box-text-color":"","page-title-color":"","post-meta-color":"","post-meta-link-color":"","post-meta-link-h-color":"","footer-bg-color":"","footer-bg-color-opc":"0.8","site-layout-padded-width":1200,"site-layout-padded-pad":{"desktop":{"top":"0","right":"7","bottom":"0","left":"7"},"tablet":{"top":"","right":"","bottom":"","left":""},"mobile":{"top":"","right":"","bottom":"","left":""},"desktop-unit":"%","tablet-unit":"px","mobile-unit":"px"},"site-layout-fluid-lr-padding":25,"site-layout-box-width":1500,"site-layout-box-tb-margin":0,"site-layout-box-bg-img":"","header-main-rt-section-search-box-type":"slide-search","below-header-section-2-search-box-type":"slide-search","below-header-section-1-search-box-type":"slide-search","above-header-section-1-search-box-type":"slide-search","above-header-section-2-search-box-type":"slide-search","astra-addon-auto-version":"2.3.3","theme-auto-version":"2.3.3","button-v-padding":10,"button-h-padding":40,"header-main-rt-section-button-border-color":"","header-main-rt-section-button-border-h-color":"","header-main-rt-section-button-border-radius":"","header-main-rt-trans-section-button-text-color":"","header-main-rt-trans-section-button-text-h-color":"","header-main-rt-trans-section-button-back-color":"","header-main-rt-trans-section-button-back-h-color":"","header-main-rt-trans-section-button-padding":"","header-main-rt-trans-section-button-border-size":"","header-main-rt-trans-section-button-border-color":"","header-main-rt-trans-section-button-border-h-color":"","header-main-rt-trans-section-button-border-radius":"","header-button-style-link":"","primary-submenu-border-divider":"","header-main-menu-label-divider":"","mobile-header-toggle-btn-style-color":"#ffa800","mobile-header-toggle-btn-border-radius":"","different-retina-logo":"1","different-mobile-logo":false,"ast-site-logo-divider":"","ast-site-icon-divider":"","ast-styling-section-blog-width":"","ast-styling-section-single-blog-layouts":"","single-page-sidebar-layout-divider":"","divider-section-sidebar-width":"","site-sidebar-width-description":"","site-content-layout-divider":"","section-ast-small-footer-layout-info":"","section-ast-small-footer-typography":"","footer-adv-border-style":"","divider-outside-bg-color":"","divider-footer-image":"","footer-adv-background-divider":"","divider-section-archive-typo-archive-title":"","divider-section-archive-summary-box-typo":"","divider-base-typo":"","divider-headings-typo":"","headings-font-variant":"400","divider-section-h1":"","divider-section-h2":"","divider-section-h3":"","divider-section-h4":"","divider-section-h5":"","divider-section-h6":"","divider-section-header-typo-title":"","divider-section-header-typo-tagline":"","divider-section-header-single-title":"","divider-transparent-menu-responsive":"","divider-transparent-sub-menu-responsive":"","divider-transparent-content-section":"","transparent-header-disable-index":"","transparent-header-disable-page":"","transparent-header-disable-posts":"","divider-section-transparent-display":"","divider-section-transparent-styling":"","breadcrumb-position":"none","select-breadcrumb-source":"default","breadcrumb-separator":"\u00bb","breadcrumb-disable-home-page":"","breadcrumb-disable-blog-posts-page":"","breadcrumb-disable-search":"","breadcrumb-disable-archive":"","breadcrumb-disable-single-page":"","breadcrumb-disable-single-post":"","breadcrumb-disable-singular":"","breadcrumb-disable-404-page":"","breadcrumb-alignment":"left","breadcrumb-font-size":"","breadcrumb-line-height":"","archive-summary-box-lable":"","archive-summary-box-divider":"","divider-bg-color":"","divider-primary-menu":"","divider-primary-sub-menu":"","divider-section-site-identity-spacing":"","site-identity-spacing":{"desktop":{"top":"0","right":"","bottom":"0","left":""},"tablet":{"top":"","right":"","bottom":"","left":""},"mobile":{"top":"0","right":"0","bottom":"0","left":"0"},"desktop-unit":"px","tablet-unit":"px","mobile-unit":"px"},"site-identity-spacing-divider":"","content-spacing-divider":"","container-outside-spacing":{"desktop":{"top":"","right":"","bottom":"","left":""},"tablet":{"top":"1.5","right":"0","bottom":"1.5","left":"0"},"mobile":{"top":"","right":"","bottom":"","left":""},"desktop-unit":"px","tablet-unit":"em","mobile-unit":"px"},"container-inside-spacing":{"desktop":{"top":"","right":"","bottom":"","left":""},"tablet":{"top":"1.5","right":"2.14","bottom":"1.5","left":"2.14"},"mobile":{"top":"1.5","right":"1","bottom":"1.5","left":"1"},"desktop-unit":"px","tablet-unit":"em","mobile-unit":"em"},"header-spacing-divider":"","header-spacing":{"desktop":{"top":"18","right":"","bottom":"18","left":""},"tablet":{"top":"1.5","right":"","bottom":"1.5","left":""},"mobile":{"top":"1","right":"","bottom":"1","left":""},"desktop-unit":"px","tablet-unit":"em","mobile-unit":"em"},"primary-menu-spacing":{"desktop":{"top":"","right":"35","bottom":"","left":"35"},"tablet":{"top":"0","right":"20","bottom":"0","left":"20"},"mobile":{"top":"","right":"","bottom":"","left":""},"desktop-unit":"px","tablet-unit":"px","mobile-unit":"px"},"primary-submenu-spacing":{"desktop":{"top":"","right":"","bottom":"","left":""},"tablet":{"top":"0","right":"20","bottom":"0","left":"30"},"mobile":{"top":"","right":"","bottom":"","left":""},"desktop-unit":"px","tablet-unit":"px","mobile-unit":"px"},"above-header-spacing-divider":"","above-header-spacing":{"desktop":{"top":"","right":"","bottom":"","left":""},"tablet":{"top":"0","right":"","bottom":"0","left":""},"mobile":{"top":"0.5","right":"","bottom":"","left":""},"desktop-unit":"px","tablet-unit":"px","mobile-unit":"em"},"above-header-menu-spacing":{"desktop":{"top":"","right":"","bottom":"","left":""},"tablet":{"top":"0","right":"20","bottom":"0","left":"20"},"mobile":{"top":"","right":"","bottom":"","left":""},"desktop-unit":"px","tablet-unit":"px","mobile-unit":"px"},"above-header-submenu-spacing":{"desktop":{"top":"","right":"","bottom":"","left":""},"tablet":{"top":"0","right":"20","bottom":"0","left":"20"},"mobile":{"top":"","right":"","bottom":"","left":""},"desktop-unit":"px","tablet-unit":"px","mobile-unit":"px"},"below-header-spacing-divider":"","below-header-spacing":{"desktop":{"top":"","right":"","bottom":"","left":""},"tablet":{"top":"1","right":"","bottom":"1","left":""},"mobile":{"top":"","right":"","bottom":"","left":""},"desktop-unit":"px","tablet-unit":"em","mobile-unit":"px"},"below-header-menu-spacing":{"desktop":{"top":"","right":"","bottom":"","left":""},"tablet":{"top":"0","right":"20","bottom":"0","left":"20"},"mobile":{"top":"","right":"","bottom":"","left":""},"desktop-unit":"px","tablet-unit":"px","mobile-unit":"px"},"below-header-submenu-spacing":{"desktop":{"top":"","right":"","bottom":"","left":""},"tablet":{"top":"0","right":"20","bottom":"0","left":"20"},"mobile":{"top":"","right":"","bottom":"","left":""},"desktop-unit":"px","tablet-unit":"px","mobile-unit":"px"},"divider-section-sidebar-spacing":"","sidebar-outside-spacing":{"desktop":{"top":"","right":"","bottom":"","left":""},"tablet":{"top":"1.5","right":"1","bottom":"1.5","left":"1"},"mobile":{"top":"","right":"","bottom":"","left":""},"desktop-unit":"px","tablet-unit":"em","mobile-unit":"px"},"sidebar-inside-spacing":{"desktop":{"top":"","right":"","bottom":"","left":""},"tablet":{"top":"","right":"","bottom":"","left":""},"mobile":{"top":"","right":"","bottom":"","left":""},"desktop-unit":"px","tablet-unit":"px","mobile-unit":"px"},"blog-post-spacing-divider":"","blog-post-outside-spacing":{"desktop":{"top":"","right":"","bottom":"","left":""},"tablet":{"top":"","right":"","bottom":"","left":""},"mobile":{"top":"","right":"","bottom":"","left":""},"desktop-unit":"px","tablet-unit":"px","mobile-unit":"px"},"blog-post-inside-spacing":{"desktop":{"top":"","right":"","bottom":"","left":""},"tablet":{"top":"","right":"","bottom":"","left":""},"mobile":{"top":"","right":"","bottom":"","left":""},"desktop-unit":"px","tablet-unit":"px","mobile-unit":"px"},"blog-post-pagination-spacing":{"desktop":{"top":"","right":"","bottom":"","left":""},"tablet":{"top":"","right":"","bottom":"","left":""},"mobile":{"top":"","right":"","bottom":"","left":""},"desktop-unit":"px","tablet-unit":"px","mobile-unit":"px"},"footer-sml-spacing":{"desktop":{"top":"2","right":"2","bottom":"2","left":"2"},"tablet":{"top":"2","right":"2","bottom":"2","left":"2"},"mobile":{"top":"10","right":"40","bottom":"10","left":"40"},"desktop-unit":"%","tablet-unit":"%","mobile-unit":"px"},"footer-menu-spacing":{"desktop":{"top":"","right":"","bottom":"","left":""},"tablet":{"top":"0","right":".5","bottom":"0","left":".5"},"mobile":{"top":"","right":"","bottom":"","left":""},"desktop-unit":"px","tablet-unit":"em","mobile-unit":"px"},"footer-spacing-divider":"","scroll-to-top-on-devices":"both","scroll-to-top-icon-position":"right","scroll-to-top-icon-size":"15","scroll-to-top-icon-radius":"","scroll-to-top-icon-color":"","scroll-to-top-icon-bg-color":"","scroll-to-top-icon-h-color":"","scroll-to-top-icon-h-bg-color":"","font-family-archive-summary-title":"inherit","font-weight-archive-summary-title":"inherit","text-transform-archive-summary-title":"","line-height-archive-summary-title":"","font-family-page-title":"inherit","font-weight-page-title":"inherit","text-transform-page-title":"","line-height-page-title":"","divider-section-archive-typo-post-meta":"","font-family-post-meta":"inherit","font-weight-post-meta":"inherit","text-transform-post-meta":"","font-size-post-meta":{"desktop":"","tablet":"","mobile":"","desktop-unit":"px","tablet-unit":"px","mobile-unit":"px"},"line-height-post-meta":"","divider-section-archive-typo-pagination":"","text-transform-post-pagination":"","font-size-post-pagination":{"desktop":"","tablet":"","mobile":"","desktop-unit":"px","tablet-unit":"px","mobile-unit":"px"},"font-family-h4":"inherit","font-weight-h4":"inherit","text-transform-h4":"","line-height-h4":"","font-family-h5":"inherit","font-weight-h5":"inherit","text-transform-h5":"","line-height-h5":"","font-family-h6":"inherit","font-weight-h6":"inherit","text-transform-h6":"","line-height-h6":"","font-family-footer-content":"inherit","font-weight-footer-content":"inherit","text-transform-footer-content":"uppercase","font-size-footer-content":{"desktop":"15","tablet":"","mobile":"","desktop-unit":"px","tablet-unit":"px","mobile-unit":"px"},"line-height-footer-content":"","font-family-site-title":"inherit","font-weight-site-title":"inherit","text-transform-site-title":"","line-height-site-title":"","font-family-site-tagline":"inherit","font-weight-site-tagline":"inherit","text-transform-site-tagline":"","line-height-site-tagline":"","divider-section-primary-menu-typo-main":"","font-family-primary-menu":"'Oswald', sans-serif","font-weight-primary-menu":"300","text-transform-primary-menu":"uppercase","font-size-primary-menu":{"desktop":"16","tablet":"20","mobile":"","desktop-unit":"px","tablet-unit":"px","mobile-unit":"px"},"line-height-primary-menu":"","divider-section-primary-menu-typo-dropdown":"","font-family-primary-dropdown-menu":"inherit","font-weight-primary-dropdown-menu":"inherit","text-transform-primary-dropdown-menu":"","font-size-primary-dropdown-menu":{"desktop":"","tablet":"","mobile":"","desktop-unit":"px","tablet-unit":"px","mobile-unit":"px"},"line-height-primary-dropdown-menu":"","divider-section-outside-menu-typo-dropdown":"","outside-menu-font-size":{"desktop":"","tablet":"","mobile":"","desktop-unit":"px","tablet-unit":"px","mobile-unit":"px"},"outside-menu-line-height":"","divider-section-sidebar-typo-title":"","font-family-widget-title":"inherit","font-weight-widget-title":"inherit","text-transform-widget-title":"","font-size-widget-title":{"desktop":"","tablet":"","mobile":"","desktop-unit":"px","tablet-unit":"px","mobile-unit":"px"},"line-height-widget-title":"","divider-section-sidebar-typo-content":"","font-family-widget-content":"inherit","font-weight-widget-content":"inherit","text-transform-widget-content":"","font-size-widget-content":{"desktop":"","tablet":"","mobile":"","desktop-unit":"px","tablet-unit":"px","mobile-unit":"px"},"line-height-widget-content":"","font-family-entry-title":"inherit","font-weight-entry-title":"inherit","text-transform-entry-title":"","line-height-entry-title":"","header-custom-layout-above-header":"","header-custom-layout-below-header":"","header-custom-layout-header":"","header-custom-layout-sticky-header":"","header-custom-layout-transparent-header":"","header-custom-color-above-header":"","header-custom-color-primary-header":"","header-custom-color-below-header":"","header-custom-color-transparent-header":"","header-custom-typo-above-header":"","header-custom-typo-primary-header":"","header-custom-typo-below-header":"","header-custom-title_tagline":"","header-color-transparent-above-header-notice":"","header-color-transparent-header-notice":"","header-color-transparent-below-header-notice":"","_astra_pb_compatibility_completed":true,"is_addon_queue_running":false,"is_theme_queue_running":false,"submenu-open-below-header":false,"is_astra_addon_queue_running":false,"button-color-styling-divider":"","theme-button-color-group":"","theme-button-border-group":"","theme-button-border-group-border-color":"","theme-button-border-group-border-h-color":"","button-padding-styling-divider":"","primary-header-button-color-divider":"","primary-header-button-color-group":"","primary-header-button-border-group":"","transparent-header-button-color-divider":"","transparent-header-button-color-group":"","transparent-header-button-border-group":"","mobile-header-toggle-target-link-notice":"","divider-section-site-identity-logo":"","site-title-typography":"","ast-site-title-divider":"","site-tagline-typography":"","ast-styling-section-blog-width-end":"","ast-styling-section-blog-single-width":"","footer-bar-color-background-heading-divider":"","footer-bar-background-group":"","footer-bar-content-group":"","footer-widget-color-background-heading-divider":"","footer-widget-background-group":"","footer-widget-content-group":"","blog-typography-divider":"","blog-content-archive-summary-typo":"","blog-content-blog-post-title-typo":"","divider-section-single-post-typo":"","blog-single-title-typo":"","divider-section-transparent-border-styling":"","divider-sec-transparent-styling":"","transparent-header-background-colors":"","transparent-header-colors":"","transparent-header-colors-menu":"","transparent-header-colors-submenu":"","transparent-header-colors-content":"","section-breadcrumb-color-divider":"","section-breadcrumb-color":"","section-breadcrumb-typography-divider":"","section-breadcrumb-typo":"","heading-base-color":"#ffa800","button-typography-styling-divider":"","button-text-typography":"","blog-color-heading-divider":"","blog-content-color-group":"","divider-blog-archive":"","content-bg-obj-divider":"","content-color-divider":"","site-identity-title-color-group":"","primary-header-colors-and-background-divider":"","primary-header-background-group":"","primary-menu-colors-divider":"","primary-menu-colors":"","primary-submenu-colors":"","sidebar-color-background-heading-divider":"","sidebar-background-group":"","sidebar-content-group":"","divider-section-entry-color":"","primary-menu-spacing-divider":"","scroll-on-top-color-divider":"","scroll-on-top-color-group":"","blog-content-post-meta-typo":"","blog-content-pagination-typo":"","footer-bar-typography-heading-divider":"","footer-bar-typography-group":"","primary-header-typography-styling-divider":"","primary-header-menu-typography":"","primary-sub-menu-typography":"","primary-header-outside-menu-item-typography-group":"","sidebar-typography-divider":"","sidebar-title-typography-group":"","sidebar-content-typography-group":"","ele-default-color-typo-setting-comp":false},"custom-css":""},"astra-site-options-data":{"woocommerce_product_attributes":[],"woocommerce_product_cat_list":[],"woocommerce_product_cat":[],"custom_logo":"https:\/\/websitedemos.net\/manufacturing-03\/wp-content\/uploads\/sites\/446\/2019\/04\/site-logo-free-img-2.png","nav_menu_locations":{"primary":"main-menu"},"show_on_front":"page","page_on_front":"Home","page_for_posts":"","_fl_builder_enabled_icons":["font-awesome-5-regular","font-awesome-5-solid","font-awesome-5-brands","foundation-icons","dashicons","ultimate-icons"],"_fl_builder_enabled_modules":null,"_fl_builder_post_types":null,"_fl_builder_color_presets":["#ffffff","#ffa800","rgba(0,0,0,0.15)","f7f7f9"],"_fl_builder_services":null,"_fl_builder_settings":{"show_default_heading":"0","default_heading_selector":".fl-post-header","row_margins":0,"row_margins_unit":"px","row_margins_medium":"","row_margins_medium_unit":"px","row_margins_responsive":"","row_margins_responsive_unit":"px","row_padding":20,"row_padding_unit":"px","row_padding_medium":"","row_padding_medium_unit":"px","row_padding_responsive":"","row_padding_responsive_unit":"px","row_width":1200,"row_width_unit":"px","row_width_default":"fixed","row_content_width_default":"fixed","column_margins":0,"column_margins_unit":"px","column_margins_medium":"","column_margins_medium_unit":"px","column_margins_responsive":"","column_margins_responsive_unit":"px","column_padding":0,"column_padding_unit":"px","column_padding_medium":"","column_padding_medium_unit":"px","column_padding_responsive":"","column_padding_responsive_unit":"px","module_margins":20,"module_margins_unit":"px","module_margins_medium":"","module_margins_medium_unit":"px","module_margins_responsive":"","module_margins_responsive_unit":"px","responsive_enabled":"1","auto_spacing":"1","medium_breakpoint":1025,"responsive_breakpoint":768,"responsive_base_fontsize":16,"css":"","js":""},"_fl_builder_user_access":null,"_fl_builder_enabled_templates":null,"elementor_container_width":null,"elementor_cpt_support":null,"elementor_css_print_method":null,"elementor_default_generic_fonts":null,"elementor_disable_color_schemes":null,"elementor_disable_typography_schemes":null,"elementor_editor_break_lines":null,"elementor_exclude_user_roles":null,"elementor_global_image_lightbox":null,"elementor_page_title_selector":null,"elementor_scheme_color":null,"elementor_scheme_color-picker]":null,"elementor_scheme_typography":null,"elementor_space_between_widgets":null,"elementor_stretched_section_container":null,"elementor_load_fa4_shim":null,"woocommerce_shop_page_title":"","woocommerce_cart_page_title":"","woocommerce_checkout_page_title":"","woocommerce_myaccount_page_title":"","woocommerce_edit_address_page_title":"","woocommerce_view_order_page_title":"","woocommerce_change_password_page_title":"","woocommerce_logout_page_title":"","woocommerce_enable_guest_checkout":null,"woocommerce_enable_checkout_login_reminder":null,"woocommerce_enable_signup_and_login_from_checkout":null,"woocommerce_enable_myaccount_registration":null,"woocommerce_registration_generate_username":null,"wpforms_settings":{"disable-css":"2","global-assets":false,"gdpr":false},"learndash_settings_theme_ld30":null,"learndash_settings_courses_themes":null},"astra-site-wxr-path":"https:\/\/websitedemos.net\/wp-content\/uploads\/astra-sites\/446\/wxr.xml","astra-site-give-path":"","astra-enabled-extensions":{"advanced-hooks":"advanced-hooks","blog-pro":"","colors-and-background":"colors-and-background","advanced-footer":"","mobile-header":"","header-sections":"","lifterlms":"","learndash":"","advanced-headers":"","site-layouts":"site-layouts","spacing":"","sticky-header":"","scroll-to-top":"","transparent-header":"","typography":"","woocommerce":"","edd":"","nav-menu":"","all":"all"},"astra-custom-404":"","featured-image-url":"https:\/\/websitedemos.net\/wp-content\/uploads\/2019\/05\/manufacturing-04-1.jpg","astra-woocommerce-csv-path":"","astra-post-data-mapping":{"astra-advanced-hook":[{"post_id":916,"post_title":"Site Footer","mapping":{"ast-advanced-hook-location":{"rule":["basic-global"],"specific":[]}}}],"astra_adv_header":[],"give_forms":[]},"astra-site-wpforms-path":"https:\/\/websitedemos.net\/wp-content\/uploads\/astra-sites\/446\/wpforms.json","astra-site-cartflows-path":"","astra-site-taxonomy-mapping":"","astra-site-parent-id":1422,"license-status":"valid","request_time":0.48096609115600586,"_links":{"self":[{"href":"https:\/\/websitedemos.net\/wp-json\/wp\/v2\/astra-sites\/44273"}],"collection":[{"href":"https:\/\/websitedemos.net\/wp-json\/wp\/v2\/astra-sites"}],"about":[{"href":"https:\/\/websitedemos.net\/wp-json\/wp\/v2\/types\/astra-sites"}],"author":[{"embeddable":true,"href":"https:\/\/websitedemos.net\/wp-json\/wp\/v2\/users\/39"}],"version-history":[{"count":1,"href":"https:\/\/websitedemos.net\/wp-json\/wp\/v2\/astra-sites\/44273\/revisions"}],"predecessor-version":[{"id":44288,"href":"https:\/\/websitedemos.net\/wp-json\/wp\/v2\/astra-sites\/44273\/revisions\/44288"}],"wp:featuredmedia":[{"embeddable":true,"href":"https:\/\/websitedemos.net\/wp-json\/wp\/v2\/media\/43864"}],"wp:attachment":[{"href":"https:\/\/websitedemos.net\/wp-json\/wp\/v2\/media?parent=44273"}],"wp:term":[{"taxonomy":"astra-site-category","embeddable":true,"href":"https:\/\/websitedemos.net\/wp-json\/wp\/v2\/astra-site-category?post=44273"},{"taxonomy":"astra-sites-type","embeddable":true,"href":"https:\/\/websitedemos.net\/wp-json\/wp\/v2\/astra-sites-type?post=44273"},{"taxonomy":"astra-site-page-builder","embeddable":true,"href":"https:\/\/websitedemos.net\/wp-json\/wp\/v2\/astra-site-page-builder?post=44273"},{"taxonomy":"astra-sites-tag","embeddable":true,"href":"https:\/\/websitedemos.net\/wp-json\/wp\/v2\/astra-sites-tag?post=44273"}],"curies":[{"name":"wp","href":"https:\/\/api.w.org\/{rel}","templated":true}]}}