{"id":44450,"date":"2020-04-10T17:35:58","date_gmt":"2020-04-10T12:05:58","guid":{"rendered":"https:\/\/websitedemos.net\/?post_type=astra-sites&#038;p=44450"},"modified":"2020-04-14T17:47:20","modified_gmt":"2020-04-14T12:17:20","slug":"church-2","status":"publish","type":"astra-sites","link":"https:\/\/websitedemos.net\/astra-site\/church-2\/","title":{"rendered":"Church"},"content":{"rendered":"","protected":false},"author":122,"featured_media":46161,"template":"","astra-site-category":[36],"astra-sites-type":[40],"astra-site-page-builder":[34],"astra-sites-tag":[897,625,893,898,735],"yoast_head":"<!-- This site is optimized with the Yoast SEO plugin v15.5 - https:\/\/yoast.com\/wordpress\/plugins\/seo\/ -->\n<title>Church - Website Demos<\/title>\n<meta name=\"robots\" content=\"index, follow, max-snippet:-1, max-image-preview:large, max-video-preview:-1\" \/>\n<link rel=\"canonical\" href=\"https:\/\/websitedemos.net\/astra-site\/church-2\/\" \/>\n<meta property=\"og:locale\" content=\"en_US\" \/>\n<meta property=\"og:type\" content=\"article\" \/>\n<meta property=\"og:title\" content=\"Church - Website Demos\" \/>\n<meta property=\"og:url\" content=\"https:\/\/websitedemos.net\/astra-site\/church-2\/\" \/>\n<meta property=\"og:site_name\" content=\"Website Demos\" \/>\n<meta property=\"article:modified_time\" content=\"2020-04-14T12:17:20+00:00\" \/>\n<meta property=\"og:image\" content=\"https:\/\/websitedemos.net\/wp-content\/uploads\/2020\/04\/church-04-homepage.jpg\" \/>\n\t<meta property=\"og:image:width\" content=\"1200\" \/>\n\t<meta property=\"og:image:height\" content=\"4558\" \/>\n<meta name=\"twitter:card\" content=\"summary\" \/>\n<script type=\"application\/ld+json\" class=\"yoast-schema-graph\">{\"@context\":\"https:\/\/schema.org\",\"@graph\":[{\"@type\":\"WebSite\",\"@id\":\"https:\/\/websitedemos.net\/#website\",\"url\":\"https:\/\/websitedemos.net\/\",\"name\":\"Website Demos\",\"description\":\"The Fastest, Lightweight Ready Websites\",\"potentialAction\":[{\"@type\":\"SearchAction\",\"target\":\"https:\/\/websitedemos.net\/?s={search_term_string}\",\"query-input\":\"required name=search_term_string\"}],\"inLanguage\":\"en-US\"},{\"@type\":\"ImageObject\",\"@id\":\"https:\/\/websitedemos.net\/astra-site\/church-2\/#primaryimage\",\"inLanguage\":\"en-US\",\"url\":\"https:\/\/websitedemos.net\/wp-content\/uploads\/2020\/04\/church-04-homepage.jpg\",\"width\":1200,\"height\":4558},{\"@type\":\"WebPage\",\"@id\":\"https:\/\/websitedemos.net\/astra-site\/church-2\/#webpage\",\"url\":\"https:\/\/websitedemos.net\/astra-site\/church-2\/\",\"name\":\"Church - Website Demos\",\"isPartOf\":{\"@id\":\"https:\/\/websitedemos.net\/#website\"},\"primaryImageOfPage\":{\"@id\":\"https:\/\/websitedemos.net\/astra-site\/church-2\/#primaryimage\"},\"datePublished\":\"2020-04-10T12:05:58+00:00\",\"dateModified\":\"2020-04-14T12:17:20+00:00\",\"inLanguage\":\"en-US\",\"potentialAction\":[{\"@type\":\"ReadAction\",\"target\":[\"https:\/\/websitedemos.net\/astra-site\/church-2\/\"]}]}]}<\/script>\n<!-- \/ Yoast SEO plugin. -->","astra-site-type":"premium","astra-site-thumbnail":"https:\/\/websitedemos.net\/wp-content\/uploads\/2020\/04\/church-04-homepage-400x1519.jpg","required-plugins":[{"slug":"astra-addon","init":"astra-addon\/astra-addon.php","name":"Astra Pro"},{"slug":"beaver-builder-lite-version","init":"beaver-builder-lite-version\/fl-builder.php","name":"Beaver Builder Plugin (Lite Version)"},{"slug":"bb-ultimate-addon","init":"bb-ultimate-addon\/bb-ultimate-addon.php","name":"Ultimate Addons for Beaver Builder"},{"slug":"give","init":"give\/give.php","name":"Give - Donation Plugin"},{"slug":"wpforms-lite","init":"wpforms-lite\/wpforms.php","name":"WPForms Lite"}],"astra-site-url":"\/\/websitedemos.net\/church-03","astra-site-open-in-new-tab":"0","astra-site-widgets-data":"{\"sidebar-1\":{\"search-2\":{\"title\":\"\"},\"recent-posts-2\":{\"title\":\"\",\"number\":5},\"recent-comments-2\":{\"title\":\"\",\"number\":5},\"archives-2\":{\"title\":\"\",\"count\":0,\"dropdown\":0},\"categories-2\":{\"title\":\"\",\"count\":0,\"hierarchical\":0,\"dropdown\":0},\"meta-2\":{\"title\":\"\"}}}","astra-site-customizer-data":{"astra-settings":{"blog-single-post-structure":["single-image","single-title-meta"],"blog-single-width":"custom","blog-single-max-width":1000,"blog-single-meta":["comments","category"],"blog-post-structure":["image","title-meta"],"blog-width":"default","blog-max-width":1200,"blog-post-content":"excerpt","blog-meta":["comments","category","author"],"text-color":"#000000","link-color":"rgba(0,0,0,0.5)","theme-color":"#f73959","link-h-color":"#000000","footer-bg-obj":{"background-color":"#fafafa","background-image":"","background-repeat":"repeat","background-position":"center center","background-size":"auto","background-attachment":"scroll"},"footer-color":"rgba(0,0,0,0.5)","footer-link-color":"#f73959","footer-link-h-color":"rgba(247,57,89,0.85)","footer-adv-bg-obj":{"background-color":"","background-image":"","background-repeat":"repeat","background-position":"center center","background-size":"auto","background-attachment":"scroll"},"footer-adv-text-color":"","footer-adv-link-color":"","footer-adv-link-h-color":"","footer-adv-wgt-title-color":"","button-color":"#000000","button-h-color":"#ffffff","button-bg-color":"rgba(229,229,229,0)","button-bg-h-color":"#000000","theme-button-padding":{"desktop":{"top":"20","right":"40","bottom":"20","left":"40"},"tablet":{"top":"","right":"","bottom":"","left":""},"mobile":{"top":"","right":"","bottom":"","left":""},"desktop-unit":"px","tablet-unit":"px","mobile-unit":"px"},"button-radius":0,"theme-button-border-group-border-size":{"top":"2","right":"2","bottom":"2","left":"2"},"footer-sml-layout":"footer-sml-layout-1","footer-sml-section-1":"custom","footer-sml-section-1-credit":"Copyright \u00a9 [current_year] [site_title] | Powered by [site_title]","footer-sml-section-2":"","footer-sml-section-2-credit":"","footer-sml-dist-equal-align":true,"footer-sml-divider":0,"footer-sml-divider-color":"#7a7a7a","footer-layout-width":"full","ast-header-retina-logo":"https:\/\/websitedemos.net\/church-03\/wp-content\/uploads\/sites\/521\/2020\/02\/church-logo-2x.png","ast-header-logo-width":"","ast-header-responsive-logo-width":{"desktop":"170","tablet":"","mobile":""},"display-site-title":false,"display-site-tagline":0,"logo-title-inline":false,"disable-primary-nav":false,"header-layouts":"header-main-layout-1","header-main-rt-section":"none","header-display-outside-menu":false,"header-main-rt-section-html":"<button>Contact Us<\/button>","header-main-rt-section-button-text":"Button","header-main-rt-section-button-link":"https:\/\/www.wpastra.com","header-main-rt-section-button-link-option":{"url":"https:\/\/www.wpastra.com","new_tab":false,"link_rel":""},"header-main-rt-section-button-style":"theme-button","header-main-rt-section-button-text-color":"","header-main-rt-section-button-back-color":"","header-main-rt-section-button-text-h-color":"","header-main-rt-section-button-back-h-color":"","header-main-rt-section-button-padding":{"desktop":{"top":"","right":"","bottom":"","left":""},"tablet":{"top":"","right":"","bottom":"","left":""},"mobile":{"top":"","right":"","bottom":"","left":""}},"header-main-rt-section-button-border-size":{"top":"","right":"","bottom":"","left":""},"header-main-sep":0,"header-main-sep-color":"","header-main-layout-width":"full","primary-submenu-border":{"top":"0","right":"0","bottom":"0","left":"0"},"primary-submenu-item-border":false,"primary-submenu-b-color":"","primary-submenu-item-b-color":"","header-main-menu-label":"","header-main-menu-align":"inline","header-main-submenu-container-animation":"fade","mobile-header-breakpoint":"","mobile-header-logo":"","mobile-header-logo-width":"","site-layout":"ast-full-width-layout","site-content-width":1140,"site-layout-outside-bg-obj":{"background-color":"#fafafa","background-image":"","background-repeat":"repeat","background-position":"center center","background-size":"auto","background-attachment":"scroll"},"site-content-layout":"boxed-container","single-page-content-layout":"default","single-post-content-layout":"default","archive-post-content-layout":"default","body-font-family":"'Poppins', sans-serif","body-font-variant":"","body-font-weight":"400","font-size-body":{"desktop":"16","tablet":"","mobile":"","desktop-unit":"px","tablet-unit":"px","mobile-unit":"px"},"body-line-height":"","para-margin-bottom":"","body-text-transform":"","headings-font-family":"'Poppins', sans-serif","headings-font-weight":"600","headings-text-transform":"","headings-line-height":"","font-size-site-title":{"desktop":35,"tablet":"","mobile":"","desktop-unit":"px","tablet-unit":"px","mobile-unit":"px"},"font-size-site-tagline":{"desktop":15,"tablet":"","mobile":"","desktop-unit":"px","tablet-unit":"px","mobile-unit":"px"},"font-size-entry-title":{"desktop":30,"tablet":"","mobile":"","desktop-unit":"px","tablet-unit":"px","mobile-unit":"px"},"font-size-archive-summary-title":{"desktop":40,"tablet":"","mobile":"","desktop-unit":"px","tablet-unit":"px","mobile-unit":"px"},"font-size-page-title":{"desktop":40,"tablet":"","mobile":"","desktop-unit":"px","tablet-unit":"px","mobile-unit":"px"},"font-size-h1":{"desktop":"50","tablet":"46","mobile":"46","desktop-unit":"px","tablet-unit":"px","mobile-unit":"px"},"font-size-h2":{"desktop":"40","tablet":"32","mobile":"32","desktop-unit":"px","tablet-unit":"px","mobile-unit":"px"},"font-size-h3":{"desktop":"32","tablet":"27","mobile":"27","desktop-unit":"px","tablet-unit":"px","mobile-unit":"px"},"font-size-h4":{"desktop":"25","tablet":"25","mobile":"25","desktop-unit":"px","tablet-unit":"px","mobile-unit":"px"},"font-size-h5":{"desktop":"16","tablet":"16","mobile":"16","desktop-unit":"px","tablet-unit":"px","mobile-unit":"px"},"font-size-h6":{"desktop":"14","tablet":"14","mobile":"14","desktop-unit":"px","tablet-unit":"px","mobile-unit":"px"},"site-sidebar-layout":"no-sidebar","site-sidebar-width":30,"single-page-sidebar-layout":"default","single-post-sidebar-layout":"default","archive-post-sidebar-layout":"default","footer-adv":"disabled","footer-adv-border-width":"","footer-adv-border-color":"#7a7a7a","mobile-header-toggle-btn-style":"minimal","hide-custom-menu-mobile":1,"mobile-header-toggle-target":"icon","transparent-header-logo":"https:\/\/websitedemos.net\/church-03\/wp-content\/uploads\/sites\/521\/2019\/09\/logo-regular-free-img-3.png","transparent-header-retina-logo":"https:\/\/websitedemos.net\/church-03\/wp-content\/uploads\/sites\/521\/2019\/09\/logo-retina-free-img-1.png","different-transparent-logo":true,"different-transparent-retina-logo":true,"transparent-header-logo-width":{"desktop":"","tablet":"","mobile":""},"transparent-header-enable":0,"transparent-header-disable-archive":1,"transparent-header-disable-latest-posts-index":1,"transparent-header-on-devices":"both","transparent-header-main-sep":0,"transparent-header-main-sep-color":"","transparent-header-bg-color":"","transparent-header-color-site-title":"","transparent-header-color-h-site-title":"","transparent-menu-bg-color":"","transparent-menu-color":"","transparent-menu-h-color":"","transparent-submenu-bg-color":"","transparent-submenu-color":"","transparent-submenu-h-color":"","transparent-header-bg-color-responsive":{"desktop":"","tablet":"","mobile":""},"transparent-header-color-site-title-responsive":{"desktop":"","tablet":"","mobile":""},"transparent-header-color-h-site-title-responsive":{"desktop":"","tablet":"","mobile":""},"transparent-menu-bg-color-responsive":{"desktop":"","tablet":"","mobile":""},"transparent-menu-color-responsive":{"desktop":"rgba(255,255,255,0.76)","tablet":"#000000","mobile":"#000000"},"transparent-menu-h-color-responsive":{"desktop":"#f73959","tablet":"","mobile":""},"transparent-submenu-bg-color-responsive":{"desktop":"","tablet":"","mobile":""},"transparent-submenu-color-responsive":{"desktop":"","tablet":"","mobile":""},"transparent-submenu-h-color-responsive":{"desktop":"","tablet":"","mobile":""},"transparent-content-section-text-color-responsive":{"desktop":"","tablet":"","mobile":""},"transparent-content-section-link-color-responsive":{"desktop":"","tablet":"","mobile":""},"transparent-content-section-link-h-color-responsive":{"desktop":"","tablet":"","mobile":""},"breadcrumb-font-family":"inherit","breadcrumb-font-weight":"inherit","breadcrumb-text-transform":"","breadcrumb-text-color-responsive":{"desktop":"","tablet":"","mobile":""},"breadcrumb-active-color-responsive":{"desktop":"","tablet":"","mobile":""},"breadcrumb-hover-color-responsive":{"desktop":"","tablet":"","mobile":""},"breadcrumb-separator-color":{"desktop":"","tablet":"","mobile":""},"breadcrumb-bg-color":{"desktop":"","tablet":"","mobile":""},"breadcrumb-spacing":{"desktop":{"top":"","right":"","bottom":"","left":""},"tablet":{"top":"","right":"","bottom":"","left":""},"mobile":{"top":"","right":"","bottom":"","left":""},"desktop-unit":"px","tablet-unit":"px","mobile-unit":"px"},"h1-color":"","h2-color":"","h3-color":"","h4-color":"","h5-color":"","h6-color":"","font-family-h1":"inherit","font-weight-h1":"inherit","text-transform-h1":"","line-height-h1":"","font-family-h2":"inherit","font-weight-h2":"inherit","text-transform-h2":"","line-height-h2":"","font-family-h3":"inherit","font-weight-h3":"inherit","text-transform-h3":"","line-height-h3":"","font-weight-button":"700","font-family-button":"inherit","font-size-button":{"desktop":"14","tablet":"","mobile":"","desktop-unit":"px","tablet-unit":"px","mobile-unit":"px"},"text-transform-button":"uppercase","theme-btn-line-height":1,"theme-btn-letter-spacing":"","header-main-rt-section-search-box-type":"slide-search","below-header-section-2-search-box-type":"slide-search","below-header-section-1-search-box-type":"slide-search","above-header-section-1-search-box-type":"slide-search","above-header-section-2-search-box-type":"slide-search","astra-addon-auto-version":"2.3.4","theme-auto-version":"2.3.5","primary-menu-color-responsive":{"desktop":"#000000","tablet":"#000000","mobile":"#000000"},"text-transform-h6":"","text-transform-h5":"","button-v-padding":18,"button-h-padding":60,"different-retina-logo":true,"site-identity-spacing":{"desktop":{"top":"","right":"","bottom":"","left":""},"tablet":{"top":"","right":"","bottom":"","left":""},"mobile":{"top":"","right":"","bottom":"","left":""},"desktop-unit":"px","tablet-unit":"px","mobile-unit":"px"},"mobile-header-toggle-btn-style-color":"#c9c9c9","mobile-menu-style":"flyout","mobile-header-menu-all-border":{"top":"","right":"","bottom":"","left":""},"header-spacing":{"desktop":{"top":"","right":"","bottom":"","left":""},"tablet":{"top":"","right":"","bottom":"","left":""},"mobile":{"top":"","right":"","bottom":"","left":""},"desktop-unit":"px","tablet-unit":"px","mobile-unit":"px"},"primary-menu-spacing":{"desktop":{"top":"","right":"","bottom":"","left":""},"tablet":{"top":"","right":"","bottom":"","left":""},"mobile":{"top":"","right":"","bottom":"","left":""},"desktop-unit":"px","tablet-unit":"px","mobile-unit":"px"},"different-mobile-logo":false,"header-main-stick":false,"sticky-header-style":"slide","sticky-header-on-devices":"both","footer-sml-spacing":{"desktop":{"top":"","right":"","bottom":"","left":""},"tablet":{"top":"","right":"","bottom":"","left":""},"mobile":{"top":"","right":"","bottom":"","left":""},"desktop-unit":"px","tablet-unit":"em","mobile-unit":"px"},"header-bg-obj-responsive":{"desktop":{"background-color":"#000000","background-image":"","background-repeat":"repeat","background-position":"center center","background-size":"auto","background-attachment":"scroll"},"tablet":{"background-color":"","background-image":"","background-repeat":"repeat","background-position":"center center","background-size":"auto","background-attachment":"scroll"},"mobile":{"background-color":"","background-image":"","background-repeat":"repeat","background-position":"center center","background-size":"auto","background-attachment":"scroll"}},"primary-menu-bg-obj-responsive":{"desktop":{"background-color":"#ffffff","background-image":"","background-repeat":"repeat","background-position":"center center","background-size":"auto","background-attachment":"scroll"},"tablet":{"background-color":"","background-image":"","background-repeat":"repeat","background-position":"center center","background-size":"auto","background-attachment":"scroll"},"mobile":{"background-color":"#ffffff","background-image":"","background-repeat":"repeat","background-position":"center center","background-size":"auto","background-attachment":"scroll"}},"sticky-header-bg-color-responsive":{"desktop":"","tablet":"","mobile":""},"sticky-header-menu-bg-color-responsive":{"desktop":"","tablet":"#f73959","mobile":"#f73959"},"sticky-header-menu-color-responsive":{"desktop":"","tablet":"#ffffff","mobile":"#ffffff"},"sticky-header-menu-h-color-responsive":{"desktop":"","tablet":"","mobile":""},"primary-submenu-spacing":{"desktop":{"top":"","right":"","bottom":"","left":""},"tablet":{"top":"","right":"","bottom":"","left":""},"mobile":{"top":"","right":"","bottom":"","left":""},"desktop-unit":"px","tablet-unit":"px","mobile-unit":"px"},"primary-menu-h-color-responsive":{"desktop":"#f73959","tablet":"#f73959","mobile":"#f73959"},"primary-menu-h-bg-color-responsive":{"desktop":"#ffffff","tablet":"#ffffff","mobile":"#ffffff"},"primary-menu-a-color-responsive":{"desktop":"#f73959","tablet":"#f73959","mobile":"#f73959"},"primary-menu-a-bg-color-responsive":{"desktop":"#ffffff","tablet":"#ffffff","mobile":"#ffffff"},"font-weight-primary-menu":"normal","font-size-primary-menu":{"desktop":"17","tablet":"","mobile":"","desktop-unit":"px","tablet-unit":"px","mobile-unit":"px"},"font-family-primary-menu":"inherit","font-size-footer-content":{"desktop":"13","tablet":"","mobile":"","desktop-unit":"px","tablet-unit":"px","mobile-unit":"px"},"flyout-mobile-menu-alignment":"right","sticky-header-menu-h-a-bg-color-responsive":{"desktop":"","tablet":"#000000","mobile":"#000000"},"_astra_pb_compatibility_completed":true,"font-size-primary-dropdown-menu":{"desktop":"","tablet":"","mobile":"","desktop-unit":"px","tablet-unit":"px","mobile-unit":"px"},"text-transform-primary-menu":"uppercase","different-sticky-logo":false,"sticky-header-logo":"","different-sticky-retina-logo":false,"sticky-header-retina-logo":"","header-main-shrink":false,"sticky-header-logo-width":{"desktop":"160","tablet":"","mobile":""},"is_addon_queue_running":false,"submenu-open-below-header":false,"is_astra_addon_queue_running":false,"is_theme_queue_running":false,"container-outside-spacing":{"desktop":{"top":"","right":"","bottom":"","left":""},"tablet":{"top":"","right":"","bottom":"","left":""},"mobile":{"top":"","right":"","bottom":"","left":""},"desktop-unit":"px","tablet-unit":"em","mobile-unit":"px"},"container-inside-spacing":{"desktop":{"top":"","right":"","bottom":"","left":""},"tablet":{"top":"","right":"","bottom":"","left":""},"mobile":{"top":"","right":"","bottom":"","left":""},"desktop-unit":"px","tablet-unit":"em","mobile-unit":"em"},"sticky-header-color-h-site-title-responsive":{"desktop":"","tablet":"#000000","mobile":"#000000"},"sidebar-outside-spacing":{"desktop":{"top":"","right":"","bottom":"","left":""},"tablet":{"top":"","right":"","bottom":"","left":""},"mobile":{"top":"","right":"","bottom":"","left":""},"desktop-unit":"px","tablet-unit":"em","mobile-unit":"px"},"heading-base-color":"#000000","theme-button-border-group-border-color":"#000000","theme-button-border-group-border-h-color":"#000000","ele-default-color-typo-setting-comp":false},"custom-css":""},"astra-site-options-data":{"woocommerce_product_attributes":[],"woocommerce_product_cat_list":[],"woocommerce_product_cat":[],"custom_logo":"https:\/\/websitedemos.net\/church-03\/wp-content\/uploads\/sites\/521\/2020\/02\/church-logo.png","nav_menu_locations":{"primary":"off-canvas-menu"},"show_on_front":"page","page_on_front":"Home","page_for_posts":"","_fl_builder_enabled_icons":null,"_fl_builder_enabled_modules":null,"_fl_builder_post_types":null,"_fl_builder_color_presets":["f73959","f2f2f2","bababa"],"_fl_builder_services":null,"_fl_builder_settings":null,"_fl_builder_user_access":null,"_fl_builder_enabled_templates":null,"elementor_container_width":"","elementor_cpt_support":["post","page"],"elementor_css_print_method":"external","elementor_default_generic_fonts":"Sans-serif","elementor_disable_color_schemes":"yes","elementor_disable_typography_schemes":"yes","elementor_editor_break_lines":"","elementor_exclude_user_roles":null,"elementor_global_image_lightbox":"yes","elementor_page_title_selector":"","elementor_scheme_color":{"1":"#6ec1e4","2":"#54595f","3":"#7a7a7a","4":"#61ce70"},"elementor_scheme_color-picker]":null,"elementor_scheme_typography":{"1":{"font_family":"Roboto","font_weight":"600"},"2":{"font_family":"Roboto Slab","font_weight":"400"},"3":{"font_family":"Roboto","font_weight":"400"},"4":{"font_family":"Roboto","font_weight":"500"}},"elementor_space_between_widgets":"5","elementor_stretched_section_container":"","elementor_load_fa4_shim":null,"woocommerce_shop_page_title":"","woocommerce_cart_page_title":"","woocommerce_checkout_page_title":"","woocommerce_myaccount_page_title":"","woocommerce_edit_address_page_title":"","woocommerce_view_order_page_title":"","woocommerce_change_password_page_title":"","woocommerce_logout_page_title":"","woocommerce_enable_guest_checkout":null,"woocommerce_enable_checkout_login_reminder":null,"woocommerce_enable_signup_and_login_from_checkout":null,"woocommerce_enable_myaccount_registration":null,"woocommerce_registration_generate_username":null,"wpforms_settings":{"disable-css":"2","global-assets":false,"gdpr":false},"learndash_settings_theme_ld30":null,"learndash_settings_courses_themes":null},"astra-site-wxr-path":"https:\/\/websitedemos.net\/wp-content\/uploads\/astra-sites\/521\/wxr.xml","astra-site-give-path":"https:\/\/websitedemos.net\/wp-content\/uploads\/astra-sites\/521\/give-payments.csv","astra-enabled-extensions":{"advanced-hooks":"advanced-hooks","blog-pro":"","colors-and-background":"","advanced-footer":"","mobile-header":"","header-sections":"","lifterlms":"","learndash":"","advanced-headers":"","site-layouts":"","spacing":"","sticky-header":"","scroll-to-top":"","transparent-header":"","typography":"","woocommerce":"","edd":"","nav-menu":"","all":"all"},"astra-custom-404":"","featured-image-url":"https:\/\/websitedemos.net\/wp-content\/uploads\/2020\/04\/church-04-homepage.jpg","astra-woocommerce-csv-path":"","astra-post-data-mapping":{"astra-advanced-hook":[{"post_id":91,"post_title":"Footer","mapping":{"ast-advanced-hook-location":{"rule":["page|all"],"specific":[]}}}],"astra_adv_header":[],"give_forms":[{"post_id":212,"post_title":"Donation Form","mapping":{"_give_form_sales":["0"],"_give_form_earnings":["0"],"_give_levels_minimum_amount":["1.000000"],"_give_levels_maximum_amount":["1.000000"],"_give_price_option":["multi"],"_give_form_status":["open"],"_give_set_price":["1.000000"],"_give_display_style":["buttons"],"_give_custom_amount":["disabled"],"_give_custom_amount_range_minimum":["1.000000"],"_give_custom_amount_range_maximum":["1000000.000000"],"_give_custom_amount_text":[""],"_give_donation_levels":["a:1:{i:0;a:4:{s:8:\"_give_id\";a:1:{s:8:\"level_id\";s:1:\"0\";}s:12:\"_give_amount\";s:8:\"1.000000\";s:10:\"_give_text\";s:0:\"\";s:13:\"_give_default\";s:7:\"default\";}}"],"_give_payment_display":["onpage"],"_give_reveal_label":[""],"_give_checkout_label":[""],"_give_default_gateway":["global"],"_give_name_title_prefix":["global"],"_give_title_prefixes":[""],"_give_company_field":["global"],"_give_anonymous_donation":["global"],"_give_donor_comment":["global"],"_give_logged_in_only":["enabled"],"_give_show_register_form":["none"],"_give_form_floating_labels":["global"],"_give_goal_option":["disabled"],"_give_goal_format":["amount"],"_give_set_goal":["1.000000"],"_give_number_of_donation_goal":["1"],"_give_number_of_donor_goal":["1"],"_give_goal_color":["#2bc253"],"_give_close_form_when_goal_achieved":["disabled"],"_give_form_goal_achieved_message":["Thank you to all our donors, we have met our fundraising goal."],"_give_display_content":["disabled"],"_give_content_placement":["give_pre_form"],"_give_form_content":[""],"_give_terms_option":["global"],"_give_agree_label":[""],"_give_agree_text":[""],"_give_email_options":["global"],"_give_email_template":["default"],"_give_email_logo":[""],"_give_from_name":[""],"_give_from_email":["aishwaryat@bsf.io"],"_give_new-donation_notification":["global"],"_give_new-donation_email_subject":["New Donation - #{payment_id}"],"_give_new-donation_email_header":["New Donation!"],"_give_new-donation_email_message":["Hi there,\r\n\r\nThis email is to inform you that a new donation has been made on your website: {site_url}.\r\n\r\n<strong>Donor:<\/strong> {name}\r\n<strong>Donation:<\/strong> {donation}\r\n<strong>Amount:<\/strong> {amount}\r\n<strong>Payment Method:<\/strong> {payment_method}\r\n\r\nThank you,\r\n\r\n{sitename}"],"_give_new-donation_email_content_type":["text\/html"],"_give_new-donation_recipient":["a:1:{i:0;a:1:{s:5:\"email\";s:17:\"aishwaryat@bsf.io\";}}"],"_give_donation-receipt_notification":["global"],"_give_donation-receipt_email_subject":["Donation Receipt"],"_give_donation-receipt_email_header":["Donation Receipt"],"_give_donation-receipt_email_message":["Dear {name},\r\n\r\nThank you for your donation. Your generosity is appreciated! Here are the details of your donation:\r\n\r\n<strong>Donor:<\/strong> {fullname}\r\n<strong>Donation:<\/strong> {donation}\r\n<strong>Donation Date:<\/strong> {date}\r\n<strong>Amount:<\/strong> {amount}\r\n<strong>Payment Method:<\/strong> {payment_method}\r\n<strong>Payment ID:<\/strong> {payment_id}\r\n\r\n{receipt_link}\r\n\r\nSincerely,\r\n{sitename}"],"_give_donation-receipt_email_content_type":["text\/html"],"_give_form_goal_progress":["-1"]}}]},"astra-site-wpforms-path":"https:\/\/websitedemos.net\/wp-content\/uploads\/astra-sites\/521\/wpforms.json","astra-site-cartflows-path":"","astra-site-taxonomy-mapping":{"post":{"category":[{"id":30,"slug":"trending"}]}},"astra-site-parent-id":1428,"license-status":"valid","request_time":0.6518230438232422,"_links":{"self":[{"href":"https:\/\/websitedemos.net\/wp-json\/wp\/v2\/astra-sites\/44450"}],"collection":[{"href":"https:\/\/websitedemos.net\/wp-json\/wp\/v2\/astra-sites"}],"about":[{"href":"https:\/\/websitedemos.net\/wp-json\/wp\/v2\/types\/astra-sites"}],"author":[{"embeddable":true,"href":"https:\/\/websitedemos.net\/wp-json\/wp\/v2\/users\/122"}],"version-history":[{"count":1,"href":"https:\/\/websitedemos.net\/wp-json\/wp\/v2\/astra-sites\/44450\/revisions"}],"predecessor-version":[{"id":44469,"href":"https:\/\/websitedemos.net\/wp-json\/wp\/v2\/astra-sites\/44450\/revisions\/44469"}],"wp:featuredmedia":[{"embeddable":true,"href":"https:\/\/websitedemos.net\/wp-json\/wp\/v2\/media\/46161"}],"wp:attachment":[{"href":"https:\/\/websitedemos.net\/wp-json\/wp\/v2\/media?parent=44450"}],"wp:term":[{"taxonomy":"astra-site-category","embeddable":true,"href":"https:\/\/websitedemos.net\/wp-json\/wp\/v2\/astra-site-category?post=44450"},{"taxonomy":"astra-sites-type","embeddable":true,"href":"https:\/\/websitedemos.net\/wp-json\/wp\/v2\/astra-sites-type?post=44450"},{"taxonomy":"astra-site-page-builder","embeddable":true,"href":"https:\/\/websitedemos.net\/wp-json\/wp\/v2\/astra-site-page-builder?post=44450"},{"taxonomy":"astra-sites-tag","embeddable":true,"href":"https:\/\/websitedemos.net\/wp-json\/wp\/v2\/astra-sites-tag?post=44450"}],"curies":[{"name":"wp","href":"https:\/\/api.w.org\/{rel}","templated":true}]}}