{"id":45510,"date":"2020-03-13T18:10:22","date_gmt":"2020-03-13T12:40:22","guid":{"rendered":"https:\/\/websitedemos.net\/?post_type=astra-sites&#038;p=45510"},"modified":"2020-03-13T18:10:27","modified_gmt":"2020-03-13T12:40:27","slug":"disc-jockey-2","status":"publish","type":"astra-sites","link":"https:\/\/websitedemos.net\/astra-site\/disc-jockey-2\/","title":{"rendered":"Disc Jockey"},"content":{"rendered":"","protected":false},"author":39,"featured_media":43603,"template":"","astra-site-category":[27],"astra-sites-type":[40],"astra-site-page-builder":[34],"astra-sites-tag":[408,406,409,407],"yoast_head":"<!-- This site is optimized with the Yoast SEO plugin v15.5 - https:\/\/yoast.com\/wordpress\/plugins\/seo\/ -->\n<title>Disc Jockey - Website Demos<\/title>\n<meta name=\"robots\" content=\"index, follow, max-snippet:-1, max-image-preview:large, max-video-preview:-1\" \/>\n<link rel=\"canonical\" href=\"https:\/\/websitedemos.net\/astra-site\/disc-jockey-2\/\" \/>\n<meta property=\"og:locale\" content=\"en_US\" \/>\n<meta property=\"og:type\" content=\"article\" \/>\n<meta property=\"og:title\" content=\"Disc Jockey - Website Demos\" \/>\n<meta property=\"og:url\" content=\"https:\/\/websitedemos.net\/astra-site\/disc-jockey-2\/\" \/>\n<meta property=\"og:site_name\" content=\"Website Demos\" \/>\n<meta property=\"article:modified_time\" content=\"2020-03-13T12:40:27+00:00\" \/>\n<meta property=\"og:image\" content=\"https:\/\/websitedemos.net\/wp-content\/uploads\/2019\/07\/disc-jockey-home.jpg\" \/>\n\t<meta property=\"og:image:width\" content=\"1200\" \/>\n\t<meta property=\"og:image:height\" content=\"4036\" \/>\n<meta name=\"twitter:card\" content=\"summary\" \/>\n<script type=\"application\/ld+json\" class=\"yoast-schema-graph\">{\"@context\":\"https:\/\/schema.org\",\"@graph\":[{\"@type\":\"WebSite\",\"@id\":\"https:\/\/websitedemos.net\/#website\",\"url\":\"https:\/\/websitedemos.net\/\",\"name\":\"Website Demos\",\"description\":\"The Fastest, Lightweight Ready Websites\",\"potentialAction\":[{\"@type\":\"SearchAction\",\"target\":\"https:\/\/websitedemos.net\/?s={search_term_string}\",\"query-input\":\"required name=search_term_string\"}],\"inLanguage\":\"en-US\"},{\"@type\":\"ImageObject\",\"@id\":\"https:\/\/websitedemos.net\/astra-site\/disc-jockey-2\/#primaryimage\",\"inLanguage\":\"en-US\",\"url\":\"https:\/\/websitedemos.net\/wp-content\/uploads\/2019\/07\/disc-jockey-home.jpg\",\"width\":1200,\"height\":4036},{\"@type\":\"WebPage\",\"@id\":\"https:\/\/websitedemos.net\/astra-site\/disc-jockey-2\/#webpage\",\"url\":\"https:\/\/websitedemos.net\/astra-site\/disc-jockey-2\/\",\"name\":\"Disc Jockey - Website Demos\",\"isPartOf\":{\"@id\":\"https:\/\/websitedemos.net\/#website\"},\"primaryImageOfPage\":{\"@id\":\"https:\/\/websitedemos.net\/astra-site\/disc-jockey-2\/#primaryimage\"},\"datePublished\":\"2020-03-13T12:40:22+00:00\",\"dateModified\":\"2020-03-13T12:40:27+00:00\",\"inLanguage\":\"en-US\",\"potentialAction\":[{\"@type\":\"ReadAction\",\"target\":[\"https:\/\/websitedemos.net\/astra-site\/disc-jockey-2\/\"]}]}]}<\/script>\n<!-- \/ Yoast SEO plugin. -->","astra-site-type":"premium","astra-site-thumbnail":"https:\/\/websitedemos.net\/wp-content\/uploads\/2019\/07\/disc-jockey-home-400x1345.jpg","required-plugins":[{"slug":"astra-addon","init":"astra-addon\/astra-addon.php","name":"Astra Pro"},{"slug":"beaver-builder-lite-version","init":"beaver-builder-lite-version\/fl-builder.php","name":"Beaver Builder Plugin (Lite Version)"},{"slug":"bb-ultimate-addon","init":"bb-ultimate-addon\/bb-ultimate-addon.php","name":"Ultimate Addons for Beaver Builder"},{"slug":"wpforms-lite","init":"wpforms-lite\/wpforms.php","name":"WPForms Lite"}],"astra-site-url":"\/\/websitedemos.net\/disc-jockey-03","astra-site-open-in-new-tab":"0","astra-site-widgets-data":"{\"sidebar-1\":{\"search-2\":{\"title\":\"\"},\"recent-posts-2\":{\"title\":\"\",\"number\":5},\"recent-comments-2\":{\"title\":\"\",\"number\":5},\"archives-2\":{\"title\":\"\",\"count\":0,\"dropdown\":0},\"categories-2\":{\"title\":\"\",\"count\":0,\"hierarchical\":0,\"dropdown\":0},\"meta-2\":{\"title\":\"\"}}}","astra-site-customizer-data":{"astra-settings":{"blog-single-post-structure":["single-image","single-title-meta"],"blog-single-width":"default","blog-single-max-width":1200,"blog-single-meta":["comments","category","author"],"blog-post-structure":["image","title-meta"],"blog-width":"default","blog-max-width":1200,"blog-post-content":"excerpt","blog-meta":["comments","category","author"],"text-color":"#ffffff","link-color":"#ffb30f","theme-color":"#ffb30f","link-h-color":"rgba(255,179,15,0.9)","footer-bg-obj":{"background-color":"#1f2730","background-image":"","background-repeat":"repeat","background-position":"center center","background-size":"auto","background-attachment":"scroll"},"footer-color":"rgba(255,255,255,0.5)","footer-link-color":"#ffb30f","footer-link-h-color":"#2be7e3","footer-adv-bg-obj":{"background-color":"","background-image":"","background-repeat":"repeat","background-position":"center center","background-size":"auto","background-attachment":"scroll"},"footer-adv-text-color":"","footer-adv-link-color":"","footer-adv-link-h-color":"","footer-adv-wgt-title-color":"","button-color":"#0de8e4","button-h-color":"#000000","button-bg-color":"rgba(43,231,227,0)","button-bg-h-color":"#0de8e4","theme-button-padding":{"desktop":{"top":"10","right":"20","bottom":"10","left":"20"},"tablet":{"top":"","right":"","bottom":"","left":""},"mobile":{"top":"","right":"","bottom":"","left":""},"desktop-unit":"px","tablet-unit":"px","mobile-unit":"px"},"button-radius":0,"theme-button-border-group-border-size":{"top":"2","right":"2","bottom":"2","left":"2"},"footer-sml-layout":"footer-sml-layout-2","footer-sml-section-1":"custom","footer-sml-section-1-credit":"Copyright \u00a9 [current_year] [site_title] | Powered by [site_title] | <a href=\"#\">Credits<\/a>","footer-sml-section-2":"menu","footer-sml-section-2-credit":"Copyright &copy; [current_year] [site_title] | Powered by [theme_author]","footer-sml-dist-equal-align":true,"footer-sml-divider":0,"footer-sml-divider-color":"#7a7a7a","footer-layout-width":"content","ast-header-retina-logo":"https:\/\/websitedemos.net\/disc-jockey-03-wip\/wp-content\/uploads\/sites\/485\/2019\/08\/logo-retina-free-img.png","ast-header-logo-width":"","ast-header-responsive-logo-width":{"desktop":"","tablet":"","mobile":""},"display-site-title":false,"display-site-tagline":0,"logo-title-inline":1,"disable-primary-nav":false,"header-layouts":"header-main-layout-1","header-main-rt-section":"none","header-display-outside-menu":false,"header-main-rt-section-html":"<button>Contact Us<\/button>","header-main-rt-section-button-text":"Button","header-main-rt-section-button-link":"https:\/\/www.wpastra.com","header-main-rt-section-button-link-option":{"url":"https:\/\/www.wpastra.com","new_tab":false,"link_rel":""},"header-main-rt-section-button-style":"theme-button","header-main-rt-section-button-text-color":"","header-main-rt-section-button-back-color":"","header-main-rt-section-button-text-h-color":"","header-main-rt-section-button-back-h-color":"","header-main-rt-section-button-padding":{"desktop":{"top":"","right":"","bottom":"","left":""},"tablet":{"top":"","right":"","bottom":"","left":""},"mobile":{"top":"","right":"","bottom":"","left":""}},"header-main-rt-section-button-border-size":{"top":"","right":"","bottom":"","left":""},"header-main-sep":0,"header-main-sep-color":"rgba(255,255,255,0.1)","header-main-layout-width":"content","primary-submenu-border":{"top":"0","right":"0","bottom":"0","left":"0"},"primary-submenu-item-border":false,"primary-submenu-b-color":"","primary-submenu-item-b-color":"","header-main-menu-label":"","header-main-menu-align":"inline","header-main-submenu-container-animation":"fade","mobile-header-breakpoint":"","mobile-header-logo":"","mobile-header-logo-width":"","site-layout":"ast-full-width-layout","site-content-width":1140,"site-layout-outside-bg-obj":{"background-color":"#222b36","background-image":"","background-repeat":"repeat","background-position":"center center","background-size":"auto","background-attachment":"scroll"},"site-content-layout":"boxed-container","single-page-content-layout":"default","single-post-content-layout":"default","archive-post-content-layout":"default","body-font-family":"'Montserrat', sans-serif","body-font-variant":"500","body-font-weight":"400","font-size-body":{"desktop":"17","tablet":"","mobile":"","desktop-unit":"px","tablet-unit":"px","mobile-unit":"px"},"body-line-height":"","para-margin-bottom":"","body-text-transform":"","headings-font-family":"'Montserrat', sans-serif","headings-font-weight":"900","headings-text-transform":"uppercase","headings-line-height":"","font-size-site-title":{"desktop":35,"tablet":"","mobile":"","desktop-unit":"px","tablet-unit":"px","mobile-unit":"px"},"font-size-site-tagline":{"desktop":15,"tablet":"","mobile":"","desktop-unit":"px","tablet-unit":"px","mobile-unit":"px"},"font-size-entry-title":{"desktop":30,"tablet":"","mobile":"","desktop-unit":"px","tablet-unit":"px","mobile-unit":"px"},"font-size-archive-summary-title":{"desktop":40,"tablet":"","mobile":"","desktop-unit":"px","tablet-unit":"px","mobile-unit":"px"},"font-size-page-title":{"desktop":40,"tablet":"","mobile":"","desktop-unit":"px","tablet-unit":"px","mobile-unit":"px"},"font-size-h1":{"desktop":"100","tablet":"60","mobile":"50","desktop-unit":"px","tablet-unit":"px","mobile-unit":"px"},"font-size-h2":{"desktop":"70","tablet":"50","mobile":"35","desktop-unit":"px","tablet-unit":"px","mobile-unit":"px"},"font-size-h3":{"desktop":"40","tablet":"35","mobile":"25","desktop-unit":"px","tablet-unit":"px","mobile-unit":"px"},"font-size-h4":{"desktop":"25","tablet":"","mobile":"","desktop-unit":"px","tablet-unit":"px","mobile-unit":"px"},"font-size-h5":{"desktop":"18","tablet":"","mobile":"","desktop-unit":"px","tablet-unit":"px","mobile-unit":"px"},"font-size-h6":{"desktop":"16","tablet":"","mobile":"","desktop-unit":"px","tablet-unit":"px","mobile-unit":"px"},"site-sidebar-layout":"no-sidebar","site-sidebar-width":30,"single-page-sidebar-layout":"default","single-post-sidebar-layout":"default","archive-post-sidebar-layout":"default","footer-adv":"disabled","footer-adv-border-width":"","footer-adv-border-color":"#7a7a7a","mobile-header-toggle-btn-style":"fill","hide-custom-menu-mobile":1,"mobile-header-toggle-target":"icon","transparent-header-logo":"https:\/\/websitedemos.net\/disc-jockey-03\/wp-content\/uploads\/sites\/485\/2019\/08\/logo-regular-free-img.png","transparent-header-retina-logo":"","different-transparent-logo":true,"different-transparent-retina-logo":false,"transparent-header-logo-width":{"desktop":"","tablet":"","mobile":""},"transparent-header-enable":0,"transparent-header-disable-archive":1,"transparent-header-disable-latest-posts-index":1,"transparent-header-on-devices":"both","transparent-header-main-sep":0,"transparent-header-main-sep-color":"","transparent-header-bg-color":"","transparent-header-color-site-title":"","transparent-header-color-h-site-title":"","transparent-menu-bg-color":"","transparent-menu-color":"","transparent-menu-h-color":"","transparent-submenu-bg-color":"","transparent-submenu-color":"","transparent-submenu-h-color":"","transparent-header-bg-color-responsive":{"desktop":"","tablet":"","mobile":""},"transparent-header-color-site-title-responsive":{"desktop":"","tablet":"","mobile":""},"transparent-header-color-h-site-title-responsive":{"desktop":"","tablet":"","mobile":""},"transparent-menu-bg-color-responsive":{"desktop":"","tablet":"","mobile":""},"transparent-menu-color-responsive":{"desktop":"#ffb30f","tablet":"","mobile":""},"transparent-menu-h-color-responsive":{"desktop":"#00e8e4","tablet":"","mobile":""},"transparent-submenu-bg-color-responsive":{"desktop":"","tablet":"","mobile":""},"transparent-submenu-color-responsive":{"desktop":"","tablet":"","mobile":""},"transparent-submenu-h-color-responsive":{"desktop":"","tablet":"","mobile":""},"transparent-content-section-text-color-responsive":{"desktop":"","tablet":"","mobile":""},"transparent-content-section-link-color-responsive":{"desktop":"","tablet":"","mobile":""},"transparent-content-section-link-h-color-responsive":{"desktop":"","tablet":"","mobile":""},"breadcrumb-font-family":"inherit","breadcrumb-font-weight":"inherit","breadcrumb-text-transform":"","breadcrumb-text-color-responsive":{"desktop":"","tablet":"","mobile":""},"breadcrumb-active-color-responsive":{"desktop":"","tablet":"","mobile":""},"breadcrumb-hover-color-responsive":{"desktop":"","tablet":"","mobile":""},"breadcrumb-separator-color":{"desktop":"","tablet":"","mobile":""},"breadcrumb-bg-color":{"desktop":"","tablet":"","mobile":""},"breadcrumb-spacing":{"desktop":{"top":"","right":"","bottom":"","left":""},"tablet":{"top":"","right":"","bottom":"","left":""},"mobile":{"top":"","right":"","bottom":"","left":""},"desktop-unit":"px","tablet-unit":"px","mobile-unit":"px"},"h1-color":"","h2-color":"","h3-color":"","h4-color":"","h5-color":"","h6-color":"","font-family-h1":"inherit","font-weight-h1":"normal","text-transform-h1":"","line-height-h1":"1","font-family-h2":"inherit","font-weight-h2":"normal","text-transform-h2":"","line-height-h2":"1","font-family-h3":"inherit","font-weight-h3":"inherit","text-transform-h3":"","line-height-h3":"1","font-weight-button":"500","font-family-button":"inherit","font-size-button":{"desktop":"15","tablet":"","mobile":"","desktop-unit":"px","tablet-unit":"px","mobile-unit":"px"},"text-transform-button":"uppercase","theme-btn-line-height":1,"theme-btn-letter-spacing":"","header-main-rt-section-search-box-type":"slide-search","below-header-section-2-search-box-type":"slide-search","below-header-section-1-search-box-type":"slide-search","above-header-section-1-search-box-type":"slide-search","above-header-section-2-search-box-type":"slide-search","button-v-padding":5,"button-h-padding":20,"content-bg-obj":{"background-color":"#ffffff","background-image":"","background-repeat":"repeat","background-position":"center center","background-size":"auto","background-attachment":"scroll"},"header-bg-obj":{"background-color":"","background-image":"","background-repeat":"repeat","background-position":"center center","background-size":"auto","background-attachment":"scroll"},"header-bg-obj-responsive":{"desktop":{"background-color":"#222b36","background-image":"https:\/\/websitedemos.net\/disc-jockey-04\/wp-content\/uploads\/sites\/451\/2019\/05\/bg-header-img-free-img.png","background-repeat":"no-repeat","background-position":"center center","background-size":"cover","background-attachment":"scroll"},"tablet":{"background-color":"","background-image":"https:\/\/websitedemos.net\/alex41\/wp-content\/uploads\/sites\/451\/2019\/05\/bg-header-img-free-img.png","background-repeat":"no-repeat","background-position":"center center","background-size":"cover","background-attachment":"scroll"},"mobile":{"background-color":"","background-image":"https:\/\/websitedemos.net\/alex41\/wp-content\/uploads\/sites\/451\/2019\/05\/bg-header-img-free-img.png","background-repeat":"no-repeat","background-position":"center center","background-size":"cover","background-attachment":"scroll"}},"header-color-site-title":"","header-color-h-site-title":"","header-color-site-tagline":"","primary-menu-bg-color":"","primary-menu-color":"","primary-menu-h-bg-color":"","primary-menu-h-color":"","primary-menu-a-bg-color":"","primary-menu-a-color":"","primary-menu-bg-obj-responsive":{"desktop":{"background-color":"","background-image":"","background-repeat":"repeat","background-position":"center center","background-size":"auto","background-attachment":"scroll"},"tablet":{"background-color":"","background-image":"","background-repeat":"repeat","background-position":"center center","background-size":"auto","background-attachment":"scroll"},"mobile":{"background-color":"","background-image":"","background-repeat":"repeat","background-position":"center center","background-size":"auto","background-attachment":"scroll"}},"primary-menu-color-responsive":{"desktop":"#2be7e3","tablet":"rgba(255,255,255,0.65)","mobile":""},"primary-menu-h-bg-color-responsive":{"desktop":"","tablet":"","mobile":""},"primary-menu-h-color-responsive":{"desktop":"#ffb30f","tablet":"#ffffff","mobile":""},"primary-menu-a-bg-color-responsive":{"desktop":"","tablet":"","mobile":""},"primary-menu-a-color-responsive":{"desktop":"","tablet":"#ffb30f","mobile":""},"primary-submenu-bg-color":"","primary-submenu-color":"","primary-submenu-h-bg-color":"","primary-submenu-h-color":"","primary-submenu-a-bg-color":"","primary-submenu-a-color":"","primary-submenu-bg-color-responsive":{"desktop":"","tablet":"","mobile":""},"primary-submenu-color-responsive":{"desktop":"","tablet":"","mobile":""},"primary-submenu-h-bg-color-responsive":{"desktop":"","tablet":"","mobile":""},"primary-submenu-h-color-responsive":{"desktop":"","tablet":"","mobile":""},"primary-submenu-a-bg-color-responsive":{"desktop":"","tablet":"","mobile":""},"primary-submenu-a-color-responsive":{"desktop":"","tablet":"","mobile":""},"entry-title-color":"","sidebar-bg-obj":{"background-color":"","background-image":"","background-repeat":"repeat","background-position":"center center","background-size":"auto","background-attachment":"scroll"},"sidebar-widget-title-color":"","sidebar-text-color":"","sidebar-link-color":"","sidebar-link-h-color":"","archive-summary-box-bg-color":"","archive-summary-box-title-color":"","archive-summary-box-text-color":"","page-title-color":"","post-meta-color":"","post-meta-link-color":"","post-meta-link-h-color":"","footer-bg-color":"","footer-bg-color-opc":"0.8","mobile-menu-style":"flyout","flyout-mobile-menu-alignment":"right","mobile-above-header-menu-style":"default","flyout-mobile-above-header-menu-alignment":"left","mobile-below-header-menu-style":"default","flyout-mobile-below-header-menu-alignment":"left","mobile-above-header-toggle-btn-style":"minimal","mobile-above-header-toggle-btn-style-color":"","mobile-above-header-toggle-btn-border-radius":2,"mobile-below-header-toggle-btn-style":"minimal","mobile-below-header-toggle-btn-style-color":"","mobile-below-header-toggle-btn-border-radius":2,"mobile-header-color":"","mobile-header-h-color":"","mobile-header-bg-obj":{"background-color":"","background-image":"","background-repeat":"repeat","background-position":"center center","background-size":"auto","background-attachment":"scroll"},"mobile-above-header-t-l-color":"","mobile-above-header-t-l-hover-color":"","mobile-above-header-bg-obj":{"background-color":"","background-image":"","background-repeat":"repeat","background-position":"center center","background-size":"auto","background-attachment":"scroll"},"mobile-below-header-t-l-color":"","mobile-below-header-t-l-hover-color":"","mobile-below-header-bg-obj":{"background-color":"","background-image":"","background-repeat":"repeat","background-position":"center center","background-size":"auto","background-attachment":"scroll"},"mobile-header-menu-a-bg-color":"","mobile-header-menu-a-color":"","mobile-header-menu-h-bg-color":"","mobile-header-menu-h-color":"","mobile-header-menu-color":"","mobile-header-menu-bg-color":"","mobile-above-header-menu-a-bg-color":"","mobile-above-header-menu-a-color":"","mobile-above-header-menu-h-bg-color":"","mobile-above-header-menu-h-color":"","mobile-above-header-menu-color":"","mobile-above-header-menu-bg-color":"","mobile-below-header-menu-a-bg-color":"","mobile-below-header-menu-a-color":"","mobile-below-header-menu-h-bg-color":"","mobile-below-header-menu-h-color":"","mobile-below-header-menu-color":"","mobile-below-header-menu-bg-color":"#414042","mobile-header-submenu-color":"","mobile-header-submenu-bg-color":"","mobile-header-submenu-h-color":"","mobile-header-submenu-h-bg-color":"","mobile-header-submenu-a-color":"","mobile-header-submenu-a-bg-color":"","mobile-header-menu-all-border":{"top":"0","right":"0","bottom":"0","left":"0"},"mobile-header-menu-b-color":"#dadada","mobile-above-header-submenu-color":"","mobile-above-header-submenu-bg-color":"","mobile-above-header-submenu-h-color":"","mobile-above-header-submenu-h-bg-color":"","mobile-above-header-submenu-a-color":"","mobile-above-header-submenu-a-bg-color":"","mobile-above-header-menu-all-border":{"top":"","right":"","bottom":"","left":""},"mobile-above-header-menu-b-color":"#dadada","mobile-below-header-submenu-color":"","mobile-below-header-submenu-bg-color":"","mobile-below-header-submenu-h-color":"","mobile-below-header-submenu-h-bg-color":"","mobile-below-header-submenu-a-color":"","mobile-below-header-submenu-a-bg-color":"","mobile-below-header-menu-all-border":{"top":"","right":"","bottom":"","left":""},"mobile-below-header-menu-b-color":"#dadada","mobile-header-fullscreen-bg-obj":{"background-color":"#ffffff","background-image":"","background-repeat":"repeat","background-position":"center center","background-size":"auto","background-attachment":"scroll"},"mobile-above-header-fullscreen-bg-obj":{"background-color":"#ffffff","background-image":"","background-repeat":"repeat","background-position":"center center","background-size":"auto","background-attachment":"scroll"},"mobile-below-header-fullscreen-bg-obj":{"background-color":"#414042","background-image":"","background-repeat":"repeat","background-position":"center center","background-size":"auto","background-attachment":"scroll"},"font-family-mobile-menu":"inherit","font-weight-mobile-menu":"inherit","text-transform-mobile-menu":"","line-height-mobile-menu":"","font-size-mobile-menu":{"desktop":"","tablet":"","mobile":"","desktop-unit":"px","tablet-unit":"px","mobile-unit":"px"},"font-family-mobile-submenu":"inherit","font-weight-mobile-submenu":"inherit","text-transform-mobile-submenu":"","line-height-mobile-submenu":"","font-size-mobile-submenu":{"desktop":"","tablet":"","mobile":"","desktop-unit":"px","tablet-unit":"px","mobile-unit":"px"},"font-family-mobile-above-header-menu":"inherit","font-weight-mobile-above-header-menu":"inherit","text-transform-mobile-above-header-menu":"","font-size-mobile-above-header-menu":{"desktop":"","tablet":"","mobile":"","desktop-unit":"px","tablet-unit":"px","mobile-unit":"px"},"font-family-mobile-below-header-menu":"inherit","font-weight-mobile-below-header-menu":"inherit","text-transform-mobile-below-header-menu":"","line-height-mobile-below-header-menu":"","font-size-mobile-below-header-menu":{"desktop":"","tablet":"","mobile":"","desktop-unit":"px","tablet-unit":"px","mobile-unit":"px"},"font-family-mobile-below-header-submenu":"inherit","font-weight-mobile-below-header-submenu":"inherit","text-transform-mobile-below-header-submenu":"","line-height-mobile-below-header-submenu":"","font-size-mobile-below-header-submenu":{"desktop":"","tablet":"","mobile":"","desktop-unit":"px","tablet-unit":"px","mobile-unit":"px"},"site-identity-spacing":{"desktop":{"top":"25","right":"","bottom":"","left":""},"tablet":{"top":"","right":"","bottom":"","left":""},"mobile":{"top":"","right":"","bottom":"","left":""},"desktop-unit":"px","tablet-unit":"px","mobile-unit":"px"},"container-outside-spacing":{"desktop":{"top":"","right":"","bottom":"","left":""},"tablet":{"top":"1.5","right":"0","bottom":"1.5","left":"0"},"mobile":{"top":"","right":"","bottom":"","left":""},"desktop-unit":"px","tablet-unit":"em","mobile-unit":"px"},"container-inside-spacing":{"desktop":{"top":"","right":"","bottom":"","left":""},"tablet":{"top":"1.5","right":"2.14","bottom":"1.5","left":"2.14"},"mobile":{"top":"1.5","right":"1","bottom":"1.5","left":"1"},"desktop-unit":"px","tablet-unit":"em","mobile-unit":"em"},"sidebar-outside-spacing":{"desktop":{"top":"","right":"","bottom":"","left":""},"tablet":{"top":"1.5","right":"1","bottom":"1.5","left":"1"},"mobile":{"top":"","right":"","bottom":"","left":""},"desktop-unit":"px","tablet-unit":"em","mobile-unit":"px"},"sidebar-inside-spacing":{"desktop":{"top":"","right":"","bottom":"","left":""},"tablet":{"top":"","right":"","bottom":"","left":""},"mobile":{"top":"","right":"","bottom":"","left":""},"desktop-unit":"px","tablet-unit":"px","mobile-unit":"px"},"blog-post-outside-spacing":{"desktop":{"top":"","right":"","bottom":"","left":""},"tablet":{"top":"","right":"","bottom":"","left":""},"mobile":{"top":"","right":"","bottom":"","left":""},"desktop-unit":"px","tablet-unit":"px","mobile-unit":"px"},"blog-post-inside-spacing":{"desktop":{"top":"","right":"","bottom":"","left":""},"tablet":{"top":"","right":"","bottom":"","left":""},"mobile":{"top":"","right":"","bottom":"","left":""},"desktop-unit":"px","tablet-unit":"px","mobile-unit":"px"},"blog-post-pagination-spacing":{"desktop":{"top":"","right":"","bottom":"","left":""},"tablet":{"top":"","right":"","bottom":"","left":""},"mobile":{"top":"","right":"","bottom":"","left":""},"desktop-unit":"px","tablet-unit":"px","mobile-unit":"px"},"header-spacing":{"desktop":{"top":"","right":"","bottom":"","left":""},"tablet":{"top":"0","right":"1.5","bottom":"0","left":"1.5"},"mobile":{"top":"","right":"1","bottom":"","left":"1"},"desktop-unit":"px","tablet-unit":"em","mobile-unit":"em"},"sticky-header-spacing":{"desktop":{"top":"","right":"","bottom":"","left":""},"tablet":{"top":"","right":"","bottom":"","left":""},"mobile":{"top":"","right":"","bottom":"","left":""},"desktop-unit":"px","tablet-unit":"px","mobile-unit":"px"},"footer-sml-spacing":{"desktop":{"top":"","right":"","bottom":"","left":""},"tablet":{"top":"2","right":"","bottom":"2","left":""},"mobile":{"top":"","right":"","bottom":"","left":""},"desktop-unit":"px","tablet-unit":"em","mobile-unit":"px"},"primary-menu-spacing":{"desktop":{"top":"0","right":"50","bottom":"10","left":"50"},"tablet":{"top":"0","right":"50","bottom":"0","left":"50"},"mobile":{"top":"0","right":"50","bottom":"0","left":"50"},"desktop-unit":"px","tablet-unit":"px","mobile-unit":"px"},"primary-submenu-spacing":{"desktop":{"top":"","right":"","bottom":"","left":""},"tablet":{"top":"0","right":"20","bottom":"0","left":"30"},"mobile":{"top":"","right":"","bottom":"","left":""},"desktop-unit":"px","tablet-unit":"px","mobile-unit":"px"},"above-header-spacing":{"desktop":{"top":"","right":"","bottom":"","left":""},"tablet":{"top":"0","right":"","bottom":"0","left":""},"mobile":{"top":"0.5","right":"","bottom":"","left":""},"desktop-unit":"px","tablet-unit":"px","mobile-unit":"em"},"above-header-menu-spacing":{"desktop":{"top":"","right":"","bottom":"","left":""},"tablet":{"top":"0","right":"20","bottom":"0","left":"20"},"mobile":{"top":"","right":"","bottom":"","left":""},"desktop-unit":"px","tablet-unit":"px","mobile-unit":"px"},"above-header-submenu-spacing":{"desktop":{"top":"","right":"","bottom":"","left":""},"tablet":{"top":"0","right":"20","bottom":"0","left":"20"},"mobile":{"top":"","right":"","bottom":"","left":""},"desktop-unit":"px","tablet-unit":"px","mobile-unit":"px"},"below-header-spacing":{"desktop":{"top":"","right":"","bottom":"","left":""},"tablet":{"top":"1","right":"","bottom":"1","left":""},"mobile":{"top":"","right":"","bottom":"","left":""},"desktop-unit":"px","tablet-unit":"em","mobile-unit":"px"},"below-header-menu-spacing":{"desktop":{"top":"","right":"","bottom":"","left":""},"tablet":{"top":"0","right":"20","bottom":"0","left":"20"},"mobile":{"top":"","right":"","bottom":"","left":""},"desktop-unit":"px","tablet-unit":"px","mobile-unit":"px"},"below-header-submenu-spacing":{"desktop":{"top":"","right":"","bottom":"","left":""},"tablet":{"top":"0","right":"20","bottom":"0","left":"20"},"mobile":{"top":"","right":"","bottom":"","left":""},"desktop-unit":"px","tablet-unit":"px","mobile-unit":"px"},"footer-menu-spacing":{"desktop":{"top":"","right":"","bottom":"","left":""},"tablet":{"top":"0","right":".5","bottom":"0","left":".5"},"mobile":{"top":"","right":"","bottom":"","left":""},"desktop-unit":"px","tablet-unit":"em","mobile-unit":"px"},"single-post-outside-spacing":{"desktop":{"top":"","right":"","bottom":"","left":""},"tablet":{"top":"","right":"","bottom":"","left":""},"mobile":{"top":"","right":"","bottom":"","left":""},"desktop-unit":"px","tablet-unit":"px","mobile-unit":"px"},"single-post-inside-spacing":{"desktop":{"top":"","right":"","bottom":"","left":""},"tablet":{"top":"","right":"","bottom":"","left":""},"mobile":{"top":"","right":"","bottom":"","left":""},"desktop-unit":"px","tablet-unit":"px","mobile-unit":"px"},"font-family-site-title":"inherit","font-weight-site-title":"inherit","text-transform-site-title":"","line-height-site-title":"","font-family-site-tagline":"inherit","font-weight-site-tagline":"inherit","text-transform-site-tagline":"","line-height-site-tagline":"","font-size-primary-menu":{"desktop":"24","tablet":"","mobile":"","desktop-unit":"px","tablet-unit":"px","mobile-unit":"px"},"font-weight-primary-menu":"900","font-family-primary-menu":"inherit","text-transform-primary-menu":"uppercase","line-height-primary-menu":"","font-size-primary-dropdown-menu":{"desktop":"","tablet":"","mobile":"","desktop-unit":"px","tablet-unit":"px","mobile-unit":"px"},"font-family-primary-dropdown-menu":"inherit","font-weight-primary-dropdown-menu":"inherit","text-transform-primary-dropdown-menu":"","line-height-primary-dropdown-menu":"","font-family-archive-summary-title":"inherit","font-weight-archive-summary-title":"inherit","text-transform-archive-summary-title":"","line-height-archive-summary-title":"","font-family-page-title":"inherit","font-weight-page-title":"inherit","text-transform-page-title":"","line-height-page-title":"","font-size-post-meta":{"desktop":"","tablet":"","mobile":"","desktop-unit":"px","tablet-unit":"px","mobile-unit":"px"},"font-family-post-meta":"inherit","font-weight-post-meta":"inherit","text-transform-post-meta":"","line-height-post-meta":"","font-size-post-pagination":{"desktop":"","tablet":"","mobile":"","desktop-unit":"px","tablet-unit":"px","mobile-unit":"px"},"text-transform-post-pagination":"","font-family-entry-title":"inherit","font-weight-entry-title":"inherit","text-transform-entry-title":"","line-height-entry-title":"","font-size-widget-title":{"desktop":"","tablet":"","mobile":"","desktop-unit":"px","tablet-unit":"px","mobile-unit":"px"},"font-family-widget-title":"inherit","font-weight-widget-title":"inherit","text-transform-widget-title":"","line-height-widget-title":"","font-size-widget-content":{"desktop":"","tablet":"","mobile":"","desktop-unit":"px","tablet-unit":"px","mobile-unit":"px"},"font-family-widget-content":"inherit","font-weight-widget-content":"inherit","text-transform-widget-content":"","line-height-widget-content":"","font-size-footer-content":{"desktop":"11","tablet":"","mobile":"","desktop-unit":"px","tablet-unit":"px","mobile-unit":"px"},"font-family-footer-content":"inherit","font-weight-footer-content":"700","text-transform-footer-content":"uppercase","line-height-footer-content":"","font-family-h4":"inherit","font-weight-h4":"normal","text-transform-h4":"","line-height-h4":"1","font-family-h5":"inherit","font-weight-h5":"normal","text-transform-h5":"","line-height-h5":"1","font-family-h6":"'Rock Salt', handwriting","font-weight-h6":"400","text-transform-h6":"","line-height-h6":"1","outside-menu-font-size":{"desktop":"","tablet":"","mobile":"","desktop-unit":"px","tablet-unit":"px","mobile-unit":"px"},"outside-menu-line-height":"","astra-addon-auto-version":"2.3.3","theme-auto-version":"2.3.3","different-retina-logo":true,"mobile-header-toggle-btn-border-radius":0,"_astra_pb_compatibility_completed":true,"is_addon_queue_running":false,"submenu-open-below-header":false,"is_astra_addon_queue_running":false,"is_theme_queue_running":false,"heading-base-color":"#ffb30f","theme-button-border-group-border-color":"#0de8e4","theme-button-border-group-border-h-color":"#0de8e4","ele-default-color-typo-setting-comp":false},"custom-css":""},"astra-site-options-data":{"woocommerce_product_attributes":[],"woocommerce_product_cat_list":[],"woocommerce_product_cat":[],"custom_logo":"https:\/\/websitedemos.net\/disc-jockey-03\/wp-content\/uploads\/sites\/485\/2019\/08\/logo-regular-free-img.png","nav_menu_locations":{"primary":"menu","footer_menu":"menu"},"show_on_front":"page","page_on_front":"Home","page_for_posts":"","_fl_builder_enabled_icons":null,"_fl_builder_enabled_modules":null,"_fl_builder_post_types":null,"_fl_builder_color_presets":["ffb30f","000000","1b222b","0de8e4","cccccc"],"_fl_builder_services":null,"_fl_builder_settings":{"show_default_heading":"0","default_heading_selector":".fl-post-header","row_margins":0,"row_margins_unit":"px","row_margins_medium":"","row_margins_medium_unit":"px","row_margins_responsive":"","row_margins_responsive_unit":"px","row_padding":20,"row_padding_unit":"px","row_padding_medium":"","row_padding_medium_unit":"px","row_padding_responsive":"","row_padding_responsive_unit":"px","row_width":1140,"row_width_unit":"px","row_width_default":"fixed","row_content_width_default":"fixed","column_margins":0,"column_margins_unit":"px","column_margins_medium":"","column_margins_medium_unit":"px","column_margins_responsive":"","column_margins_responsive_unit":"px","column_padding":0,"column_padding_unit":"px","column_padding_medium":"","column_padding_medium_unit":"px","column_padding_responsive":"","column_padding_responsive_unit":"px","module_margins":20,"module_margins_unit":"px","module_margins_medium":"","module_margins_medium_unit":"px","module_margins_responsive":"","module_margins_responsive_unit":"px","responsive_enabled":"1","auto_spacing":"1","medium_breakpoint":992,"responsive_breakpoint":768,"responsive_base_fontsize":16,"css":"","js":""},"_fl_builder_user_access":null,"_fl_builder_enabled_templates":null,"elementor_container_width":null,"elementor_cpt_support":null,"elementor_css_print_method":null,"elementor_default_generic_fonts":null,"elementor_disable_color_schemes":null,"elementor_disable_typography_schemes":null,"elementor_editor_break_lines":null,"elementor_exclude_user_roles":null,"elementor_global_image_lightbox":null,"elementor_page_title_selector":null,"elementor_scheme_color":null,"elementor_scheme_color-picker]":null,"elementor_scheme_typography":null,"elementor_space_between_widgets":null,"elementor_stretched_section_container":null,"elementor_load_fa4_shim":null,"woocommerce_shop_page_title":"","woocommerce_cart_page_title":"","woocommerce_checkout_page_title":"","woocommerce_myaccount_page_title":"","woocommerce_edit_address_page_title":"","woocommerce_view_order_page_title":"","woocommerce_change_password_page_title":"","woocommerce_logout_page_title":"","woocommerce_enable_guest_checkout":null,"woocommerce_enable_checkout_login_reminder":null,"woocommerce_enable_signup_and_login_from_checkout":null,"woocommerce_enable_myaccount_registration":null,"woocommerce_registration_generate_username":null,"wpforms_settings":{"disable-css":"2","global-assets":false,"gdpr":false},"learndash_settings_theme_ld30":null,"learndash_settings_courses_themes":null},"astra-site-wxr-path":"https:\/\/websitedemos.net\/wp-content\/uploads\/astra-sites\/485\/wxr.xml","astra-site-give-path":"","astra-enabled-extensions":{"advanced-hooks":"advanced-hooks","blog-pro":"","colors-and-background":"","advanced-footer":"","mobile-header":"","header-sections":"","lifterlms":"","learndash":"","advanced-headers":"","site-layouts":"","spacing":"","sticky-header":"","scroll-to-top":"","transparent-header":"","typography":"","woocommerce":"","edd":"","nav-menu":"","all":"all"},"astra-custom-404":"","featured-image-url":"https:\/\/websitedemos.net\/wp-content\/uploads\/2019\/07\/disc-jockey-home.jpg","astra-woocommerce-csv-path":"","astra-post-data-mapping":{"astra-advanced-hook":[{"post_id":241,"post_title":"Site Footer","mapping":{"ast-advanced-hook-location":{"rule":["page|all"],"specific":[]}}}],"astra_adv_header":[],"give_forms":[]},"astra-site-wpforms-path":"https:\/\/websitedemos.net\/wp-content\/uploads\/astra-sites\/485\/wpforms.json","astra-site-cartflows-path":"","astra-site-taxonomy-mapping":"","astra-site-parent-id":1446,"license-status":"valid","request_time":0.49595189094543457,"_links":{"self":[{"href":"https:\/\/websitedemos.net\/wp-json\/wp\/v2\/astra-sites\/45510"}],"collection":[{"href":"https:\/\/websitedemos.net\/wp-json\/wp\/v2\/astra-sites"}],"about":[{"href":"https:\/\/websitedemos.net\/wp-json\/wp\/v2\/types\/astra-sites"}],"author":[{"embeddable":true,"href":"https:\/\/websitedemos.net\/wp-json\/wp\/v2\/users\/39"}],"version-history":[{"count":1,"href":"https:\/\/websitedemos.net\/wp-json\/wp\/v2\/astra-sites\/45510\/revisions"}],"predecessor-version":[{"id":45523,"href":"https:\/\/websitedemos.net\/wp-json\/wp\/v2\/astra-sites\/45510\/revisions\/45523"}],"wp:featuredmedia":[{"embeddable":true,"href":"https:\/\/websitedemos.net\/wp-json\/wp\/v2\/media\/43603"}],"wp:attachment":[{"href":"https:\/\/websitedemos.net\/wp-json\/wp\/v2\/media?parent=45510"}],"wp:term":[{"taxonomy":"astra-site-category","embeddable":true,"href":"https:\/\/websitedemos.net\/wp-json\/wp\/v2\/astra-site-category?post=45510"},{"taxonomy":"astra-sites-type","embeddable":true,"href":"https:\/\/websitedemos.net\/wp-json\/wp\/v2\/astra-sites-type?post=45510"},{"taxonomy":"astra-site-page-builder","embeddable":true,"href":"https:\/\/websitedemos.net\/wp-json\/wp\/v2\/astra-site-page-builder?post=45510"},{"taxonomy":"astra-sites-tag","embeddable":true,"href":"https:\/\/websitedemos.net\/wp-json\/wp\/v2\/astra-sites-tag?post=45510"}],"curies":[{"name":"wp","href":"https:\/\/api.w.org\/{rel}","templated":true}]}}