{"id":45564,"date":"2020-03-18T11:50:09","date_gmt":"2020-03-18T06:20:09","guid":{"rendered":"https:\/\/websitedemos.net\/?post_type=astra-sites&#038;p=45564"},"modified":"2020-03-25T16:50:21","modified_gmt":"2020-03-25T11:20:21","slug":"personal-trainer-2","status":"publish","type":"astra-sites","link":"https:\/\/websitedemos.net\/astra-site\/personal-trainer-2\/","title":{"rendered":"Personal Trainer"},"content":{"rendered":"","protected":false},"author":12,"featured_media":45591,"template":"","astra-site-category":[27],"astra-sites-type":[40],"astra-site-page-builder":[33],"astra-sites-tag":[499,505,976,504,1454,1455],"yoast_head":"<!-- This site is optimized with the Yoast SEO plugin v14.0.4 - https:\/\/yoast.com\/wordpress\/plugins\/seo\/ -->\n<title>Personal Trainer - Website Demos<\/title>\n<meta name=\"robots\" content=\"index, follow\" \/>\n<meta name=\"googlebot\" content=\"index, follow, max-snippet:-1, max-image-preview:large, max-video-preview:-1\" \/>\n<meta name=\"bingbot\" content=\"index, follow, max-snippet:-1, max-image-preview:large, max-video-preview:-1\" \/>\n<link rel=\"canonical\" href=\"https:\/\/websitedemos.net\/astra-site\/personal-trainer-2\/\" \/>\n<meta property=\"og:locale\" content=\"en_US\" \/>\n<meta property=\"og:type\" content=\"article\" \/>\n<meta property=\"og:title\" content=\"Personal Trainer - Website Demos\" \/>\n<meta property=\"og:url\" content=\"https:\/\/websitedemos.net\/astra-site\/personal-trainer-2\/\" \/>\n<meta property=\"og:site_name\" content=\"Website Demos\" \/>\n<meta property=\"article:modified_time\" content=\"2020-03-25T11:20:21+00:00\" \/>\n<meta property=\"og:image\" content=\"https:\/\/websitedemos.net\/wp-content\/uploads\/2020\/03\/personal-trainer-04.jpg\" \/>\n\t<meta property=\"og:image:width\" content=\"1200\" \/>\n\t<meta property=\"og:image:height\" content=\"6455\" \/>\n<meta name=\"twitter:card\" content=\"summary\" \/>\n<script type=\"application\/ld+json\" class=\"yoast-schema-graph\">{\"@context\":\"https:\/\/schema.org\",\"@graph\":[{\"@type\":\"WebSite\",\"@id\":\"https:\/\/websitedemos.net\/#website\",\"url\":\"https:\/\/websitedemos.net\/\",\"name\":\"Website Demos\",\"description\":\"The Fastest, Lightweight Ready Websites\",\"potentialAction\":[{\"@type\":\"SearchAction\",\"target\":\"https:\/\/websitedemos.net\/?s={search_term_string}\",\"query-input\":\"required name=search_term_string\"}],\"inLanguage\":\"en-US\"},{\"@type\":\"ImageObject\",\"@id\":\"https:\/\/websitedemos.net\/astra-site\/personal-trainer-2\/#primaryimage\",\"inLanguage\":\"en-US\",\"url\":\"https:\/\/websitedemos.net\/wp-content\/uploads\/2020\/03\/personal-trainer-04.jpg\",\"width\":1200,\"height\":6455},{\"@type\":\"WebPage\",\"@id\":\"https:\/\/websitedemos.net\/astra-site\/personal-trainer-2\/#webpage\",\"url\":\"https:\/\/websitedemos.net\/astra-site\/personal-trainer-2\/\",\"name\":\"Personal Trainer - Website Demos\",\"isPartOf\":{\"@id\":\"https:\/\/websitedemos.net\/#website\"},\"primaryImageOfPage\":{\"@id\":\"https:\/\/websitedemos.net\/astra-site\/personal-trainer-2\/#primaryimage\"},\"datePublished\":\"2020-03-18T06:20:09+00:00\",\"dateModified\":\"2020-03-25T11:20:21+00:00\",\"inLanguage\":\"en-US\",\"potentialAction\":[{\"@type\":\"ReadAction\",\"target\":[\"https:\/\/websitedemos.net\/astra-site\/personal-trainer-2\/\"]}]}]}<\/script>\n<!-- \/ Yoast SEO plugin. -->","astra-site-type":"premium","astra-site-thumbnail":"https:\/\/websitedemos.net\/wp-content\/uploads\/2020\/03\/personal-trainer-04-400x2152.jpg","required-plugins":[{"slug":"elementor","init":"elementor\/elementor.php","name":"Elementor"},{"slug":"wpforms-lite","init":"wpforms-lite\/wpforms.php","name":"WPForms Lite"}],"astra-site-url":"\/\/websitedemos.net\/personal-trainer-04","astra-site-open-in-new-tab":"0","astra-site-widgets-data":"{\"sidebar-1\":{\"search-2\":{\"title\":\"\"},\"recent-posts-2\":{\"title\":\"\",\"number\":5},\"recent-comments-2\":{\"title\":\"\",\"number\":5},\"archives-2\":{\"title\":\"\",\"count\":0,\"dropdown\":0},\"categories-2\":{\"title\":\"\",\"count\":0,\"hierarchical\":0,\"dropdown\":0},\"meta-2\":{\"title\":\"\"}}}","astra-site-customizer-data":{"astra-settings":{"blog-single-post-structure":["single-image","single-title-meta"],"blog-single-width":"default","blog-single-max-width":1200,"blog-single-meta":["comments","category","author"],"blog-post-structure":["image","title-meta"],"blog-width":"default","blog-max-width":1200,"blog-post-content":"excerpt","blog-meta":["comments","category","author"],"text-color":"#ffffff","link-color":"#d8782d","theme-color":"#c02425","link-h-color":"#ffffff","footer-bg-obj":{"background-color":"#1f1c1d","background-image":"","background-repeat":"repeat","background-position":"center center","background-size":"auto","background-attachment":"scroll"},"footer-color":"","footer-link-color":"","footer-link-h-color":"","footer-adv-bg-obj":{"background-color":"","background-image":"","background-repeat":"repeat","background-position":"center center","background-size":"auto","background-attachment":"scroll"},"footer-adv-text-color":"","footer-adv-link-color":"","footer-adv-link-h-color":"","footer-adv-wgt-title-color":"","button-color":"#ffffff","button-h-color":"#ffffff","button-bg-color":"#d8782d","button-bg-h-color":"#c02425","theme-button-padding":{"desktop":{"top":"14","right":"25","bottom":"14","left":"25"},"tablet":{"top":"","right":"","bottom":"","left":""},"mobile":{"top":"","right":"","bottom":"","left":""},"desktop-unit":"px","tablet-unit":"px","mobile-unit":"px"},"button-radius":100,"theme-button-border-group-border-size":{"top":"","right":"","bottom":"","left":""},"footer-sml-layout":"footer-sml-layout-1","footer-sml-section-1":"custom","footer-sml-section-1-credit":"Copyright \u00a9 [current_year] [site_title] | Powered by [site_title]","footer-sml-section-2":"","footer-sml-section-2-credit":"Copyright &copy; [current_year] [site_title] | Powered by [theme_author]","footer-sml-dist-equal-align":true,"footer-sml-divider":0,"footer-sml-divider-color":"#7a7a7a","footer-layout-width":"content","ast-header-retina-logo":"","ast-header-logo-width":"","ast-header-responsive-logo-width":{"desktop":"","tablet":"","mobile":""},"display-site-title":1,"display-site-tagline":true,"logo-title-inline":1,"disable-primary-nav":false,"header-layouts":"header-main-layout-3","header-main-rt-section":"none","header-display-outside-menu":false,"header-main-rt-section-html":"<button>Contact Us<\/button>","header-main-rt-section-button-text":"Button","header-main-rt-section-button-link":"https:\/\/www.wpastra.com","header-main-rt-section-button-link-option":{"url":"https:\/\/www.wpastra.com","new_tab":false,"link_rel":""},"header-main-rt-section-button-style":"theme-button","header-main-rt-section-button-text-color":"","header-main-rt-section-button-back-color":"","header-main-rt-section-button-text-h-color":"","header-main-rt-section-button-back-h-color":"","header-main-rt-section-button-padding":{"desktop":{"top":"","right":"","bottom":"","left":""},"tablet":{"top":"","right":"","bottom":"","left":""},"mobile":{"top":"","right":"","bottom":"","left":""}},"header-main-rt-section-button-border-size":{"top":"","right":"","bottom":"","left":""},"header-main-sep":0,"header-main-sep-color":"","header-main-layout-width":"content","primary-submenu-border":{"top":"2","right":"0","bottom":"2","left":"0"},"primary-submenu-item-border":false,"primary-submenu-b-color":"","primary-submenu-item-b-color":"","header-main-menu-label":"","header-main-menu-align":"inline","header-main-submenu-container-animation":"fade","mobile-header-breakpoint":"","mobile-header-logo":"","mobile-header-logo-width":"","site-layout":"ast-full-width-layout","site-content-width":1200,"site-layout-outside-bg-obj":{"background-color":"rgba(35,31,32,0)","background-image":"https:\/\/websitedemos.net\/alex57\/wp-content\/uploads\/sites\/534\/2019\/11\/bg-01-free-img.jpg","background-repeat":"no-repeat","background-position":"center center","background-size":"cover","background-attachment":"fixed"},"site-content-layout":"boxed-container","single-page-content-layout":"default","single-post-content-layout":"default","archive-post-content-layout":"default","body-font-family":"'Poppins', sans-serif","body-font-variant":"","body-font-weight":"400","font-size-body":{"desktop":"16","tablet":"","mobile":"","desktop-unit":"px","tablet-unit":"px","mobile-unit":"px"},"body-line-height":"","para-margin-bottom":"0.5","body-text-transform":"","headings-font-family":"'Oswald', sans-serif","headings-font-weight":"700","headings-text-transform":"uppercase","headings-line-height":"","font-size-site-title":{"desktop":"22","tablet":"","mobile":"","desktop-unit":"px","tablet-unit":"px","mobile-unit":"px"},"font-size-site-tagline":{"desktop":"13","tablet":"","mobile":"","desktop-unit":"px","tablet-unit":"px","mobile-unit":"px"},"font-size-entry-title":{"desktop":30,"tablet":"","mobile":"","desktop-unit":"px","tablet-unit":"px","mobile-unit":"px"},"font-size-archive-summary-title":{"desktop":40,"tablet":"","mobile":"","desktop-unit":"px","tablet-unit":"px","mobile-unit":"px"},"font-size-page-title":{"desktop":40,"tablet":"","mobile":"","desktop-unit":"px","tablet-unit":"px","mobile-unit":"px"},"font-size-h1":{"desktop":"100","tablet":"90","mobile":"66","desktop-unit":"px","tablet-unit":"px","mobile-unit":"px"},"font-size-h2":{"desktop":"80","tablet":"70","mobile":"55","desktop-unit":"px","tablet-unit":"px","mobile-unit":"px"},"font-size-h3":{"desktop":"55","tablet":"52","mobile":"52","desktop-unit":"px","tablet-unit":"px","mobile-unit":"px"},"font-size-h4":{"desktop":"25","tablet":"23","mobile":"23","desktop-unit":"px","tablet-unit":"px","mobile-unit":"px"},"font-size-h5":{"desktop":"21","tablet":"21","mobile":"21","desktop-unit":"px","tablet-unit":"px","mobile-unit":"px"},"font-size-h6":{"desktop":"16","tablet":"15","mobile":"15","desktop-unit":"px","tablet-unit":"px","mobile-unit":"px"},"site-sidebar-layout":"right-sidebar","site-sidebar-width":30,"single-page-sidebar-layout":"no-sidebar","single-post-sidebar-layout":"default","archive-post-sidebar-layout":"default","footer-adv":"disabled","footer-adv-border-width":"","footer-adv-border-color":"#7a7a7a","mobile-header-toggle-btn-style":"outline","hide-custom-menu-mobile":1,"mobile-header-toggle-target":"icon","transparent-header-logo":"","transparent-header-retina-logo":"","different-transparent-logo":0,"different-transparent-retina-logo":0,"transparent-header-logo-width":{"desktop":"","tablet":"","mobile":""},"transparent-header-enable":0,"transparent-header-disable-archive":1,"transparent-header-disable-latest-posts-index":1,"transparent-header-on-devices":"both","transparent-header-main-sep":0,"transparent-header-main-sep-color":"","transparent-header-bg-color":"","transparent-header-color-site-title":"","transparent-header-color-h-site-title":"","transparent-menu-bg-color":"","transparent-menu-color":"","transparent-menu-h-color":"","transparent-submenu-bg-color":"","transparent-submenu-color":"","transparent-submenu-h-color":"","transparent-header-bg-color-responsive":{"desktop":"","tablet":"","mobile":""},"transparent-header-color-site-title-responsive":{"desktop":"#ffffff","tablet":"","mobile":""},"transparent-header-color-h-site-title-responsive":{"desktop":"#c02425","tablet":"","mobile":""},"transparent-menu-bg-color-responsive":{"desktop":"","tablet":"","mobile":""},"transparent-menu-color-responsive":{"desktop":"#ffffff","tablet":"#0a0a0a","mobile":""},"transparent-menu-h-color-responsive":{"desktop":"#c02425","tablet":"","mobile":""},"transparent-submenu-bg-color-responsive":{"desktop":"","tablet":"","mobile":""},"transparent-submenu-color-responsive":{"desktop":"","tablet":"","mobile":""},"transparent-submenu-h-color-responsive":{"desktop":"","tablet":"","mobile":""},"transparent-content-section-text-color-responsive":{"desktop":"","tablet":"","mobile":""},"transparent-content-section-link-color-responsive":{"desktop":"","tablet":"","mobile":""},"transparent-content-section-link-h-color-responsive":{"desktop":"","tablet":"","mobile":""},"breadcrumb-font-family":"inherit","breadcrumb-font-weight":"inherit","breadcrumb-text-transform":"","breadcrumb-text-color-responsive":{"desktop":"","tablet":"","mobile":""},"breadcrumb-active-color-responsive":{"desktop":"","tablet":"","mobile":""},"breadcrumb-hover-color-responsive":{"desktop":"","tablet":"","mobile":""},"breadcrumb-separator-color":{"desktop":"","tablet":"","mobile":""},"breadcrumb-bg-color":{"desktop":"","tablet":"","mobile":""},"breadcrumb-spacing":{"desktop":{"top":"","right":"","bottom":"","left":""},"tablet":{"top":"","right":"","bottom":"","left":""},"mobile":{"top":"","right":"","bottom":"","left":""},"desktop-unit":"px","tablet-unit":"px","mobile-unit":"px"},"h1-color":"","h2-color":"","h3-color":"","h4-color":"","h5-color":"","h6-color":"","font-family-h1":"inherit","font-weight-h1":"normal","text-transform-h1":"","line-height-h1":"","font-family-h2":"inherit","font-weight-h2":"normal","text-transform-h2":"","line-height-h2":"","font-family-h3":"inherit","font-weight-h3":"normal","text-transform-h3":"","line-height-h3":"","font-weight-button":"inherit","font-family-button":"inherit","font-size-button":{"desktop":"","tablet":"","mobile":"","desktop-unit":"px","tablet-unit":"px","mobile-unit":"px"},"text-transform-button":"","theme-btn-line-height":1,"theme-btn-letter-spacing":"","header-main-rt-section-search-box-type":"slide-search","below-header-section-2-search-box-type":"slide-search","below-header-section-1-search-box-type":"slide-search","above-header-section-1-search-box-type":"slide-search","above-header-section-2-search-box-type":"slide-search","astra-addon-auto-version":"2.3.3","theme-auto-version":"2.3.4","_astra_pb_compatibility_completed":true,"font-family-h4":"inherit","font-weight-h4":"normal","text-transform-h4":"uppercase","content-bg-obj":{"background-color":"#ffffff","background-image":"","background-repeat":"repeat","background-position":"center center","background-size":"auto","background-attachment":"scroll"},"button-v-padding":8,"button-h-padding":35,"scroll-to-top-icon-size":17,"scroll-to-top-icon-color":"#ffffff","scroll-to-top-icon-h-color":"#ffffff","scroll-to-top-icon-h-bg-color":"#c02425","scroll-to-top-icon-radius":100,"scroll-to-top-icon-bg-color":"#d8782d","header-color-site-title":"#ffffff","header-color-h-site-title":"#c02425","line-height-site-tagline":"","header-color-site-tagline":"#ffffff","header-bg-obj-responsive":{"desktop":{"background-color":"#231f20","background-image":"","background-repeat":"repeat","background-position":"center center","background-size":"auto","background-attachment":"scroll"},"tablet":{"background-color":"","background-image":"","background-repeat":"repeat","background-position":"center center","background-size":"auto","background-attachment":"scroll"},"mobile":{"background-color":"","background-image":"","background-repeat":"repeat","background-position":"center center","background-size":"auto","background-attachment":"scroll"}},"site-identity-spacing":{"desktop":{"top":"30","right":"","bottom":"30","left":""},"tablet":{"top":"","right":"","bottom":"","left":""},"mobile":{"top":"","right":"","bottom":"","left":""},"desktop-unit":"px","tablet-unit":"px","mobile-unit":"px"},"mobile-header-toggle-btn-border-radius":100,"mobile-menu-style":"fullscreen","primary-menu-spacing":{"desktop":{"top":"","right":"","bottom":"","left":""},"tablet":{"top":"0","right":"0","bottom":"0","left":"0"},"mobile":{"top":"0","right":"0","bottom":"0","left":"0"},"desktop-unit":"px","tablet-unit":"px","mobile-unit":"px"},"font-size-primary-menu":{"desktop":"","tablet":"30","mobile":"20","desktop-unit":"px","tablet-unit":"px","mobile-unit":"px"},"header-main-stick":true,"sticky-header-bg-color-responsive":{"desktop":"#2e2a2b","tablet":"","mobile":""},"sticky-header-color-site-title-responsive":{"desktop":"#d8782d","tablet":"","mobile":""},"sticky-header-color-site-tagline-responsive":{"desktop":"rgba(255,255,255,0.65)","tablet":"","mobile":""},"sticky-header-color-h-site-title-responsive":{"desktop":"#c02425","tablet":"","mobile":""},"font-family-h5":"inherit","font-weight-h5":"normal","text-transform-h5":"uppercase","font-family-h6":"inherit","font-weight-h6":"normal","text-transform-h6":"uppercase","text-transform-site-title":"uppercase","font-weight-site-tagline":"700","mobile-header-toggle-btn-style-color":"#d8782d","mobile-header-menu-b-color":"","primary-menu-color-responsive":{"desktop":"#ffffff","tablet":"","mobile":""},"primary-menu-h-color-responsive":{"desktop":"#d8782d","tablet":"","mobile":""},"primary-menu-a-color-responsive":{"desktop":"#d8782d","tablet":"","mobile":""},"sticky-header-menu-color-responsive":{"desktop":"#ffffff","tablet":"","mobile":""},"sticky-header-menu-h-color-responsive":{"desktop":"#d8782d","tablet":"","mobile":""},"is_addon_queue_running":false,"submenu-open-below-header":false,"is_astra_addon_queue_running":false,"is_theme_queue_running":false,"ele-default-color-typo-setting-comp":false},"custom-css":""},"astra-site-options-data":{"woocommerce_product_attributes":[],"woocommerce_product_cat_list":[],"woocommerce_product_cat":[],"custom_logo":"","nav_menu_locations":{"primary":"menu"},"show_on_front":"page","page_on_front":"Trainer Jenny","page_for_posts":"","_fl_builder_enabled_icons":null,"_fl_builder_enabled_modules":null,"_fl_builder_post_types":null,"_fl_builder_color_presets":null,"_fl_builder_services":null,"_fl_builder_settings":null,"_fl_builder_user_access":null,"_fl_builder_enabled_templates":null,"elementor_container_width":"1200","elementor_cpt_support":["post","page"],"elementor_css_print_method":"external","elementor_default_generic_fonts":"Sans-serif","elementor_disable_color_schemes":"yes","elementor_disable_typography_schemes":"yes","elementor_editor_break_lines":"","elementor_exclude_user_roles":null,"elementor_global_image_lightbox":null,"elementor_page_title_selector":null,"elementor_scheme_color":{"1":"#6ec1e4","2":"#54595f","3":"#7a7a7a","4":"#61ce70"},"elementor_scheme_color-picker]":{"1":"#c02425","2":"#231f20","3":"#ffffff","4":"#ffffff","5":"#f0cb35","6":"#ffffff","7":"#000","8":"#fff"},"elementor_scheme_typography":{"1":{"font_family":"Roboto","font_weight":"600"},"2":{"font_family":"Roboto Slab","font_weight":"400"},"3":{"font_family":"Roboto","font_weight":"400"},"4":{"font_family":"Roboto","font_weight":"500"}},"elementor_space_between_widgets":null,"elementor_stretched_section_container":null,"elementor_load_fa4_shim":"","woocommerce_shop_page_title":"","woocommerce_cart_page_title":"","woocommerce_checkout_page_title":"","woocommerce_myaccount_page_title":"","woocommerce_edit_address_page_title":"","woocommerce_view_order_page_title":"","woocommerce_change_password_page_title":"","woocommerce_logout_page_title":"","woocommerce_enable_guest_checkout":null,"woocommerce_enable_checkout_login_reminder":null,"woocommerce_enable_signup_and_login_from_checkout":null,"woocommerce_enable_myaccount_registration":null,"woocommerce_registration_generate_username":null,"wpforms_settings":{"disable-css":"2","global-assets":false,"gdpr":false},"learndash_settings_theme_ld30":null,"learndash_settings_courses_themes":null},"astra-site-wxr-path":"https:\/\/websitedemos.net\/wp-content\/uploads\/astra-sites\/534\/wxr.xml","astra-site-give-path":"","astra-enabled-extensions":{"advanced-hooks":"","blog-pro":"","colors-and-background":"","advanced-footer":"","mobile-header":"","header-sections":"","lifterlms":"","learndash":"","advanced-headers":"","site-layouts":"","spacing":"","sticky-header":"","scroll-to-top":"","transparent-header":"","typography":"","woocommerce":"","edd":"","nav-menu":"","all":""},"astra-custom-404":"","featured-image-url":"https:\/\/websitedemos.net\/wp-content\/uploads\/2020\/03\/personal-trainer-04.jpg","astra-woocommerce-csv-path":"","astra-post-data-mapping":{"astra-advanced-hook":[],"astra_adv_header":[],"give_forms":[]},"astra-site-wpforms-path":"https:\/\/websitedemos.net\/wp-content\/uploads\/astra-sites\/534\/wpforms.json","astra-site-cartflows-path":"","astra-site-taxonomy-mapping":{"post":{"category":[{"id":1,"slug":"uncategorized"}]}},"astra-site-parent-id":1449,"license-status":"valid","request_time":0.21793007850646973,"_links":{"self":[{"href":"https:\/\/websitedemos.net\/wp-json\/wp\/v2\/astra-sites\/45564"}],"collection":[{"href":"https:\/\/websitedemos.net\/wp-json\/wp\/v2\/astra-sites"}],"about":[{"href":"https:\/\/websitedemos.net\/wp-json\/wp\/v2\/types\/astra-sites"}],"author":[{"embeddable":true,"href":"https:\/\/websitedemos.net\/wp-json\/wp\/v2\/users\/12"}],"version-history":[{"count":1,"href":"https:\/\/websitedemos.net\/wp-json\/wp\/v2\/astra-sites\/45564\/revisions"}],"predecessor-version":[{"id":45571,"href":"https:\/\/websitedemos.net\/wp-json\/wp\/v2\/astra-sites\/45564\/revisions\/45571"}],"wp:featuredmedia":[{"embeddable":true,"href":"https:\/\/websitedemos.net\/wp-json\/wp\/v2\/media\/45591"}],"wp:attachment":[{"href":"https:\/\/websitedemos.net\/wp-json\/wp\/v2\/media?parent=45564"}],"wp:term":[{"taxonomy":"astra-site-category","embeddable":true,"href":"https:\/\/websitedemos.net\/wp-json\/wp\/v2\/astra-site-category?post=45564"},{"taxonomy":"astra-sites-type","embeddable":true,"href":"https:\/\/websitedemos.net\/wp-json\/wp\/v2\/astra-sites-type?post=45564"},{"taxonomy":"astra-site-page-builder","embeddable":true,"href":"https:\/\/websitedemos.net\/wp-json\/wp\/v2\/astra-site-page-builder?post=45564"},{"taxonomy":"astra-sites-tag","embeddable":true,"href":"https:\/\/websitedemos.net\/wp-json\/wp\/v2\/astra-sites-tag?post=45564"}],"curies":[{"name":"wp","href":"https:\/\/api.w.org\/{rel}","templated":true}]}}