{"id":45806,"date":"2020-03-26T10:59:38","date_gmt":"2020-03-26T05:29:38","guid":{"rendered":"https:\/\/websitedemos.net\/?post_type=astra-sites&#038;p=45806"},"modified":"2020-09-15T09:51:49","modified_gmt":"2020-09-15T04:21:49","slug":"financial-advisor","status":"publish","type":"astra-sites","link":"https:\/\/websitedemos.net\/astra-site\/financial-advisor\/","title":{"rendered":"Financial Advisor"},"content":{"rendered":"","protected":false},"author":34,"featured_media":31295,"template":"","astra-site-category":[27],"astra-sites-type":[40],"astra-site-page-builder":[41],"astra-sites-tag":[447,448,581,449,446,582,775],"yoast_head":"<!-- This site is optimized with the Yoast SEO plugin v15.5 - https:\/\/yoast.com\/wordpress\/plugins\/seo\/ -->\n<title>Financial Advisor - Website Demos<\/title>\n<meta name=\"robots\" content=\"index, follow, max-snippet:-1, max-image-preview:large, max-video-preview:-1\" \/>\n<link rel=\"canonical\" href=\"https:\/\/websitedemos.net\/astra-site\/financial-advisor\/\" \/>\n<meta property=\"og:locale\" content=\"en_US\" \/>\n<meta property=\"og:type\" content=\"article\" \/>\n<meta property=\"og:title\" content=\"Financial Advisor - Website Demos\" \/>\n<meta property=\"og:url\" content=\"https:\/\/websitedemos.net\/astra-site\/financial-advisor\/\" \/>\n<meta property=\"og:site_name\" content=\"Website Demos\" \/>\n<meta property=\"article:modified_time\" content=\"2020-09-15T04:21:49+00:00\" \/>\n<meta property=\"og:image\" content=\"https:\/\/websitedemos.net\/wp-content\/uploads\/2019\/07\/financial-accounting-06-1.jpg\" \/>\n\t<meta property=\"og:image:width\" content=\"1200\" \/>\n\t<meta property=\"og:image:height\" content=\"5012\" \/>\n<meta name=\"twitter:card\" content=\"summary\" \/>\n<script type=\"application\/ld+json\" class=\"yoast-schema-graph\">{\"@context\":\"https:\/\/schema.org\",\"@graph\":[{\"@type\":\"WebSite\",\"@id\":\"https:\/\/websitedemos.net\/#website\",\"url\":\"https:\/\/websitedemos.net\/\",\"name\":\"Website Demos\",\"description\":\"The Fastest, Lightweight Ready Websites\",\"potentialAction\":[{\"@type\":\"SearchAction\",\"target\":\"https:\/\/websitedemos.net\/?s={search_term_string}\",\"query-input\":\"required name=search_term_string\"}],\"inLanguage\":\"en-US\"},{\"@type\":\"ImageObject\",\"@id\":\"https:\/\/websitedemos.net\/astra-site\/financial-advisor\/#primaryimage\",\"inLanguage\":\"en-US\",\"url\":\"https:\/\/websitedemos.net\/wp-content\/uploads\/2019\/07\/financial-accounting-06-1.jpg\",\"width\":1200,\"height\":5012},{\"@type\":\"WebPage\",\"@id\":\"https:\/\/websitedemos.net\/astra-site\/financial-advisor\/#webpage\",\"url\":\"https:\/\/websitedemos.net\/astra-site\/financial-advisor\/\",\"name\":\"Financial Advisor - Website Demos\",\"isPartOf\":{\"@id\":\"https:\/\/websitedemos.net\/#website\"},\"primaryImageOfPage\":{\"@id\":\"https:\/\/websitedemos.net\/astra-site\/financial-advisor\/#primaryimage\"},\"datePublished\":\"2020-03-26T05:29:38+00:00\",\"dateModified\":\"2020-09-15T04:21:49+00:00\",\"inLanguage\":\"en-US\",\"potentialAction\":[{\"@type\":\"ReadAction\",\"target\":[\"https:\/\/websitedemos.net\/astra-site\/financial-advisor\/\"]}]}]}<\/script>\n<!-- \/ Yoast SEO plugin. -->","astra-site-type":"premium","astra-site-thumbnail":"https:\/\/websitedemos.net\/wp-content\/uploads\/2019\/07\/financial-accounting-06-1.jpg","required-plugins":[{"slug":"astra-addon","init":"astra-addon\/astra-addon.php","name":"Astra Pro"},{"slug":"astra-widgets","init":"astra-widgets\/astra-widgets.php","name":"Astra Widgets"},{"slug":"brizy","init":"brizy\/brizy.php","name":"Brizy"}],"astra-site-url":"\/\/websitedemos.net\/financial-accounting-06","astra-site-open-in-new-tab":"0","astra-site-widgets-data":"{\"sidebar-1\":{\"search-2\":{\"title\":\"\"},\"recent-posts-2\":{\"title\":\"\",\"number\":5},\"recent-comments-2\":{\"title\":\"\",\"number\":5},\"archives-2\":{\"title\":\"\",\"count\":0,\"dropdown\":0},\"categories-2\":{\"title\":\"\",\"count\":0,\"hierarchical\":0,\"dropdown\":0},\"meta-2\":{\"title\":\"\"}},\"header-widget\":{\"custom_html-1\":{\"title\":\"\",\"content\":\"<span style=\\\"font-weight: bold;\\\"><i class=\\\"fa fa-volume-control-phone\\\" style=\\\"font-size:18px;color:#4F2D7F\\\"><\\\/i>   1-800-000-000 <\\\/span>\"}},\"below-header-widget-2\":{\"astra-widget-social-profiles-2\":{\"title\":\"\",\"align\":\"inline\",\"icon-style\":\"circle\",\"color-type\":\"custom-color\",\"icon-color\":\"#ffffff\",\"bg-color\":\"#bbb1d1\",\"icon-hover-color\":\"#ffffff\",\"bg-hover-color\":\"#4f2d7f\",\"width\":\"15\",\"space_btn_icon_text\":\"0\",\"space_btn_social_profiles\":\"10\",\"display-title\":false,\"list\":[{\"title\":\"linked\",\"link\":\"#\",\"link-target\":\"same-page\",\"nofollow\":\"enable\",\"icon\":\"{\\\"name\\\":\\\"linkedin-in\\\",\\\"path\\\":\\\"M100.3 448H7.4V148.9h92.9V448zM53.8 108.1C24.1 108.1 0 83.5 0 53.8S24.1 0 53.8 0s53.8 24.1 53.8 53.8-24.1 54.3-53.8 54.3zM448 448h-92.7V302.4c0-34.7-.7-79.2-48.3-79.2-48.3 0-55.7 37.7-55.7 76.7V448h-92.8V148.9h89.1v40.8h1.3c12.4-23.5 42.7-48.3 87.9-48.3 94 0 111.3 61.9 111.3 142.3V448h-.1z\\\",\\\"viewbox\\\":\\\"0 0 448.1 512\\\"}\"},{\"title\":\"facebook\",\"link\":\"#\",\"link-target\":\"same-page\",\"nofollow\":\"enable\",\"icon\":\"{\\\"name\\\":\\\"facebook-f\\\",\\\"path\\\":\\\"M76.7 512V283H0v-91h76.7v-71.7C76.7 42.4 124.3 0 193.8 0c33.3 0 61.9 2.5 70.2 3.6V85h-48.2c-37.8 0-45.1 18-45.1 44.3V192H256l-11.7 91h-73.6v229\\\",\\\"viewbox\\\":\\\"0 0 264 512\\\"}\"},{\"title\":\"twitter\",\"link\":\"#\",\"link-target\":\"same-page\",\"nofollow\":\"enable\",\"icon\":\"{\\\"name\\\":\\\"twitter\\\",\\\"path\\\":\\\"M459.37 151.716c.325 4.548.325 9.097.325 13.645 0 138.72-105.583 298.558-298.558 298.558-59.452 0-114.68-17.219-161.137-47.106 8.447.974 16.568 1.299 25.34 1.299 49.055 0 94.213-16.568 130.274-44.832-46.132-.975-84.792-31.188-98.112-72.772 6.498.974 12.995 1.624 19.818 1.624 9.421 0 18.843-1.3 27.614-3.573-48.081-9.747-84.143-51.98-84.143-102.985v-1.299c13.969 7.797 30.214 12.67 47.431 13.319-28.264-18.843-46.781-51.005-46.781-87.391 0-19.492 5.197-37.36 14.294-52.954 51.655 63.675 129.3 105.258 216.365 109.807-1.624-7.797-2.599-15.918-2.599-24.04 0-57.828 46.782-104.934 104.934-104.934 30.213 0 57.502 12.67 76.67 33.137 23.715-4.548 46.456-13.32 66.599-25.34-7.798 24.366-24.366 44.833-46.132 57.827 21.117-2.273 41.584-8.122 60.426-16.243-14.292 20.791-32.161 39.308-52.628 54.253z\\\",\\\"viewbox\\\":\\\"0 0 512 512\\\"}\"},{\"title\":\"email\",\"link\":\"#\",\"link-target\":\"same-page\",\"nofollow\":\"enable\",\"icon\":\"{\\\"name\\\":\\\"envelope\\\",\\\"path\\\":\\\"M502.3 190.8c3.9-3.1 9.7-.2 9.7 4.7V400c0 26.5-21.5 48-48 48H48c-26.5 0-48-21.5-48-48V195.6c0-5 5.7-7.8 9.7-4.7 22.4 17.4 52.1 39.5 154.1 113.6 21.1 15.4 56.7 47.8 92.2 47.6 35.7.3 72-32.8 92.3-47.6 102-74.1 131.6-96.3 154-113.7zM256 320c23.2.4 56.6-29.2 73.4-41.4 132.7-96.3 142.8-104.7 173.4-128.7 5.8-4.5 9.2-11.5 9.2-18.9v-19c0-26.5-21.5-48-48-48H48C21.5 64 0 85.5 0 112v19c0 7.4 3.4 14.3 9.2 18.9 30.6 23.9 40.7 32.4 173.4 128.7 16.8 12.2 50.2 41.8 73.4 41.4z\\\",\\\"viewbox\\\":\\\"0 0 512 512\\\"}\"},{\"title\":\"youtube\",\"link\":\"#\",\"link-target\":\"same-page\",\"nofollow\":\"enable\",\"icon\":\"{\\\"name\\\":\\\"youtube\\\",\\\"path\\\":\\\"M549.655 124.083c-6.281-23.65-24.787-42.276-48.284-48.597C458.781 64 288 64 288 64S117.22 64 74.629 75.486c-23.497 6.322-42.003 24.947-48.284 48.597-11.412 42.867-11.412 132.305-11.412 132.305s0 89.438 11.412 132.305c6.281 23.65 24.787 41.5 48.284 47.821C117.22 448 288 448 288 448s170.78 0 213.371-11.486c23.497-6.321 42.003-24.171 48.284-47.821 11.412-42.867 11.412-132.305 11.412-132.305s0-89.438-11.412-132.305zm-317.51 213.508V175.185l142.739 81.205-142.739 81.201z\\\",\\\"viewbox\\\":\\\"0 0 576 512\\\"}\"}]}}}","astra-site-customizer-data":{"astra-settings":{"blog-single-post-structure":["single-image","single-title-meta"],"blog-single-width":"default","blog-single-max-width":1200,"blog-single-meta":["comments","category","author"],"blog-post-structure":["image","title-meta"],"blog-width":"default","blog-max-width":1200,"blog-post-content":"excerpt","blog-meta":["comments","category","author"],"text-color":"#2e3243","link-color":"#4f2d7f","theme-color":"#4f2d7f","link-h-color":"#4f2d7f","footer-bg-obj":{"background-color":"#4f2d7f","background-image":"","background-repeat":"repeat","background-position":"center center","background-size":"auto","background-attachment":"scroll"},"footer-color":"#b089bf","footer-link-color":"#e2c5e2","footer-link-h-color":"#ffffff","footer-adv-bg-obj":{"background-color":"","background-image":"","background-repeat":"repeat","background-position":"center center","background-size":"auto","background-attachment":"scroll"},"footer-adv-text-color":"","footer-adv-link-color":"","footer-adv-link-h-color":"","footer-adv-wgt-title-color":"","button-color":"","button-h-color":"","button-bg-color":"","button-bg-h-color":"","theme-button-padding":{"desktop":{"top":10,"right":40,"bottom":10,"left":40},"tablet":{"top":"","right":"","bottom":"","left":""},"mobile":{"top":"","right":"","bottom":"","left":""},"desktop-unit":"px","tablet-unit":"px","mobile-unit":"px"},"button-radius":2,"theme-button-border-group-border-size":{"top":"","right":"","bottom":"","left":""},"footer-sml-layout":"footer-sml-layout-2","footer-sml-section-1":"custom","footer-sml-section-1-credit":"Copyright \u00a9 [current_year] [site_title] | <a href=\"#\">Credits<\/a>","footer-sml-section-2":"custom","footer-sml-section-2-credit":"Powered by [site_title]","footer-sml-dist-equal-align":true,"footer-sml-divider":1,"footer-sml-divider-color":"#7a7a7a","footer-layout-width":"content","ast-header-retina-logo":"https:\/\/websitedemos.net\/financial-accounting-06\/wp-content\/uploads\/sites\/356\/2018\/10\/site-logo@2x-free-img.png","ast-header-logo-width":"","ast-header-responsive-logo-width":{"desktop":"","tablet":"","mobile":""},"display-site-title":false,"display-site-tagline":0,"logo-title-inline":0,"disable-primary-nav":"1","header-layouts":"header-main-layout-1","header-main-rt-section":"widget","header-display-outside-menu":"1","header-main-rt-section-html":"<button>Contact Us<\/button>","header-main-rt-section-button-text":"Button","header-main-rt-section-button-link":"https:\/\/www.wpastra.com","header-main-rt-section-button-link-option":{"url":"https:\/\/www.wpastra.com","new_tab":false,"link_rel":""},"header-main-rt-section-button-style":"theme-button","header-main-rt-section-button-text-color":"","header-main-rt-section-button-back-color":"","header-main-rt-section-button-text-h-color":"","header-main-rt-section-button-back-h-color":"","header-main-rt-section-button-padding":{"desktop":{"top":"","right":"","bottom":"","left":""},"tablet":{"top":"","right":"","bottom":"","left":""},"mobile":{"top":"","right":"","bottom":"","left":""}},"header-main-rt-section-button-border-size":{"top":"","right":"","bottom":"","left":""},"header-main-sep":1,"header-main-sep-color":"#ededed","header-main-layout-width":"content","primary-submenu-border":{"top":"1","bottom":"1","left":"1","right":"1"},"primary-submenu-item-border":1,"primary-submenu-b-color":"#eaeaea","primary-submenu-item-b-color":"#eaeaea","primary-header-button-font-family":"inherit","primary-header-button-font-weight":"inherit","primary-header-button-font-size":{"desktop":"","tablet":"","mobile":"","desktop-unit":"px","tablet-unit":"px","mobile-unit":"px"},"primary-header-button-text-transform":"","primary-header-button-line-height":1,"primary-header-button-letter-spacing":"","header-main-menu-label":"","header-main-menu-align":"inline","header-main-submenu-container-animation":"","mobile-header-breakpoint":"","mobile-header-logo":"","mobile-header-logo-width":"","site-layout":"ast-full-width-layout","site-content-width":1200,"site-layout-outside-bg-obj-responsive":{"desktop":{"background-color":"","background-image":"","background-repeat":"repeat","background-position":"center center","background-size":"auto","background-attachment":"scroll"},"tablet":{"background-color":"","background-image":"","background-repeat":"repeat","background-position":"center center","background-size":"auto","background-attachment":"scroll"},"mobile":{"background-color":"","background-image":"","background-repeat":"repeat","background-position":"center center","background-size":"auto","background-attachment":"scroll"}},"site-content-layout":"boxed-container","single-page-content-layout":"default","single-post-content-layout":"default","archive-post-content-layout":"default","body-font-family":"'Barlow', sans-serif","body-font-variant":"400","body-font-weight":"400","font-size-body":{"desktop":"17","tablet":"","mobile":"","desktop-unit":"px","tablet-unit":"px","mobile-unit":"px"},"body-line-height":"","para-margin-bottom":"","body-text-transform":"","headings-font-family":"'Barlow Condensed', sans-serif","headings-font-weight":"200","headings-text-transform":"","headings-line-height":"","font-size-site-title":{"desktop":35,"tablet":"","mobile":"","desktop-unit":"px","tablet-unit":"px","mobile-unit":"px"},"font-size-site-tagline":{"desktop":15,"tablet":"","mobile":"","desktop-unit":"px","tablet-unit":"px","mobile-unit":"px"},"font-size-entry-title":{"desktop":30,"tablet":"","mobile":"","desktop-unit":"px","tablet-unit":"px","mobile-unit":"px"},"font-size-archive-summary-title":{"desktop":40,"tablet":"","mobile":"","desktop-unit":"px","tablet-unit":"px","mobile-unit":"px"},"font-size-page-title":{"desktop":"30","tablet":"","mobile":"","desktop-unit":"px","tablet-unit":"px","mobile-unit":"px"},"font-size-h1":{"desktop":"48","tablet":"","mobile":"","desktop-unit":"px","tablet-unit":"px","mobile-unit":"px"},"font-size-h2":{"desktop":"42","tablet":"","mobile":"","desktop-unit":"px","tablet-unit":"px","mobile-unit":"px"},"font-size-h3":{"desktop":"30","tablet":"","mobile":"","desktop-unit":"px","tablet-unit":"px","mobile-unit":"px"},"font-size-h4":{"desktop":20,"tablet":"","mobile":"","desktop-unit":"px","tablet-unit":"px","mobile-unit":"px"},"font-size-h5":{"desktop":18,"tablet":"","mobile":"","desktop-unit":"px","tablet-unit":"px","mobile-unit":"px"},"font-size-h6":{"desktop":15,"tablet":"","mobile":"","desktop-unit":"px","tablet-unit":"px","mobile-unit":"px"},"site-sidebar-layout":"no-sidebar","site-sidebar-width":30,"single-page-sidebar-layout":"default","single-post-sidebar-layout":"default","archive-post-sidebar-layout":"default","footer-adv":"disabled","footer-adv-border-width":"","footer-adv-border-color":"#7a7a7a","mobile-header-toggle-btn-style":"fill","hide-custom-menu-mobile":1,"mobile-header-toggle-target":"icon","transparent-header-logo":"","transparent-header-retina-logo":"","different-transparent-logo":0,"different-transparent-retina-logo":false,"transparent-header-logo-width":{"desktop":"","tablet":"","mobile":""},"transparent-header-enable":0,"transparent-header-disable-archive":1,"transparent-header-disable-latest-posts-index":1,"transparent-header-on-devices":"both","transparent-header-main-sep":0,"transparent-header-main-sep-color":"","transparent-header-bg-color":"","transparent-header-color-site-title":"","transparent-header-color-h-site-title":"","transparent-menu-bg-color":"","transparent-menu-color":"","transparent-menu-h-color":"","transparent-submenu-bg-color":"","transparent-submenu-color":"","transparent-submenu-h-color":"","transparent-header-bg-color-responsive":{"desktop":"","tablet":"","mobile":""},"transparent-header-color-site-title-responsive":{"desktop":"","tablet":"","mobile":""},"transparent-header-color-h-site-title-responsive":{"desktop":"","tablet":"","mobile":""},"transparent-menu-bg-color-responsive":{"desktop":"","tablet":"","mobile":""},"transparent-menu-color-responsive":{"desktop":"","tablet":"","mobile":""},"transparent-menu-h-color-responsive":{"desktop":"","tablet":"","mobile":""},"transparent-submenu-bg-color-responsive":{"desktop":"","tablet":"","mobile":""},"transparent-submenu-color-responsive":{"desktop":"","tablet":"","mobile":""},"transparent-submenu-h-color-responsive":{"desktop":"","tablet":"","mobile":""},"transparent-content-section-text-color-responsive":{"desktop":"","tablet":"","mobile":""},"transparent-content-section-link-color-responsive":{"desktop":"","tablet":"","mobile":""},"transparent-content-section-link-h-color-responsive":{"desktop":"","tablet":"","mobile":""},"breadcrumb-font-family":"inherit","breadcrumb-font-weight":"inherit","breadcrumb-text-transform":"","breadcrumb-text-color-responsive":{"desktop":"","tablet":"","mobile":""},"breadcrumb-active-color-responsive":{"desktop":"","tablet":"","mobile":""},"breadcrumb-hover-color-responsive":{"desktop":"","tablet":"","mobile":""},"breadcrumb-separator-color":{"desktop":"","tablet":"","mobile":""},"breadcrumb-bg-color":{"desktop":"","tablet":"","mobile":""},"breadcrumb-spacing":{"desktop":{"top":"","right":"","bottom":"","left":""},"tablet":{"top":"","right":"","bottom":"","left":""},"mobile":{"top":"","right":"","bottom":"","left":""},"desktop-unit":"px","tablet-unit":"px","mobile-unit":"px"},"h1-color":"","h2-color":"","h3-color":"","h4-color":"","h5-color":"","h6-color":"","font-family-h1":"inherit","font-weight-h1":"inherit","text-transform-h1":"","line-height-h1":"","font-family-h2":"inherit","font-weight-h2":"inherit","text-transform-h2":"","line-height-h2":"","font-family-h3":"inherit","font-weight-h3":"inherit","text-transform-h3":"","line-height-h3":"","font-weight-button":"inherit","font-family-button":"inherit","font-size-button":{"desktop":"","tablet":"","mobile":"","desktop-unit":"px","tablet-unit":"px","mobile-unit":"px"},"text-transform-button":"","theme-btn-line-height":1,"theme-btn-letter-spacing":"","below-header-on-mobile":true,"below-header-layout":"below-header-layout-1","below-header-section-1":"menu","below-header-section-1-html":"1-800-000-000 \u2014 hello@example.com","below-header-section-2":"widget","below-header-section-2-html":"1-800-000-000 \u2014 hello@example.com","below-header-separator":0,"below-header-height":60,"below-header-submenu-border":{"top":"0","bottom":"0","left":"0","right":"0"},"below-header-submenu-item-border":0,"below-header-submenu-item-b-color":"","below-header-submenu-border-color":"#ffffff","below-header-menu-label":"","below-header-menu-align":"inline","below-header-submenu-container-animation":"","below-header-merge-menu":false,"below-header-bottom-border-color":"","below-header-text-color":"#ffffff","below-header-link-hover-color":"#ffffff","below-header-bg-obj":{"background-color":"#414042","background-image":"","background-repeat":"repeat","background-position":"center center","background-size":"auto","background-attachment":"scroll"},"below-header-menu-text-color":"#ffffff","below-header-menu-text-hover-color":"#ffffff","below-header-menu-bg-hover-color":"#575757","below-header-current-menu-text-color":"#ffffff","below-header-current-menu-bg-color":"#575757","below-header-submenu-text-color":"","below-header-submenu-bg-color":"","below-header-submenu-hover-color":"","below-header-submenu-bg-hover-color":"","below-header-submenu-active-color":"","below-header-submenu-active-bg-color":"","below-header-menu-bg-obj-responsive":{"desktop":{"background-color":"","background-image":"","background-repeat":"repeat","background-position":"center center","background-size":"auto","background-attachment":"scroll"},"tablet":{"background-color":"","background-image":"","background-repeat":"repeat","background-position":"center center","background-size":"auto","background-attachment":"scroll"},"mobile":{"background-color":"","background-image":"","background-repeat":"repeat","background-position":"center center","background-size":"auto","background-attachment":"scroll"}},"below-header-text-color-responsive":{"desktop":"#ffffff","tablet":"","mobile":""},"below-header-link-hover-color-responsive":{"desktop":"#ffffff","tablet":"","mobile":""},"below-header-link-color-responsive":{"desktop":"#ffffff","tablet":"","mobile":""},"below-header-bg-obj-responsive":{"desktop":{"background-color":"#ffffff","background-image":"","background-repeat":"repeat","background-position":"center center","background-size":"auto","background-attachment":"scroll"},"tablet":{"background-color":"","background-image":"","background-repeat":"no-repeat","background-position":"center center","background-size":"cover","background-attachment":"scroll"},"mobile":{"background-color":"","background-image":"","background-repeat":"no-repeat","background-position":"center center","background-size":"cover","background-attachment":"scroll"}},"below-header-menu-text-color-responsive":{"desktop":"#1f2332","tablet":"","mobile":""},"below-header-menu-text-hover-color-responsive":{"desktop":"#4f2d7f","tablet":"","mobile":""},"below-header-menu-bg-hover-color-responsive":{"desktop":"","tablet":"","mobile":""},"below-header-current-menu-text-color-responsive":{"desktop":"#4f2d7f","tablet":"","mobile":""},"below-header-current-menu-bg-color-responsive":{"desktop":"#f2f5f7","tablet":"","mobile":""},"below-header-submenu-text-color-responsive":{"desktop":"","tablet":"","mobile":""},"below-header-submenu-bg-color-responsive":{"desktop":"","tablet":"","mobile":""},"below-header-submenu-hover-color-responsive":{"desktop":"","tablet":"","mobile":""},"below-header-submenu-bg-hover-color-responsive":{"desktop":"","tablet":"","mobile":""},"below-header-submenu-active-color-responsive":{"desktop":"","tablet":"","mobile":""},"below-header-submenu-active-bg-color-responsive":{"desktop":"","tablet":"","mobile":""},"font-family-below-header-content":"inherit","font-weight-below-header-content":"inherit","font-size-below-header-content":{"desktop":"","tablet":"","mobile":"","desktop-unit":"px","tablet-unit":"px","mobile-unit":"px"},"text-transform-below-header-content":"","font-family-below-header-primary-menu":"inherit","font-weight-below-header-primary-menu":"400","font-size-below-header-primary-menu":{"desktop":"","tablet":"","mobile":"","desktop-unit":"px","tablet-unit":"px","mobile-unit":"px"},"text-transform-below-header-primary-menu":"","font-family-below-header-dropdown-menu":"inherit","font-weight-below-header-dropdown-menu":"inherit","font-size-below-header-dropdown-menu":{"desktop":"","tablet":"","mobile":"","desktop-unit":"px","tablet-unit":"px","mobile-unit":"px"},"text-transform-below-header-dropdown-menu":"","font-family-above-header-dropdown-menu":"inherit","font-weight-above-header-dropdown-menu":"inherit","font-size-above-header-dropdown-menu":{"desktop":"","tablet":"","mobile":"","desktop-unit":"px","tablet-unit":"px","mobile-unit":"px"},"text-transform-above-header-dropdown-menu":"","above-header-on-mobile":true,"above-header-layout":"disabled","above-header-section-1":"text-html","above-header-section-1-html":"1-800-000-000 \u2014 hello@example.com","above-header-section-2":"search","above-header-section-2-html":"1-800-000-000 \u2014 hello@example.com","above-header-merge-menu":false,"above-header-divider":1,"above-header-divider-color":"","above-header-height":40,"above-header-menu-label":"","above-header-menu-align":"inline","above-header-submenu-container-animation":"","above-header-submenu-border":{"top":"1","bottom":"1","left":"1","right":"1"},"above-header-submenu-item-border":1,"above-header-submenu-item-b-color":"#eaeaea","above-header-submenu-border-color":"#eaeaea","above-header-bg-obj":{"background-color":"","background-image":"","background-repeat":"repeat","background-position":"center center","background-size":"auto","background-attachment":"scroll"},"above-header-text-color":"","above-header-link-color":"","above-header-link-h-color":"","above-header-menu-color":"","above-header-menu-h-color":"","above-header-menu-h-bg-color":"","above-header-menu-active-color":"","above-header-menu-active-bg-color":"","above-header-submenu-text-color":"","above-header-submenu-bg-color":"","above-header-submenu-hover-color":"","above-header-submenu-bg-hover-color":"","above-header-submenu-active-color":"","above-header-submenu-active-bg-color":"","above-header-bg-obj-responsive":{"desktop":{"background-color":"","background-image":"","background-repeat":"repeat","background-position":"center center","background-size":"auto","background-attachment":"scroll"},"tablet":{"background-color":"","background-image":"","background-repeat":"no-repeat","background-position":"center center","background-size":"cover","background-attachment":"scroll"},"mobile":{"background-color":"","background-image":"","background-repeat":"no-repeat","background-position":"center center","background-size":"cover","background-attachment":"scroll"}},"above-header-menu-bg-obj-responsive":{"desktop":{"background-color":"","background-image":"","background-repeat":"no-repeat","background-position":"center center","background-size":"cover","background-attachment":"scroll"},"tablet":{"background-color":"","background-image":"","background-repeat":"no-repeat","background-position":"center center","background-size":"cover","background-attachment":"scroll"},"mobile":{"background-color":"","background-image":"","background-repeat":"no-repeat","background-position":"center center","background-size":"cover","background-attachment":"scroll"}},"above-header-text-color-responsive":{"desktop":"","tablet":"","mobile":""},"above-header-link-color-responsive":{"desktop":"","tablet":"","mobile":""},"above-header-link-h-color-responsive":{"desktop":"","tablet":"","mobile":""},"above-header-menu-color-responsive":{"desktop":"","tablet":"","mobile":""},"above-header-menu-h-color-responsive":{"desktop":"","tablet":"","mobile":""},"above-header-menu-h-bg-color-responsive":{"desktop":"","tablet":"","mobile":""},"above-header-menu-active-color-responsive":{"desktop":"","tablet":"","mobile":""},"above-header-menu-active-bg-color-responsive":{"desktop":"","tablet":"","mobile":""},"above-header-submenu-text-color-responsive":{"desktop":"","tablet":"","mobile":""},"above-header-submenu-bg-color-responsive":{"desktop":"","tablet":"","mobile":""},"above-header-submenu-hover-color-responsive":{"desktop":"","tablet":"","mobile":""},"above-header-submenu-bg-hover-color-responsive":{"desktop":"","tablet":"","mobile":""},"above-header-submenu-active-color-responsive":{"desktop":"","tablet":"","mobile":""},"above-header-submenu-active-bg-color-responsive":{"desktop":"","tablet":"","mobile":""},"above-header-font-family":"inherit","above-header-font-weight":"inherit","above-header-font-size":{"desktop":"","tablet":"","mobile":"","desktop-unit":"px","tablet-unit":"px","mobile-unit":"px"},"above-header-text-transform":"","header-main-rt-section-search-box-type":"slide-search","below-header-section-2-search-box-type":"slide-search","below-header-section-1-search-box-type":"slide-search","above-header-section-1-search-box-type":"slide-search","above-header-section-2-search-box-type":"slide-search","astra-addon-auto-version":"2.6.4","theme-auto-version":"2.5.5","button-v-padding":10,"button-h-padding":40,"header-main-rt-section-button-border-color":"","header-main-rt-section-button-border-h-color":"","header-main-rt-section-button-border-radius":"","header-main-rt-trans-section-button-text-color":"","header-main-rt-trans-section-button-text-h-color":"","header-main-rt-trans-section-button-back-color":"","header-main-rt-trans-section-button-back-h-color":"","header-main-rt-trans-section-button-padding":"","header-main-rt-trans-section-button-border-size":"","header-main-rt-trans-section-button-border-color":"","header-main-rt-trans-section-button-border-h-color":"","header-main-rt-trans-section-button-border-radius":"","header-button-style-link":"","primary-submenu-border-divider":"","header-main-menu-label-divider":"","mobile-header-toggle-btn-style-color":"","mobile-header-toggle-btn-border-radius":"","different-retina-logo":"1","different-mobile-logo":false,"ast-site-logo-divider":"","ast-site-icon-divider":"","ast-styling-section-blog-width":"","ast-styling-section-single-blog-layouts":"","single-page-sidebar-layout-divider":"","divider-section-sidebar-width":"","site-sidebar-width-description":"","site-content-layout-divider":"","site-layout-outside-bg-obj":{"background-color":"","background-image":"","background-repeat":"repeat","background-position":"center center","background-size":"auto","background-attachment":"scroll"},"section-ast-small-footer-layout-info":"","section-ast-small-footer-typography":"","divider-outside-bg-color":"","divider-footer-image":"","footer-adv-background-divider":"","divider-section-archive-typo-archive-title":"","divider-section-archive-summary-box-typo":"","divider-base-typo":"","divider-headings-typo":"","headings-font-variant":"200","divider-section-h1":"","divider-section-h2":"","divider-section-h3":"","divider-section-h4":"","divider-section-h5":"","divider-section-h6":"","divider-section-header-typo-title":"","divider-section-header-typo-tagline":"","divider-section-header-single-title":"","divider-transparent-menu-responsive":"","divider-transparent-sub-menu-responsive":"","divider-transparent-content-section":"","divider-section-transparent-display":"","transparent-header-disable-index":"","transparent-header-disable-page":"","transparent-header-disable-posts":"","divider-section-transparent-styling":"","archive-summary-box-lable":"","archive-summary-box-bg-color":"","archive-summary-box-title-color":"","archive-summary-box-text-color":"","archive-summary-box-divider":"","page-title-color":"","post-meta-color":"","post-meta-link-color":"","post-meta-link-h-color":"","content-bg-obj":{"background-color":"#ffffff","background-image":"","background-repeat":"repeat","background-position":"center center","background-size":"auto","background-attachment":"scroll"},"divider-bg-color":"","header-color-site-title":"","header-color-h-site-title":"","header-color-site-tagline":"","header-bg-obj-responsive":{"desktop":{"background-color":"#ffffff","background-image":"","background-repeat":"repeat","background-position":"center center","background-size":"cover","background-attachment":"scroll"},"tablet":{"background-color":"","background-image":"","background-repeat":"no-repeat","background-position":"center center","background-size":"cover","background-attachment":"scroll"},"mobile":{"background-color":"","background-image":"","background-repeat":"no-repeat","background-position":"center center","background-size":"cover","background-attachment":"scroll"}},"divider-primary-menu":"","primary-menu-bg-obj-responsive":{"desktop":{"background-color":"","background-image":"","background-repeat":"no-repeat","background-position":"center center","background-size":"cover","background-attachment":"scroll"},"tablet":{"background-color":"","background-image":"","background-repeat":"no-repeat","background-position":"center center","background-size":"cover","background-attachment":"scroll"},"mobile":{"background-color":"","background-image":"","background-repeat":"no-repeat","background-position":"center center","background-size":"cover","background-attachment":"scroll"}},"primary-menu-color-responsive":{"desktop":"","tablet":"","mobile":""},"primary-menu-h-color-responsive":{"desktop":"","tablet":"","mobile":""},"primary-menu-h-bg-color-responsive":{"desktop":"","tablet":"","mobile":""},"primary-menu-a-color-responsive":{"desktop":"","tablet":"","mobile":""},"primary-menu-a-bg-color-responsive":{"desktop":"","tablet":"","mobile":""},"divider-primary-sub-menu":"","primary-submenu-bg-color-responsive":{"desktop":"","tablet":"","mobile":""},"primary-submenu-color-responsive":{"desktop":"","tablet":"","mobile":""},"primary-submenu-h-color-responsive":{"desktop":"","tablet":"","mobile":""},"primary-submenu-h-bg-color-responsive":{"desktop":"","tablet":"","mobile":""},"primary-submenu-a-color-responsive":{"desktop":"","tablet":"","mobile":""},"primary-submenu-a-bg-color-responsive":{"desktop":"","tablet":"","mobile":""},"sidebar-bg-obj":{"background-color":"","background-image":"","background-repeat":"repeat","background-position":"center center","background-size":"auto","background-attachment":"scroll"},"sidebar-widget-title-color":"","sidebar-text-color":"","sidebar-link-color":"","sidebar-link-h-color":"","entry-title-color":"","above-header-layout-section-1-divider":"","above-header-layout-section-2-divider":"","section-ast-above-header-border":"","above-header-submenu-border-divider":"","above-header-mobile-menu-divider":"","above-header-swap-mobile":"","below-header-layout-section-1-divider":"","below-header-layout-section-2-divider":"","below-header-layout-options-separator-divider":"","below-header-submenu-border-divider":"","below-header-mobile-menu-divider":"","below-header-swap-mobile":"","divider-above-header-typography-primary-menu":"","divider-above-header-typography-dropdown-menu":"","divider-below-header-typography-primary-menu":"","divider-below-header-typography-dropdown-menu":"","divider-below-header-typography-content":"","above-header-menu-color-divider":"","above-header-color-bg-dropdown-menu-divider":"","above-header-content-color-divider":"","below-header-color-bg-primary-menu-divider":"","below-header-color-bg-dropdown-menu-divider":"","below-header-color-bg-content-divider":"","scroll-to-top-on-devices":"both","scroll-to-top-icon-position":"right","scroll-to-top-icon-size":"15","scroll-to-top-icon-radius":"","scroll-to-top-icon-color":"","scroll-to-top-icon-bg-color":"","scroll-to-top-icon-h-color":"","scroll-to-top-icon-h-bg-color":"","font-family-archive-summary-title":"inherit","font-weight-archive-summary-title":"inherit","text-transform-archive-summary-title":"","line-height-archive-summary-title":"","font-family-page-title":"inherit","font-weight-page-title":"inherit","text-transform-page-title":"","line-height-page-title":"","divider-section-archive-typo-post-meta":"","font-family-post-meta":"inherit","font-weight-post-meta":"inherit","text-transform-post-meta":"","font-size-post-meta":{"desktop":"","tablet":"","mobile":"","desktop-unit":"px","tablet-unit":"px","mobile-unit":"px"},"line-height-post-meta":"","divider-section-archive-typo-pagination":"","text-transform-post-pagination":"","font-size-post-pagination":{"desktop":"","tablet":"","mobile":"","desktop-unit":"px","tablet-unit":"px","mobile-unit":"px"},"font-family-h4":"inherit","font-weight-h4":"inherit","text-transform-h4":"","line-height-h4":"","font-family-h5":"inherit","font-weight-h5":"inherit","text-transform-h5":"","line-height-h5":"","font-family-h6":"inherit","font-weight-h6":"inherit","text-transform-h6":"","line-height-h6":"","font-family-footer-content":"inherit","font-weight-footer-content":"inherit","text-transform-footer-content":"uppercase","font-size-footer-content":{"desktop":"12","tablet":"12","mobile":"12","desktop-unit":"px","tablet-unit":"px","mobile-unit":"px"},"line-height-footer-content":"1","font-family-site-title":"inherit","font-weight-site-title":"inherit","text-transform-site-title":"","line-height-site-title":"","font-family-site-tagline":"inherit","font-weight-site-tagline":"inherit","text-transform-site-tagline":"","line-height-site-tagline":"","divider-section-primary-menu-typo-main":"","font-family-primary-menu":"inherit","font-weight-primary-menu":"normal","text-transform-primary-menu":"","font-size-primary-menu":"","line-height-primary-menu":"","divider-section-primary-menu-typo-dropdown":"","font-family-primary-dropdown-menu":"inherit","font-weight-primary-dropdown-menu":"inherit","text-transform-primary-dropdown-menu":"","font-size-primary-dropdown-menu":{"desktop":"","tablet":"","mobile":"","desktop-unit":"px","tablet-unit":"px","mobile-unit":"px"},"line-height-primary-dropdown-menu":"","divider-section-outside-menu-typo-dropdown":"","outside-menu-font-size":{"desktop":"","tablet":"","mobile":"","desktop-unit":"px","tablet-unit":"px","mobile-unit":"px"},"outside-menu-line-height":"","divider-section-sidebar-typo-title":"","font-family-widget-title":"inherit","font-weight-widget-title":"inherit","text-transform-widget-title":"","font-size-widget-title":{"desktop":"","tablet":"","mobile":"","desktop-unit":"px","tablet-unit":"px","mobile-unit":"px"},"line-height-widget-title":"","divider-section-sidebar-typo-content":"","font-family-widget-content":"inherit","font-weight-widget-content":"inherit","text-transform-widget-content":"","font-size-widget-content":{"desktop":"","tablet":"","mobile":"","desktop-unit":"px","tablet-unit":"px","mobile-unit":"px"},"line-height-widget-content":"","font-family-entry-title":"inherit","font-weight-entry-title":"inherit","text-transform-entry-title":"","line-height-entry-title":"","header-custom-layout-above-header":"","header-custom-layout-below-header":"","header-custom-layout-header":"","header-custom-layout-sticky-header":"","header-custom-layout-transparent-header":"","header-custom-color-above-header":"","header-custom-color-primary-header":"","header-custom-color-below-header":"","header-custom-color-transparent-header":"","header-custom-typo-above-header":"","header-custom-typo-primary-header":"","header-custom-typo-below-header":"","header-custom-title_tagline":"","wc-header-cart-header-colors":false,"blog-archive-image-size-heading":"","blog-archive-image-width":false,"blog-archive-image-height":false,"blog-archive-image-apply-sizes":"","blog-single-post-image-size-heading":"","blog-single-post-image-width":false,"blog-single-post-image-height":false,"blog-single-post-image-apply-sizes":"","blog-layout":"blog-layout-1","blog-grid":1,"blog-space-bet-posts":false,"blog-masonry":false,"first-post-full-width":false,"blog-date-box":false,"blog-date-box-style":"square","blog-featured-image-padding":false,"ast-styling-section-blog-grid":"","blog-excerpt-count":55,"blog-read-more-text":"Read More \u00bb","blog-read-more-as-button":false,"ast-styling-section-blog-meta":"","blog-pagination":"number","blog-pagination-style":"default","blog-infinite-scroll-event":"scroll","blog-load-more-text":"Load More","ast-styling-section-blog-pagination":"","ast-author-info":false,"ast-single-post-navigation":false,"ast-auto-prev-post":false,"single-featured-image-padding":false,"divider-section-single-post-spacing":"","single-post-outside-spacing":{"desktop":{"top":"","right":"","bottom":"","left":""},"tablet":{"top":"","right":"","bottom":"","left":""},"mobile":{"top":"","right":"","bottom":"","left":""},"desktop-unit":"px","tablet-unit":"px","mobile-unit":"px"},"single-post-inside-spacing":{"desktop":{"top":"","right":"","bottom":"","left":""},"tablet":{"top":"","right":"","bottom":"","left":""},"mobile":{"top":"","right":"","bottom":"","left":""},"desktop-unit":"px","tablet-unit":"px","mobile-unit":"px"},"divider-section-single-featured-image-padding":"","footer-adv-area-padding":{"desktop":{"top":"70","right":"","bottom":"70","left":""},"tablet":{"top":"","right":"","bottom":"","left":""},"mobile":{"top":"","right":"","bottom":"","left":""}},"footer-adv-layout-width":"content","footer-adv-typo-title":"","footer-adv-wgt-title-font-family":"inherit","footer-adv-wgt-title-font-weight":"inherit","footer-adv-wgt-title-text-transform":"","footer-adv-wgt-title-font-size":{"desktop":"","tablet":"","mobile":"","desktop-unit":"px","tablet-unit":"px","mobile-unit":"px"},"footer-adv-wgt-title-line-height":"","footer-adv-typo-content":"","footer-adv-wgt-content-font-family":"inherit","footer-adv-wgt-content-font-weight":"inherit","footer-adv-wgt-content-text-transform":"","footer-adv-wgt-content-font-size":{"desktop":"","tablet":"","mobile":"","desktop-unit":"px","tablet-unit":"px","mobile-unit":"px"},"footer-adv-wgt-content-line-height":"","site-layout-padded-width":1200,"site-layout-box-width":1200,"site-layout-padded-pad":{"desktop":{"top":25,"right":50,"bottom":25,"left":50},"tablet":{"top":"","right":"","bottom":"","left":""},"mobile":{"top":"","right":"","bottom":"","left":""},"desktop-unit":"px","tablet-unit":"px","mobile-unit":"px"},"site-layout-box-tb-margin":0,"site-layout-fluid-lr-padding":25,"divider-section-site-identity-spacing":"","site-identity-spacing":{"desktop":{"top":"","bottom":""},"tablet":{"top":"","bottom":""},"mobile":{"top":"","bottom":""},"desktop-unit":"px","tablet-unit":"px","mobile-unit":"px"},"site-identity-spacing-divider":"","content-spacing-divider":"","container-outside-spacing":{"desktop":{"top":"","right":"","bottom":"","left":""},"tablet":{"top":"1.5","right":"0","bottom":"1.5","left":"0"},"mobile":{"top":"","right":"","bottom":"","left":""},"desktop-unit":"px","tablet-unit":"em","mobile-unit":"px"},"container-inside-spacing":{"desktop":{"top":"","right":"","bottom":"","left":""},"tablet":{"top":"1.5","right":"2.14","bottom":"1.5","left":"2.14"},"mobile":{"top":"1.5","right":"1","bottom":"1.5","left":"1"},"desktop-unit":"px","tablet-unit":"em","mobile-unit":"em"},"header-spacing-divider":"","header-spacing":{"desktop":{"top":"","right":"","bottom":"","left":""},"tablet":{"top":"1.5","right":"","bottom":"1.5","left":""},"mobile":{"top":"1","right":"","bottom":"1","left":""},"desktop-unit":"px","tablet-unit":"em","mobile-unit":"em"},"primary-menu-spacing":{"desktop":{"top":"","right":"","bottom":"","left":""},"tablet":{"top":"0","right":"20","bottom":"0","left":"20"},"mobile":{"top":"","right":"","bottom":"","left":""},"desktop-unit":"px","tablet-unit":"px","mobile-unit":"px"},"primary-submenu-spacing":{"desktop":{"top":"","right":"","bottom":"","left":""},"tablet":{"top":"0","right":"20","bottom":"0","left":"30"},"mobile":{"top":"","right":"","bottom":"","left":""},"desktop-unit":"px","tablet-unit":"px","mobile-unit":"px"},"above-header-spacing-divider":"","above-header-spacing":{"desktop":{"top":"","right":"","bottom":"","left":""},"tablet":{"top":"0","right":"","bottom":"0","left":""},"mobile":{"top":"0.5","right":"","bottom":"","left":""},"desktop-unit":"px","tablet-unit":"px","mobile-unit":"em"},"above-header-menu-spacing":{"desktop":{"top":"","right":"","bottom":"","left":""},"tablet":{"top":"0","right":"20","bottom":"0","left":"20"},"mobile":{"top":"","right":"","bottom":"","left":""},"desktop-unit":"px","tablet-unit":"px","mobile-unit":"px"},"above-header-submenu-spacing":{"desktop":{"top":"","right":"","bottom":"","left":""},"tablet":{"top":"0","right":"20","bottom":"0","left":"20"},"mobile":{"top":"","right":"","bottom":"","left":""},"desktop-unit":"px","tablet-unit":"px","mobile-unit":"px"},"below-header-spacing-divider":"","below-header-spacing":{"desktop":{"top":"","right":"","bottom":"","left":""},"tablet":{"top":"1","right":"","bottom":"1","left":""},"mobile":{"top":"","right":"","bottom":"","left":""},"desktop-unit":"px","tablet-unit":"em","mobile-unit":"px"},"below-header-menu-spacing":{"desktop":{"top":"","right":"","bottom":"8","left":""},"tablet":{"top":"0","right":"20","bottom":"0","left":"20"},"mobile":{"top":"","right":"","bottom":"","left":""},"desktop-unit":"px","tablet-unit":"px","mobile-unit":"px"},"below-header-submenu-spacing":{"desktop":{"top":"","right":"","bottom":"","left":""},"tablet":{"top":"0","right":"20","bottom":"0","left":"20"},"mobile":{"top":"","right":"","bottom":"","left":""},"desktop-unit":"px","tablet-unit":"px","mobile-unit":"px"},"divider-section-sidebar-spacing":"","sidebar-outside-spacing":{"desktop":{"top":"","right":"","bottom":"","left":""},"tablet":{"top":"1.5","right":"1","bottom":"1.5","left":"1"},"mobile":{"top":"","right":"","bottom":"","left":""},"desktop-unit":"px","tablet-unit":"em","mobile-unit":"px"},"sidebar-inside-spacing":{"desktop":{"top":"","right":"","bottom":"","left":""},"tablet":{"top":"","right":"","bottom":"","left":""},"mobile":{"top":"","right":"","bottom":"","left":""},"desktop-unit":"px","tablet-unit":"px","mobile-unit":"px"},"blog-post-spacing-divider":"","blog-post-outside-spacing":{"desktop":{"top":"","right":"","bottom":"","left":""},"tablet":{"top":"","right":"","bottom":"","left":""},"mobile":{"top":"","right":"","bottom":"","left":""},"desktop-unit":"px","tablet-unit":"px","mobile-unit":"px"},"blog-post-inside-spacing":{"desktop":{"top":"","right":"","bottom":"","left":""},"tablet":{"top":"","right":"","bottom":"","left":""},"mobile":{"top":"","right":"","bottom":"","left":""},"desktop-unit":"px","tablet-unit":"px","mobile-unit":"px"},"blog-post-pagination-spacing":{"desktop":{"top":"","right":"","bottom":"","left":""},"tablet":{"top":"","right":"","bottom":"","left":""},"mobile":{"top":"","right":"","bottom":"","left":""},"desktop-unit":"px","tablet-unit":"px","mobile-unit":"px"},"footer-sml-spacing":{"desktop":{"top":"","right":"","bottom":"","left":""},"tablet":{"top":"2","right":"","bottom":"2","left":""},"mobile":{"top":"","right":"","bottom":"","left":""},"desktop-unit":"px","tablet-unit":"em","mobile-unit":"px"},"footer-menu-spacing":{"desktop":{"top":"","right":"","bottom":"","left":""},"tablet":{"top":"0","right":".5","bottom":"0","left":".5"},"mobile":{"top":"","right":"","bottom":"","left":""},"desktop-unit":"px","tablet-unit":"em","mobile-unit":"px"},"footer-spacing-divider":"","header-main-stick":false,"different-sticky-logo":0,"sticky-header-logo":"","different-sticky-retina-logo":false,"sticky-header-retina-logo":"","sticky-header-logo-width":{"desktop":"110","tablet":"","mobile":""},"header-main-shrink":1,"sticky-header-style":"slide","sticky-hide-on-scroll":0,"sticky-header-on-devices":"both","header-main-rt-sticky-section-button-text-color":"","header-main-rt-sticky-section-button-text-h-color":"","header-main-rt-sticky-section-button-back-color":"","header-main-rt-sticky-section-button-back-h-color":"","header-main-rt-sticky-section-button-padding":"","header-main-rt-sticky-section-button-border-size":"","header-main-rt-sticky-section-button-border-color":"","header-main-rt-sticky-section-button-border-h-color":"","header-main-rt-sticky-section-button-border-radius":"","sticky-header-color-divider":"","sticky-header-bg-color-responsive":{"desktop":"rgba(255,255,255,1)","tablet":"","mobile":""},"sticky-header-color-site-title-responsive":{"desktop":"","tablet":"","mobile":""},"sticky-header-color-h-site-title-responsive":{"desktop":"","tablet":"","mobile":""},"sticky-header-color-site-tagline-responsive":{"desktop":"","tablet":"","mobile":""},"sticky-header-menu-color-divider":"","sticky-header-menu-bg-color-responsive":{"desktop":"","tablet":"","mobile":""},"sticky-header-menu-color-responsive":{"desktop":"","tablet":"","mobile":""},"sticky-header-menu-h-color-responsive":{"desktop":"","tablet":"","mobile":""},"sticky-header-menu-h-a-bg-color-responsive":{"desktop":"","tablet":"","mobile":""},"sticky-header-submenu-color-divider":"","sticky-header-submenu-bg-color-responsive":{"desktop":"","tablet":"","mobile":""},"sticky-header-submenu-color-responsive":{"desktop":"","tablet":"","mobile":""},"sticky-header-submenu-h-color-responsive":{"desktop":"","tablet":"","mobile":""},"sticky-header-submenu-h-a-bg-color-responsive":{"desktop":"","tablet":"","mobile":""},"divider-sticky-header-content-section":"","sticky-header-content-section-text-color-responsive":{"desktop":"","tablet":"","mobile":""},"sticky-header-content-section-link-color-responsive":{"desktop":"","tablet":"","mobile":""},"sticky-header-content-section-link-h-color-responsive":{"desktop":"","tablet":"","mobile":""},"header-above-stick":0,"header-below-stick":false,"sticky-above-header-color-divider":"","sticky-above-header-bg-color-responsive":{"desktop":"rgba(255,255,255,1)","tablet":"","mobile":""},"sticky-above-header-menu-color-divider":"","sticky-above-header-menu-bg-color-responsive":{"desktop":"","tablet":"","mobile":""},"sticky-above-header-menu-color-responsive":{"desktop":"","tablet":"","mobile":""},"sticky-above-header-menu-h-color-responsive":{"desktop":"","tablet":"","mobile":""},"sticky-above-header-menu-h-a-bg-color-responsive":{"desktop":"","tablet":"","mobile":""},"sticky-above-header-submenu-color-divider":"","sticky-above-header-submenu-bg-color-responsive":{"desktop":"","tablet":"","mobile":""},"sticky-above-header-submenu-color-responsive":{"desktop":"","tablet":"","mobile":""},"sticky-above-header-submenu-h-color-responsive":{"desktop":"","tablet":"","mobile":""},"sticky-above-header-submenu-h-a-bg-color-responsive":{"desktop":"","tablet":"","mobile":""},"divider-sticky-above-header-content-section":"","sticky-above-header-content-section-text-color-responsive":{"desktop":"","tablet":"","mobile":""},"sticky-above-header-content-section-link-color-responsive":{"desktop":"","tablet":"","mobile":""},"sticky-above-header-content-section-link-h-color-responsive":{"desktop":"","tablet":"","mobile":""},"sticky-below-header-color-divider":"","sticky-below-header-bg-color-responsive":{"desktop":"rgba(255,255,255,1)","tablet":"","mobile":""},"sticky-below-header-menu-color-divider":"","sticky-below-header-menu-bg-color-responsive":{"desktop":"","tablet":"","mobile":""},"sticky-below-header-menu-color-responsive":{"desktop":"#1f2332","tablet":"","mobile":""},"sticky-below-header-menu-h-color-responsive":{"desktop":"#4f2d7f","tablet":"","mobile":""},"sticky-below-header-menu-h-a-bg-color-responsive":{"desktop":"","tablet":"","mobile":""},"sticky-below-header-submenu-color-divider":"","sticky-below-header-submenu-bg-color-responsive":{"desktop":"","tablet":"","mobile":""},"sticky-below-header-submenu-color-responsive":{"desktop":"","tablet":"","mobile":""},"sticky-below-header-submenu-h-color-responsive":{"desktop":"","tablet":"","mobile":""},"sticky-below-header-submenu-h-a-bg-color-responsive":{"desktop":"","tablet":"","mobile":""},"divider-sticky-below-header-content-section":"","sticky-below-header-content-section-text-color-responsive":{"desktop":"","tablet":"","mobile":""},"sticky-below-header-content-section-link-color-responsive":{"desktop":"","tablet":"","mobile":""},"sticky-below-header-content-section-link-h-color-responsive":{"desktop":"","tablet":"","mobile":""},"mobile-menu-style":"default","flyout-mobile-menu-alignment":"left","mobile-header-menu-all-border":{"top":"","right":"","bottom":"","left":""},"mobile-header-menu-b-color":"#dadada","mobile-header-above-header-divider":"","mobile-above-header-menu-style":"default","flyout-mobile-above-header-menu-alignment":"left","mobile-above-header-main-menu-style-divider":"","mobile-above-header-toggle-btn-style":"minimal","mobile-above-header-toggle-btn-style-color":"","mobile-above-header-toggle-btn-border-radius":2,"mobile-above-header-menu-all-border":{"top":"","right":"","bottom":"","left":""},"mobile-above-header-menu-b-color":"#dadada","mobile-header-below-header-divider":"","mobile-below-header-menu-style":"default","flyout-mobile-below-header-menu-alignment":"left","mobile-below-header-main-menu-style-divider":"","mobile-below-header-toggle-btn-style":"minimal","mobile-below-header-toggle-btn-style-color":"","mobile-below-header-toggle-btn-border-radius":2,"mobile-below-header-menu-all-border":{"top":"","right":"","bottom":"","left":""},"mobile-below-header-menu-b-color":"#dadada","primary-header-megamenu-heading-colors-divider":"","primary-header-megamenu-heading-color":"","primary-header-megamenu-heading-h-color":"","sticky-primary-header-megamenu-heading-colors-divider":"","sticky-primary-header-megamenu-heading-color":"","sticky-primary-header-megamenu-heading-h-color":"","primary-header-megamenu-heading-space":{"desktop":{"top":"","right":"","bottom":"","left":""},"tablet":{"top":"","right":"","bottom":"","left":""},"mobile":{"top":"","right":"","bottom":"","left":""},"desktop-unit":"px","tablet-unit":"px","mobile-unit":"px"},"primary-header-megamenu-heading-typo-divider":"","primary-header-megamenu-heading-font-family":"inherit","primary-header-megamenu-heading-font-weight":"700","primary-header-megamenu-heading-text-transform":"","primary-header-megamenu-heading-font-size":{"desktop":"1.1","tablet":"","mobile":"","desktop-unit":"em","tablet-unit":"px","mobile-unit":"px"},"above-header-megamenu-heading-colors-divider":"","above-header-megamenu-heading-color":"","above-header-megamenu-heading-h-color":"","sticky-above-header-megamenu-heading-colors-divider":"","sticky-above-header-megamenu-heading-color":"","sticky-above-header-megamenu-heading-h-color":"","above-header-megamenu-heading-space":{"desktop":{"top":"","right":"","bottom":"","left":""},"tablet":{"top":"","right":"","bottom":"","left":""},"mobile":{"top":"","right":"","bottom":"","left":""},"desktop-unit":"px","tablet-unit":"px","mobile-unit":"px"},"above-header-megamenu-heading-typo-divider":"","above-header-megamenu-heading-font-family":"inherit","above-header-megamenu-heading-font-weight":"500","above-header-megamenu-heading-text-transform":"","above-header-megamenu-heading-font-size":{"desktop":"1.1","tablet":"","mobile":"","desktop-unit":"em","tablet-unit":"px","mobile-unit":"px"},"below-header-megamenu-heading-colors-divider":"","below-header-megamenu-heading-color":"","below-header-megamenu-heading-h-color":"","sticky-below-header-megamenu-heading-colors-divider":"","sticky-below-header-megamenu-heading-color":"","sticky-below-header-megamenu-heading-h-color":"","below-header-megamenu-heading-space":{"desktop":{"top":"","right":"","bottom":"","left":""},"tablet":{"top":"","right":"","bottom":"","left":""},"mobile":{"top":"","right":"","bottom":"","left":""},"desktop-unit":"px","tablet-unit":"px","mobile-unit":"px"},"below-header-megamenu-heading-typo-divider":"","below-header-megamenu-heading-font-family":"inherit","below-header-megamenu-heading-font-weight":"500","below-header-megamenu-heading-text-transform":"","below-header-megamenu-heading-font-size":{"desktop":"1.1","tablet":"","mobile":"","desktop-unit":"em","tablet-unit":"px","mobile-unit":"px"},"shop-quick-view-stick-cart":true,"_astra_pb_compatibility_completed":true,"is_addon_queue_running":false,"submenu-open-below-header":false,"is_astra_addon_queue_running":false,"ele-default-color-typo-setting-comp":false,"content-bg-obj-responsive":{"desktop":{"background-color":"#ffffff","background-image":"","background-repeat":"repeat","background-position":"center center","background-size":"auto","background-attachment":"scroll"},"tablet":{"background-color":"","background-image":"","background-repeat":"repeat","background-position":"center center","background-size":"auto","background-attachment":"scroll"},"mobile":{"background-color":"","background-image":"","background-repeat":"repeat","background-position":"center center","background-size":"auto","background-attachment":"scroll"}},"is_theme_queue_running":false,"gtn-full-wide-image-grp-css":false,"gtn-full-wide-grp-cover-css":false,"footer-adv-bg-obj-responsive":{"desktop":{"background-color":"","background-image":"","background-repeat":"repeat","background-position":"center center","background-size":"auto","background-attachment":"scroll"},"tablet":{"background-color":"","background-image":"","background-repeat":"repeat","background-position":"center center","background-size":"auto","background-attachment":"scroll"},"mobile":{"background-color":"","background-image":"","background-repeat":"repeat","background-position":"center center","background-size":"auto","background-attachment":"scroll"}},"footer-bg-obj-responsive":{"desktop":{"background-color":"#4f2d7f","background-image":"","background-repeat":"repeat","background-position":"center center","background-size":"auto","background-attachment":"scroll"},"tablet":{"background-color":"","background-image":"","background-repeat":"repeat","background-position":"center center","background-size":"auto","background-attachment":"scroll"},"mobile":{"background-color":"","background-image":"","background-repeat":"repeat","background-position":"center center","background-size":"auto","background-attachment":"scroll"}}},"custom-css":""},"astra-site-options-data":{"woocommerce_product_attributes":[],"woocommerce_product_cat_list":[],"woocommerce_product_cat":[],"custom_logo":"https:\/\/websitedemos.net\/financial-accounting-06\/wp-content\/uploads\/sites\/356\/2018\/10\/site-logo-free-img.png","nav_menu_locations":{"below_header_menu":"main-menu","primary":"main-menu"},"show_on_front":"page","page_on_front":"Home","page_for_posts":"","_fl_builder_enabled_icons":null,"_fl_builder_enabled_modules":null,"_fl_builder_post_types":null,"_fl_builder_color_presets":null,"_fl_builder_services":null,"_fl_builder_settings":null,"_fl_builder_user_access":null,"_fl_builder_enabled_templates":null,"elementor_container_width":null,"elementor_cpt_support":null,"elementor_css_print_method":null,"elementor_default_generic_fonts":null,"elementor_disable_color_schemes":null,"elementor_disable_typography_schemes":null,"elementor_editor_break_lines":null,"elementor_exclude_user_roles":null,"elementor_global_image_lightbox":null,"elementor_page_title_selector":null,"elementor_scheme_color":null,"elementor_scheme_color-picker]":null,"elementor_scheme_typography":null,"elementor_space_between_widgets":null,"elementor_stretched_section_container":null,"elementor_load_fa4_shim":null,"elementor_active_kit":null,"woocommerce_shop_page_title":"","woocommerce_cart_page_title":"","woocommerce_checkout_page_title":"","woocommerce_myaccount_page_title":"","woocommerce_edit_address_page_title":"","woocommerce_view_order_page_title":"","woocommerce_change_password_page_title":"","woocommerce_logout_page_title":"","woocommerce_enable_guest_checkout":null,"woocommerce_enable_checkout_login_reminder":null,"woocommerce_enable_signup_and_login_from_checkout":"no","woocommerce_enable_myaccount_registration":"no","woocommerce_registration_generate_username":"no","wpforms_settings":null,"learndash_settings_theme_ld30":null,"learndash_settings_courses_themes":null},"astra-site-wxr-path":"https:\/\/websitedemos.net\/wp-content\/uploads\/astra-sites\/356\/wxr.xml","astra-site-give-path":"","astra-enabled-extensions":{"advanced-hooks":"advanced-hooks","blog-pro":"","colors-and-background":"","advanced-footer":"","mobile-header":"","header-sections":"header-sections","lifterlms":"lifterlms","learndash":"learndash","advanced-headers":"","site-layouts":"","spacing":"","sticky-header":"","scroll-to-top":"","transparent-header":"transparent-header","typography":"","woocommerce":"woocommerce","edd":"edd","nav-menu":""},"astra-custom-404":"","featured-image-url":"https:\/\/websitedemos.net\/wp-content\/uploads\/2019\/07\/financial-accounting-06-1.jpg","astra-woocommerce-csv-path":"","astra-post-data-mapping":{"astra-advanced-hook":[{"post_id":360,"post_title":"Site footer","mapping":{"ast-advanced-hook-location":{"rule":["basic-global"],"specific":[]}}}],"astra_adv_header":[],"give_forms":[],"ld_landing_pages":[]},"astra-site-wpforms-path":"https:\/\/websitedemos.net\/wp-content\/uploads\/astra-sites\/356\/wpforms.json","astra-site-cartflows-path":"","astra-site-taxonomy-mapping":"","astra-site-parent-id":1484,"license-status":"valid","request_time":0.47325587272644043,"_links":{"self":[{"href":"https:\/\/websitedemos.net\/wp-json\/wp\/v2\/astra-sites\/45806"}],"collection":[{"href":"https:\/\/websitedemos.net\/wp-json\/wp\/v2\/astra-sites"}],"about":[{"href":"https:\/\/websitedemos.net\/wp-json\/wp\/v2\/types\/astra-sites"}],"author":[{"embeddable":true,"href":"https:\/\/websitedemos.net\/wp-json\/wp\/v2\/users\/34"}],"version-history":[{"count":1,"href":"https:\/\/websitedemos.net\/wp-json\/wp\/v2\/astra-sites\/45806\/revisions"}],"predecessor-version":[{"id":45829,"href":"https:\/\/websitedemos.net\/wp-json\/wp\/v2\/astra-sites\/45806\/revisions\/45829"}],"wp:featuredmedia":[{"embeddable":true,"href":"https:\/\/websitedemos.net\/wp-json\/wp\/v2\/media\/31295"}],"wp:attachment":[{"href":"https:\/\/websitedemos.net\/wp-json\/wp\/v2\/media?parent=45806"}],"wp:term":[{"taxonomy":"astra-site-category","embeddable":true,"href":"https:\/\/websitedemos.net\/wp-json\/wp\/v2\/astra-site-category?post=45806"},{"taxonomy":"astra-sites-type","embeddable":true,"href":"https:\/\/websitedemos.net\/wp-json\/wp\/v2\/astra-sites-type?post=45806"},{"taxonomy":"astra-site-page-builder","embeddable":true,"href":"https:\/\/websitedemos.net\/wp-json\/wp\/v2\/astra-site-page-builder?post=45806"},{"taxonomy":"astra-sites-tag","embeddable":true,"href":"https:\/\/websitedemos.net\/wp-json\/wp\/v2\/astra-sites-tag?post=45806"}],"curies":[{"name":"wp","href":"https:\/\/api.w.org\/{rel}","templated":true}]}}