{"id":45836,"date":"2020-03-26T11:28:14","date_gmt":"2020-03-26T05:58:14","guid":{"rendered":"https:\/\/websitedemos.net\/?post_type=astra-sites&#038;p=45836"},"modified":"2020-03-26T11:46:10","modified_gmt":"2020-03-26T06:16:10","slug":"financial-advisors-2","status":"publish","type":"astra-sites","link":"https:\/\/websitedemos.net\/astra-site\/financial-advisors-2\/","title":{"rendered":"Financial Advisors"},"content":{"rendered":"","protected":false},"author":122,"featured_media":45833,"template":"","astra-site-category":[27],"astra-sites-type":[40],"astra-site-page-builder":[34],"astra-sites-tag":[447,448,581,449,446,582,775],"yoast_head":"<!-- This site is optimized with the Yoast SEO plugin v15.5 - https:\/\/yoast.com\/wordpress\/plugins\/seo\/ -->\n<title>Financial Advisors - Website Demos<\/title>\n<meta name=\"robots\" content=\"index, follow, max-snippet:-1, max-image-preview:large, max-video-preview:-1\" \/>\n<link rel=\"canonical\" href=\"https:\/\/websitedemos.net\/astra-site\/financial-advisors-2\/\" \/>\n<meta property=\"og:locale\" content=\"en_US\" \/>\n<meta property=\"og:type\" content=\"article\" \/>\n<meta property=\"og:title\" content=\"Financial Advisors - Website Demos\" \/>\n<meta property=\"og:url\" content=\"https:\/\/websitedemos.net\/astra-site\/financial-advisors-2\/\" \/>\n<meta property=\"og:site_name\" content=\"Website Demos\" \/>\n<meta property=\"article:modified_time\" content=\"2020-03-26T06:16:10+00:00\" \/>\n<meta property=\"og:image\" content=\"https:\/\/websitedemos.net\/wp-content\/uploads\/2020\/03\/financial-accounting-04-home.jpg\" \/>\n\t<meta property=\"og:image:width\" content=\"1200\" \/>\n\t<meta property=\"og:image:height\" content=\"4723\" \/>\n<meta name=\"twitter:card\" content=\"summary\" \/>\n<script type=\"application\/ld+json\" class=\"yoast-schema-graph\">{\"@context\":\"https:\/\/schema.org\",\"@graph\":[{\"@type\":\"WebSite\",\"@id\":\"https:\/\/websitedemos.net\/#website\",\"url\":\"https:\/\/websitedemos.net\/\",\"name\":\"Website Demos\",\"description\":\"The Fastest, Lightweight Ready Websites\",\"potentialAction\":[{\"@type\":\"SearchAction\",\"target\":\"https:\/\/websitedemos.net\/?s={search_term_string}\",\"query-input\":\"required name=search_term_string\"}],\"inLanguage\":\"en-US\"},{\"@type\":\"ImageObject\",\"@id\":\"https:\/\/websitedemos.net\/astra-site\/financial-advisors-2\/#primaryimage\",\"inLanguage\":\"en-US\",\"url\":\"https:\/\/websitedemos.net\/wp-content\/uploads\/2020\/03\/financial-accounting-04-home.jpg\",\"width\":1200,\"height\":4723},{\"@type\":\"WebPage\",\"@id\":\"https:\/\/websitedemos.net\/astra-site\/financial-advisors-2\/#webpage\",\"url\":\"https:\/\/websitedemos.net\/astra-site\/financial-advisors-2\/\",\"name\":\"Financial Advisors - Website Demos\",\"isPartOf\":{\"@id\":\"https:\/\/websitedemos.net\/#website\"},\"primaryImageOfPage\":{\"@id\":\"https:\/\/websitedemos.net\/astra-site\/financial-advisors-2\/#primaryimage\"},\"datePublished\":\"2020-03-26T05:58:14+00:00\",\"dateModified\":\"2020-03-26T06:16:10+00:00\",\"inLanguage\":\"en-US\",\"potentialAction\":[{\"@type\":\"ReadAction\",\"target\":[\"https:\/\/websitedemos.net\/astra-site\/financial-advisors-2\/\"]}]}]}<\/script>\n<!-- \/ Yoast SEO plugin. -->","astra-site-type":"premium","astra-site-thumbnail":"https:\/\/websitedemos.net\/wp-content\/uploads\/2020\/03\/financial-accounting-04-home-400x1574.jpg","required-plugins":[{"slug":"astra-addon","init":"astra-addon\/astra-addon.php","name":"Astra Pro"},{"slug":"astra-widgets","init":"astra-widgets\/astra-widgets.php","name":"Astra Widgets"},{"slug":"beaver-builder-lite-version","init":"beaver-builder-lite-version\/fl-builder.php","name":"Beaver Builder Plugin (Lite Version)"},{"slug":"bb-ultimate-addon","init":"bb-ultimate-addon\/bb-ultimate-addon.php","name":"Ultimate Addons for Beaver Builder"}],"astra-site-url":"\/\/websitedemos.net\/financial-accounting-03","astra-site-open-in-new-tab":"0","astra-site-widgets-data":"{\"advanced-footer-widget-5\":{\"text-12\":{\"title\":\"\",\"text\":\"<h4 class=\\\"uael-heading\\\"><span class=\\\"uael-heading-text elementor-inline-editing\\\" data-elementor-setting-key=\\\"heading_title\\\" data-elementor-inline-editing-toolbar=\\\"basic\\\">DESIGN IS A FUNNY WORD<\\\/span><\\\/h4>\\r\\nQuos mollis incididunt culpa officia dignissimos necessitatib.\",\"filter\":true,\"visual\":true}},\"sidebar-1\":{\"search-2\":{\"title\":\"\"},\"recent-posts-2\":{\"title\":\"\",\"number\":5},\"recent-comments-2\":{\"title\":\"\",\"number\":5},\"archives-2\":{\"title\":\"\",\"count\":0,\"dropdown\":0},\"categories-2\":{\"title\":\"\",\"count\":0,\"hierarchical\":0,\"dropdown\":0},\"meta-2\":{\"title\":\"\"}},\"advanced-footer-widget-1\":{\"text-3\":{\"title\":\"Services\",\"text\":\"<ul class=\\\"elementor-icon-list-items\\\">\\r\\n \\t<li class=\\\"elementor-icon-list-item\\\"><span class=\\\"elementor-icon-list-text\\\">Finance Management<\\\/span><\\\/li>\\r\\n \\t<li class=\\\"elementor-icon-list-item\\\"><span class=\\\"elementor-icon-list-text\\\">Tax Planning<\\\/span><\\\/li>\\r\\n \\t<li class=\\\"elementor-icon-list-item\\\"><span class=\\\"elementor-icon-list-text\\\">Tax Preparation<\\\/span><\\\/li>\\r\\n \\t<li class=\\\"elementor-icon-list-item\\\"><span class=\\\"elementor-icon-list-text\\\">Business Advice<\\\/span><\\\/li>\\r\\n \\t<li class=\\\"elementor-icon-list-item\\\"><span class=\\\"elementor-icon-list-text\\\">Payroll Management<\\\/span><\\\/li>\\r\\n<\\\/ul>\",\"filter\":true,\"visual\":true}},\"advanced-footer-widget-2\":{\"text-5\":{\"title\":\"Industries\",\"text\":\"<ul class=\\\"elementor-icon-list-items\\\">\\r\\n \\t<li class=\\\"elementor-icon-list-item\\\"><span class=\\\"elementor-icon-list-text\\\">Aerospace<\\\/span><\\\/li>\\r\\n \\t<li class=\\\"elementor-icon-list-item\\\"><span class=\\\"elementor-icon-list-text\\\">Healthcare<\\\/span><\\\/li>\\r\\n \\t<li class=\\\"elementor-icon-list-item\\\"><span class=\\\"elementor-icon-list-text\\\">Agriculture<\\\/span><\\\/li>\\r\\n \\t<li class=\\\"elementor-icon-list-item\\\"><span class=\\\"elementor-icon-list-text\\\">Manufacturing<\\\/span><\\\/li>\\r\\n \\t<li class=\\\"elementor-icon-list-item\\\"><span class=\\\"elementor-icon-list-text\\\">Automotive<\\\/span><\\\/li>\\r\\n<\\\/ul>\",\"filter\":true,\"visual\":true}},\"advanced-footer-widget-3\":{\"text-7\":{\"title\":\"About\",\"text\":\"<ul class=\\\"elementor-icon-list-items\\\">\\r\\n \\t<li class=\\\"elementor-icon-list-item\\\"><span class=\\\"elementor-icon-list-text\\\">Company Profile<\\\/span><\\\/li>\\r\\n \\t<li class=\\\"elementor-icon-list-item\\\"><span class=\\\"elementor-icon-list-text\\\">Vision. Mission. Values.<\\\/span><\\\/li>\\r\\n \\t<li class=\\\"elementor-icon-list-item\\\"><span class=\\\"elementor-icon-list-text\\\">Board of Directors<\\\/span><\\\/li>\\r\\n \\t<li class=\\\"elementor-icon-list-item\\\"><span class=\\\"elementor-icon-list-text\\\">Careers<\\\/span><\\\/li>\\r\\n \\t<li class=\\\"elementor-icon-list-item\\\"><span class=\\\"elementor-icon-list-text\\\">Numbers Speak<\\\/span><\\\/li>\\r\\n<\\\/ul>\",\"filter\":true,\"visual\":true}},\"advanced-footer-widget-4\":{\"text-8\":{\"title\":\"Offices\",\"text\":\"<ul class=\\\"elementor-icon-list-items\\\">\\r\\n \\t<li class=\\\"elementor-icon-list-item\\\"><span class=\\\"elementor-icon-list-text\\\">Washington<\\\/span><\\\/li>\\r\\n \\t<li class=\\\"elementor-icon-list-item\\\"><span class=\\\"elementor-icon-list-text\\\">New York<\\\/span><\\\/li>\\r\\n \\t<li class=\\\"elementor-icon-list-item\\\"><span class=\\\"elementor-icon-list-text\\\">Philadelphia<\\\/span><\\\/li>\\r\\n \\t<li class=\\\"elementor-icon-list-item\\\"><span class=\\\"elementor-icon-list-text\\\">Detroit<\\\/span><\\\/li>\\r\\n \\t<li class=\\\"elementor-icon-list-item\\\"><span class=\\\"elementor-icon-list-text\\\">Chicago<\\\/span><\\\/li>\\r\\n<\\\/ul>\",\"filter\":true,\"visual\":true}},\"below-header-widget-2\":{\"astra-widget-social-profiles-2\":{\"title\":\"\",\"align\":\"inline\",\"icon-style\":\"circle\",\"color-type\":\"custom-color\",\"icon-color\":\"#ffffff\",\"bg-color\":\"#bdbad3\",\"icon-hover-color\":\"#ffffff\",\"bg-hover-color\":\"#4f2d7f\",\"width\":\"15\",\"space_btn_icon_text\":\"0\",\"space_btn_social_profiles\":\"10\",\"display-title\":false,\"list\":[{\"title\":\"\",\"link\":\"#\",\"link-target\":\"same-page\",\"nofollow\":\"disable\",\"icon\":\"{\\\"name\\\":\\\"linkedin-in\\\",\\\"path\\\":\\\"M100.3 448H7.4V148.9h92.9V448zM53.8 108.1C24.1 108.1 0 83.5 0 53.8S24.1 0 53.8 0s53.8 24.1 53.8 53.8-24.1 54.3-53.8 54.3zM448 448h-92.7V302.4c0-34.7-.7-79.2-48.3-79.2-48.3 0-55.7 37.7-55.7 76.7V448h-92.8V148.9h89.1v40.8h1.3c12.4-23.5 42.7-48.3 87.9-48.3 94 0 111.3 61.9 111.3 142.3V448h-.1z\\\",\\\"viewbox\\\":\\\"0 0 448.1 512\\\"}\"},{\"title\":\"\",\"link\":\"#\",\"link-target\":\"same-page\",\"nofollow\":\"disable\",\"icon\":\"{\\\"name\\\":\\\"facebook-f\\\",\\\"path\\\":\\\"M76.7 512V283H0v-91h76.7v-71.7C76.7 42.4 124.3 0 193.8 0c33.3 0 61.9 2.5 70.2 3.6V85h-48.2c-37.8 0-45.1 18-45.1 44.3V192H256l-11.7 91h-73.6v229\\\",\\\"viewbox\\\":\\\"0 0 264 512\\\"}\"},{\"title\":\"\",\"link\":\"#\",\"link-target\":\"same-page\",\"nofollow\":\"disable\",\"icon\":\"{\\\"name\\\":\\\"twitter\\\",\\\"path\\\":\\\"M459.37 151.716c.325 4.548.325 9.097.325 13.645 0 138.72-105.583 298.558-298.558 298.558-59.452 0-114.68-17.219-161.137-47.106 8.447.974 16.568 1.299 25.34 1.299 49.055 0 94.213-16.568 130.274-44.832-46.132-.975-84.792-31.188-98.112-72.772 6.498.974 12.995 1.624 19.818 1.624 9.421 0 18.843-1.3 27.614-3.573-48.081-9.747-84.143-51.98-84.143-102.985v-1.299c13.969 7.797 30.214 12.67 47.431 13.319-28.264-18.843-46.781-51.005-46.781-87.391 0-19.492 5.197-37.36 14.294-52.954 51.655 63.675 129.3 105.258 216.365 109.807-1.624-7.797-2.599-15.918-2.599-24.04 0-57.828 46.782-104.934 104.934-104.934 30.213 0 57.502 12.67 76.67 33.137 23.715-4.548 46.456-13.32 66.599-25.34-7.798 24.366-24.366 44.833-46.132 57.827 21.117-2.273 41.584-8.122 60.426-16.243-14.292 20.791-32.161 39.308-52.628 54.253z\\\",\\\"viewbox\\\":\\\"0 0 512 512\\\"}\"},{\"title\":\"\",\"link\":\"#\",\"link-target\":\"same-page\",\"nofollow\":\"disable\",\"icon\":\"{\\\"name\\\":\\\"envelope\\\",\\\"path\\\":\\\"M502.3 190.8c3.9-3.1 9.7-.2 9.7 4.7V400c0 26.5-21.5 48-48 48H48c-26.5 0-48-21.5-48-48V195.6c0-5 5.7-7.8 9.7-4.7 22.4 17.4 52.1 39.5 154.1 113.6 21.1 15.4 56.7 47.8 92.2 47.6 35.7.3 72-32.8 92.3-47.6 102-74.1 131.6-96.3 154-113.7zM256 320c23.2.4 56.6-29.2 73.4-41.4 132.7-96.3 142.8-104.7 173.4-128.7 5.8-4.5 9.2-11.5 9.2-18.9v-19c0-26.5-21.5-48-48-48H48C21.5 64 0 85.5 0 112v19c0 7.4 3.4 14.3 9.2 18.9 30.6 23.9 40.7 32.4 173.4 128.7 16.8 12.2 50.2 41.8 73.4 41.4z\\\",\\\"viewbox\\\":\\\"0 0 512 512\\\"}\"},{\"title\":\"\",\"link\":\"#\",\"link-target\":\"same-page\",\"nofollow\":\"disable\",\"icon\":\"{\\\"name\\\":\\\"youtube\\\",\\\"path\\\":\\\"M549.655 124.083c-6.281-23.65-24.787-42.276-48.284-48.597C458.781 64 288 64 288 64S117.22 64 74.629 75.486c-23.497 6.322-42.003 24.947-48.284 48.597-11.412 42.867-11.412 132.305-11.412 132.305s0 89.438 11.412 132.305c6.281 23.65 24.787 41.5 48.284 47.821C117.22 448 288 448 288 448s170.78 0 213.371-11.486c23.497-6.321 42.003-24.171 48.284-47.821 11.412-42.867 11.412-132.305 11.412-132.305s0-89.438-11.412-132.305zm-317.51 213.508V175.185l142.739 81.205-142.739 81.201z\\\",\\\"viewbox\\\":\\\"0 0 576 512\\\"}\"}]}}}","astra-site-customizer-data":{"astra-settings":{"blog-single-post-structure":["single-image"],"blog-single-width":"default","blog-single-max-width":1200,"blog-single-meta":["comments","category","author"],"blog-post-structure":["image","title-meta"],"blog-width":"default","blog-max-width":1200,"blog-post-content":"excerpt","blog-meta":["comments","category","author"],"text-color":"#2e3243","link-color":"#4f2d7f","theme-color":"#4f2d7f","link-h-color":"#4f2d7f","footer-bg-obj":{"background-color":"#4f2d7f","background-image":"","background-repeat":"repeat","background-position":"center center","background-size":"auto","background-attachment":"scroll"},"footer-color":"#b089bf","footer-link-color":"#e2c5e2","footer-link-h-color":"#ffffff","footer-adv-bg-obj":{"background-color":"#f2f5f7","background-image":"","background-repeat":"repeat","background-position":"center center","background-size":"auto","background-attachment":"scroll"},"footer-adv-text-color":"#2e3243","footer-adv-link-color":"","footer-adv-link-h-color":"","footer-adv-wgt-title-color":"#222222","button-color":"#ffffff","button-h-color":"#4f2d7f","button-bg-color":"rgba(0,0,0,0)","button-bg-h-color":"#ffffff","theme-button-padding":{"desktop":{"top":"16","right":"40","bottom":"16","left":"40"},"tablet":{"top":"","right":"","bottom":"","left":""},"mobile":{"top":"","right":"","bottom":"","left":""},"desktop-unit":"px","tablet-unit":"px","mobile-unit":"px"},"button-radius":50,"theme-button-border-group-border-size":{"top":"2","right":"2","bottom":"2","left":"2"},"footer-sml-layout":"footer-sml-layout-2","footer-sml-section-1":"custom","footer-sml-section-1-credit":"Copyright \u00a9 [current_year] [site_title] | <a href=\"#\">Credits<\/a>","footer-sml-section-2":"custom","footer-sml-section-2-credit":"Powered by [site_title]","footer-sml-dist-equal-align":true,"footer-sml-divider":0,"footer-sml-divider-color":"#7a7a7a","footer-layout-width":"content","ast-header-retina-logo":"https:\/\/websitedemos.net\/financial-accounting-03\/wp-content\/uploads\/sites\/240\/2018\/07\/site-logo@2x-free-img.png","ast-header-logo-width":"","ast-header-responsive-logo-width":{"desktop":"","tablet":"","mobile":""},"display-site-title":false,"display-site-tagline":0,"logo-title-inline":0,"disable-primary-nav":false,"header-layouts":"header-main-layout-1","header-main-rt-section":"none","header-display-outside-menu":"1","header-main-rt-section-html":"<button>Contact Us<\/button>","header-main-rt-section-button-text":"Button","header-main-rt-section-button-link":"https:\/\/www.wpastra.com","header-main-rt-section-button-link-option":{"url":"https:\/\/www.wpastra.com","new_tab":false,"link_rel":""},"header-main-rt-section-button-style":"theme-button","header-main-rt-section-button-text-color":"","header-main-rt-section-button-back-color":"","header-main-rt-section-button-text-h-color":"","header-main-rt-section-button-back-h-color":"","header-main-rt-section-button-padding":{"desktop":{"top":"","right":"","bottom":"","left":""},"tablet":{"top":"","right":"","bottom":"","left":""},"mobile":{"top":"","right":"","bottom":"","left":""}},"header-main-rt-section-button-border-size":{"top":"","right":"","bottom":"","left":""},"header-main-sep":0,"header-main-sep-color":"#ededed","header-main-layout-width":"content","primary-submenu-border":{"top":"1","bottom":"1","left":"1","right":"1"},"primary-submenu-item-border":1,"primary-submenu-b-color":"#eaeaea","primary-submenu-item-b-color":"#eaeaea","header-main-menu-label":"","header-main-menu-align":"inline","header-main-submenu-container-animation":"","mobile-header-breakpoint":"","mobile-header-logo":"","mobile-header-logo-width":"","site-layout":"ast-full-width-layout","site-content-width":1200,"site-layout-outside-bg-obj":{"background-color":"","background-image":"","background-repeat":"repeat","background-position":"center center","background-size":"auto","background-attachment":"scroll"},"site-content-layout":"boxed-container","single-page-content-layout":"default","single-post-content-layout":"default","archive-post-content-layout":"default","body-font-family":"'Barlow', sans-serif","body-font-variant":"400","body-font-weight":"400","font-size-body":{"desktop":"17","tablet":"","mobile":"","desktop-unit":"px","tablet-unit":"px","mobile-unit":"px"},"body-line-height":"1.8","para-margin-bottom":"","body-text-transform":"","headings-font-family":"'Barlow Condensed', sans-serif","headings-font-weight":"300","headings-text-transform":"","headings-line-height":"1.3","font-size-site-title":{"desktop":35,"tablet":"","mobile":"","desktop-unit":"px","tablet-unit":"px","mobile-unit":"px"},"font-size-site-tagline":{"desktop":15,"tablet":"","mobile":"","desktop-unit":"px","tablet-unit":"px","mobile-unit":"px"},"font-size-entry-title":{"desktop":30,"tablet":"","mobile":"","desktop-unit":"px","tablet-unit":"px","mobile-unit":"px"},"font-size-archive-summary-title":{"desktop":40,"tablet":"","mobile":"","desktop-unit":"px","tablet-unit":"px","mobile-unit":"px"},"font-size-page-title":{"desktop":"30","tablet":"","mobile":"","desktop-unit":"px","tablet-unit":"px","mobile-unit":"px"},"font-size-h1":{"desktop":"65","tablet":"","mobile":"","desktop-unit":"px","tablet-unit":"px","mobile-unit":"px"},"font-size-h2":{"desktop":"43","tablet":"","mobile":"","desktop-unit":"px","tablet-unit":"px","mobile-unit":"px"},"font-size-h3":{"desktop":"28","tablet":"","mobile":"","desktop-unit":"px","tablet-unit":"px","mobile-unit":"px"},"font-size-h4":{"desktop":"25","tablet":"","mobile":"","desktop-unit":"px","tablet-unit":"px","mobile-unit":"px"},"font-size-h5":{"desktop":"22","tablet":"","mobile":"","desktop-unit":"px","tablet-unit":"px","mobile-unit":"px"},"font-size-h6":{"desktop":"19","tablet":"","mobile":"","desktop-unit":"px","tablet-unit":"px","mobile-unit":"px"},"site-sidebar-layout":"no-sidebar","site-sidebar-width":30,"single-page-sidebar-layout":"default","single-post-sidebar-layout":"default","archive-post-sidebar-layout":"default","footer-adv":"disabled","footer-adv-border-width":"","footer-adv-border-color":"#7a7a7a","mobile-header-toggle-btn-style":"fill","hide-custom-menu-mobile":true,"mobile-header-toggle-target":"icon","transparent-header-logo":"","transparent-header-retina-logo":"","different-transparent-logo":0,"different-transparent-retina-logo":false,"transparent-header-logo-width":{"desktop":"","tablet":"","mobile":""},"transparent-header-enable":0,"transparent-header-disable-archive":1,"transparent-header-disable-latest-posts-index":1,"transparent-header-on-devices":"both","transparent-header-main-sep":0,"transparent-header-main-sep-color":"","transparent-header-bg-color":"","transparent-header-color-site-title":"","transparent-header-color-h-site-title":"","transparent-menu-bg-color":"","transparent-menu-color":"","transparent-menu-h-color":"","transparent-submenu-bg-color":"","transparent-submenu-color":"","transparent-submenu-h-color":"","transparent-header-bg-color-responsive":{"desktop":"","tablet":"","mobile":""},"transparent-header-color-site-title-responsive":{"desktop":"","tablet":"","mobile":""},"transparent-header-color-h-site-title-responsive":{"desktop":"","tablet":"","mobile":""},"transparent-menu-bg-color-responsive":{"desktop":"","tablet":"","mobile":""},"transparent-menu-color-responsive":{"desktop":"","tablet":"","mobile":""},"transparent-menu-h-color-responsive":{"desktop":"","tablet":"","mobile":""},"transparent-submenu-bg-color-responsive":{"desktop":"","tablet":"","mobile":""},"transparent-submenu-color-responsive":{"desktop":"","tablet":"","mobile":""},"transparent-submenu-h-color-responsive":{"desktop":"","tablet":"","mobile":""},"transparent-content-section-text-color-responsive":{"desktop":"","tablet":"","mobile":""},"transparent-content-section-link-color-responsive":{"desktop":"","tablet":"","mobile":""},"transparent-content-section-link-h-color-responsive":{"desktop":"","tablet":"","mobile":""},"breadcrumb-font-family":"inherit","breadcrumb-font-weight":"inherit","breadcrumb-text-transform":"","breadcrumb-text-color-responsive":{"desktop":"","tablet":"","mobile":""},"breadcrumb-active-color-responsive":{"desktop":"","tablet":"","mobile":""},"breadcrumb-hover-color-responsive":{"desktop":"","tablet":"","mobile":""},"breadcrumb-separator-color":{"desktop":"","tablet":"","mobile":""},"breadcrumb-bg-color":{"desktop":"","tablet":"","mobile":""},"breadcrumb-spacing":{"desktop":{"top":"","right":"","bottom":"","left":""},"tablet":{"top":"","right":"","bottom":"","left":""},"mobile":{"top":"","right":"","bottom":"","left":""},"desktop-unit":"px","tablet-unit":"px","mobile-unit":"px"},"h1-color":"","h2-color":"","h3-color":"","h4-color":"","h5-color":"","h6-color":"","font-family-h1":"inherit","font-weight-h1":"inherit","text-transform-h1":"","line-height-h1":"","font-family-h2":"inherit","font-weight-h2":"inherit","text-transform-h2":"","line-height-h2":"","font-family-h3":"inherit","font-weight-h3":"inherit","text-transform-h3":"uppercase","line-height-h3":"","font-weight-button":"500","font-family-button":"'Barlow', sans-serif","font-size-button":{"desktop":"","tablet":"","mobile":"","desktop-unit":"px","tablet-unit":"px","mobile-unit":"px"},"text-transform-button":"uppercase","theme-btn-line-height":1,"theme-btn-letter-spacing":"","header-main-rt-section-search-box-type":"slide-search","below-header-section-2-search-box-type":"slide-search","below-header-section-1-search-box-type":"slide-search","above-header-section-1-search-box-type":"slide-search","above-header-section-2-search-box-type":"slide-search","astra-addon-auto-version":"2.3.3","theme-auto-version":"2.3.4","content-bg-obj":{"background-color":"#ffffff","background-image":"","background-repeat":"repeat","background-position":"center center","background-size":"auto","background-attachment":"scroll"},"header-bg-obj":{"background-color":"#ffffff","background-image":"","background-repeat":"repeat","background-position":"center center","background-size":"cover","background-attachment":"scroll"},"sidebar-bg-obj":{"background-color":"","background-image":"","background-repeat":"repeat","background-position":"center center","background-size":"auto","background-attachment":"scroll"},"above-header-bg-obj":{"background-color":"","background-image":"","background-repeat":"repeat","background-position":"center center","background-size":"auto","background-attachment":"scroll"},"below-header-bg-obj":{"background-color":"#ffffff","background-image":"","background-repeat":"repeat","background-position":"center center","background-size":"auto","background-attachment":"scroll"},"below-header-layout":"below-header-layout-1","header-main-stick":false,"header-below-stick":false,"below-header-submenu-border":{"top":"0","bottom":"0","left":"0","right":"0"},"sticky-header-logo-width":{"desktop":"110","tablet":"","mobile":""},"sticky-header-style":"slide","sticky-header-on-devices":"both","font-weight-below-header-primary-menu":"400","font-weight-primary-menu":"normal","below-header-menu-text-color":"#1f2332","below-header-menu-text-hover-color":"#4f2d7f","below-header-menu-bg-hover-color":"","below-header-current-menu-text-color":"#4f2d7f","below-header-current-menu-bg-color":"#f2f5f7","font-size-footer-content":{"desktop":"12","tablet":"12","mobile":"12","desktop-unit":"px","tablet-unit":"px","mobile-unit":"px"},"line-height-footer-content":"1","primary-menu-a-bg-color":"","below-header-section-2":"widget","text-transform-footer-content":"uppercase","font-family-primary-menu":"inherit","header-bg-obj-responsive":{"desktop":{"background-color":"#ffffff","background-image":"","background-repeat":"repeat","background-position":"center center","background-size":"cover","background-attachment":"scroll"},"tablet":{"background-color":"","background-image":"","background-repeat":"no-repeat","background-position":"center center","background-size":"cover","background-attachment":"scroll"},"mobile":{"background-color":"","background-image":"","background-repeat":"no-repeat","background-position":"center center","background-size":"cover","background-attachment":"scroll"}},"above-header-bg-obj-responsive":{"desktop":{"background-color":"","background-image":"","background-repeat":"repeat","background-position":"center center","background-size":"auto","background-attachment":"scroll"},"tablet":{"background-color":"","background-image":"","background-repeat":"no-repeat","background-position":"center center","background-size":"cover","background-attachment":"scroll"},"mobile":{"background-color":"","background-image":"","background-repeat":"no-repeat","background-position":"center center","background-size":"cover","background-attachment":"scroll"}},"below-header-bg-obj-responsive":{"desktop":{"background-color":"#ffffff","background-image":"","background-repeat":"repeat","background-position":"center center","background-size":"auto","background-attachment":"scroll"},"tablet":{"background-color":"","background-image":"","background-repeat":"no-repeat","background-position":"center center","background-size":"cover","background-attachment":"scroll"},"mobile":{"background-color":"","background-image":"","background-repeat":"no-repeat","background-position":"center center","background-size":"cover","background-attachment":"scroll"}},"primary-menu-bg-color-responsive":{"desktop":"","tablet":"","mobile":""},"primary-menu-color-responsive":{"desktop":"","tablet":"","mobile":""},"primary-menu-h-bg-color-responsive":{"desktop":"","tablet":"","mobile":""},"primary-menu-h-color-responsive":{"desktop":"","tablet":"","mobile":""},"primary-menu-a-bg-color-responsive":{"desktop":"","tablet":"","mobile":""},"primary-menu-a-color-responsive":{"desktop":"","tablet":"","mobile":""},"primary-submenu-bg-color-responsive":{"desktop":"","tablet":"","mobile":""},"primary-submenu-color-responsive":{"desktop":"","tablet":"","mobile":""},"primary-submenu-h-bg-color-responsive":{"desktop":"","tablet":"","mobile":""},"primary-submenu-h-color-responsive":{"desktop":"","tablet":"","mobile":""},"primary-submenu-a-bg-color-responsive":{"desktop":"","tablet":"","mobile":""},"primary-submenu-a-color-responsive":{"desktop":"","tablet":"","mobile":""},"above-header-text-color-responsive":{"desktop":"","tablet":"","mobile":""},"above-header-link-color-responsive":{"desktop":"","tablet":"","mobile":""},"above-header-link-h-color-responsive":{"desktop":"","tablet":"","mobile":""},"above-header-menu-bg-color":{"desktop":"","tablet":"","mobile":""},"above-header-menu-color-responsive":{"desktop":"","tablet":"","mobile":""},"above-header-menu-h-color-responsive":{"desktop":"","tablet":"","mobile":""},"above-header-menu-h-bg-color-responsive":{"desktop":"","tablet":"","mobile":""},"above-header-menu-active-color-responsive":{"desktop":"","tablet":"","mobile":""},"above-header-menu-active-bg-color-responsive":{"desktop":"","tablet":"","mobile":""},"above-header-submenu-text-color-responsive":{"desktop":"","tablet":"","mobile":""},"above-header-submenu-bg-color-responsive":{"desktop":"","tablet":"","mobile":""},"above-header-submenu-hover-color-responsive":{"desktop":"","tablet":"","mobile":""},"above-header-submenu-bg-hover-color-responsive":{"desktop":"","tablet":"","mobile":""},"above-header-submenu-active-color-responsive":{"desktop":"","tablet":"","mobile":""},"above-header-submenu-active-bg-color-responsive":{"desktop":"","tablet":"","mobile":""},"below-header-text-color-responsive":{"desktop":"#ffffff","tablet":"","mobile":""},"below-header-link-hover-color-responsive":{"desktop":"#ffffff","tablet":"","mobile":""},"below-header-link-color-responsive":{"desktop":"#ffffff","tablet":"","mobile":""},"below-header-menu-text-color-responsive":{"desktop":"#1f2332","tablet":"","mobile":""},"below-header-menu-text-hover-color-responsive":{"desktop":"#4f2d7f","tablet":"","mobile":""},"below-header-menu-bg-hover-color-responsive":{"desktop":"","tablet":"","mobile":""},"below-header-current-menu-text-color-responsive":{"desktop":"#4f2d7f","tablet":"","mobile":""},"below-header-current-menu-bg-color-responsive":{"desktop":"#f2f5f7","tablet":"","mobile":""},"below-header-submenu-text-color-responsive":{"desktop":"","tablet":"","mobile":""},"below-header-submenu-bg-color-responsive":{"desktop":"","tablet":"","mobile":""},"below-header-submenu-hover-color-responsive":{"desktop":"","tablet":"","mobile":""},"below-header-submenu-bg-hover-color-responsive":{"desktop":"","tablet":"","mobile":""},"below-header-submenu-active-color-responsive":{"desktop":"","tablet":"","mobile":""},"below-header-submenu-active-bg-color-responsive":{"desktop":"","tablet":"","mobile":""},"above-header-menu-align":"inline","below-header-menu-align":"inline","primary-menu-bg-obj-responsive":{"desktop":{"background-color":"","background-image":"","background-repeat":"no-repeat","background-position":"center center","background-size":"cover","background-attachment":"scroll"},"tablet":{"background-color":"","background-image":"","background-repeat":"no-repeat","background-position":"center center","background-size":"cover","background-attachment":"scroll"},"mobile":{"background-color":"","background-image":"","background-repeat":"no-repeat","background-position":"center center","background-size":"cover","background-attachment":"scroll"}},"above-header-menu-bg-obj-responsive":{"desktop":{"background-color":"","background-image":"","background-repeat":"no-repeat","background-position":"center center","background-size":"cover","background-attachment":"scroll"},"tablet":{"background-color":"","background-image":"","background-repeat":"no-repeat","background-position":"center center","background-size":"cover","background-attachment":"scroll"},"mobile":{"background-color":"","background-image":"","background-repeat":"no-repeat","background-position":"center center","background-size":"cover","background-attachment":"scroll"}},"mobile-above-header-toggle-btn-style":"fill","mobile-below-header-toggle-btn-style":"fill","footer-adv-wgt-title-font-family":"'Barlow Condensed', sans-serif","footer-adv-wgt-title-font-weight":"400","footer-adv-wgt-content-font-family":"'Barlow', sans-serif","footer-adv-wgt-content-font-weight":"400","footer-adv-wgt-content-font-size":{"desktop":"14","tablet":"","mobile":"","desktop-unit":"px","tablet-unit":"px","mobile-unit":"px"},"footer-adv-wgt-content-line-height":"2.23","footer-adv-wgt-title-font-size":{"desktop":"26","tablet":"","mobile":"","desktop-unit":"px","tablet-unit":"px","mobile-unit":"px"},"footer-adv-wgt-title-line-height":"0","footer-adv-area-padding":{"desktop":{"top":"130","right":"","bottom":"100","left":""},"tablet":{"top":"","right":"","bottom":"","left":""},"mobile":{"top":"","right":"","bottom":"","left":""},"desktop-unit":"px","tablet-unit":"px","mobile-unit":"px"},"footer-adv-layout-width":"content","below-header-height":60,"sticky-header-color-site-title-responsive":{"desktop":"","tablet":"","mobile":""},"sticky-header-color-site-tagline-responsive":{"desktop":"","tablet":"","mobile":""},"sticky-header-color-h-site-title-responsive":{"desktop":"","tablet":"","mobile":""},"sticky-header-bg-color-responsive":{"desktop":"rgba(255,255,255,1)","tablet":"","mobile":""},"sticky-header-menu-bg-color-responsive":{"desktop":"","tablet":"","mobile":""},"sticky-header-menu-color-responsive":{"desktop":"","tablet":"","mobile":""},"sticky-header-menu-h-color-responsive":{"desktop":"","tablet":"","mobile":""},"sticky-header-menu-h-a-bg-color-responsive":{"desktop":"","tablet":"","mobile":""},"sticky-header-submenu-bg-color-responsive":{"desktop":"","tablet":"","mobile":""},"sticky-header-submenu-color-responsive":{"desktop":"","tablet":"","mobile":""},"sticky-header-submenu-h-color-responsive":{"desktop":"","tablet":"","mobile":""},"sticky-header-submenu-h-a-bg-color-responsive":{"desktop":"","tablet":"","mobile":""},"sticky-below-header-bg-color-responsive":{"desktop":"rgba(255,255,255,1)","tablet":"","mobile":""},"sticky-below-header-menu-bg-color-responsive":{"desktop":"","tablet":"","mobile":""},"sticky-below-header-menu-color-responsive":{"desktop":"#1f2332","tablet":"","mobile":""},"sticky-below-header-menu-h-color-responsive":{"desktop":"#4f2d7f","tablet":"","mobile":""},"sticky-below-header-menu-h-a-bg-color-responsive":{"desktop":"","tablet":"","mobile":""},"sticky-below-header-submenu-bg-color-responsive":{"desktop":"","tablet":"","mobile":""},"sticky-below-header-submenu-color-responsive":{"desktop":"","tablet":"","mobile":""},"sticky-below-header-submenu-h-color-responsive":{"desktop":"","tablet":"","mobile":""},"sticky-below-header-submenu-h-a-bg-color-responsive":{"desktop":"","tablet":"","mobile":""},"sticky-above-header-bg-color-responsive":{"desktop":"rgba(255,255,255,1)","tablet":"","mobile":""},"sticky-above-header-menu-bg-color-responsive":{"desktop":"","tablet":"","mobile":""},"sticky-above-header-menu-color-responsive":{"desktop":"","tablet":"","mobile":""},"sticky-above-header-menu-h-color-responsive":{"desktop":"","tablet":"","mobile":""},"sticky-above-header-menu-h-a-bg-color-responsive":{"desktop":"","tablet":"","mobile":""},"sticky-above-header-submenu-bg-color-responsive":{"desktop":"","tablet":"","mobile":""},"sticky-above-header-submenu-color-responsive":{"desktop":"","tablet":"","mobile":""},"sticky-above-header-submenu-h-color-responsive":{"desktop":"","tablet":"","mobile":""},"sticky-above-header-submenu-h-a-bg-color-responsive":{"desktop":"","tablet":"","mobile":""},"different-sticky-retina-logo":false,"different-retina-logo":"1","include-headings-in-typography":true,"above-header-submenu-border":{"top":"1","bottom":"1","left":"1","right":"1"},"above-header-submenu-item-border":1,"below-header-submenu-item-border":0,"above-nav-menu-pointer-effect":"none","below-nav-menu-pointer-effect":"none","above-header-submenu-border-color":"#eaeaea","below-header-submenu-container-animation":"","above-header-submenu-container-animation":"","nav-menu-pointer-effect":"none","submenu-below-header":false,"above-header-submenu-item-b-color":"#eaeaea","headings-font-variant":"","wc-header-cart-header-colors":false,"shop-quick-view-stick-cart":true,"button-v-padding":8,"button-h-padding":40,"_astra_pb_compatibility_completed":true,"submenu-open-below-header":false,"is_addon_queue_running":false,"heading-base-color":"#4f2d7f","theme-button-border-group-border-color":"#ffffff","mobile-header-toggle-btn-style-color":"#4f2d7f","is_astra_addon_queue_running":false,"is_theme_queue_running":false,"ele-default-color-typo-setting-comp":false},"custom-css":""},"astra-site-options-data":{"woocommerce_product_attributes":[],"woocommerce_product_cat_list":[],"woocommerce_product_cat":[],"custom_logo":"https:\/\/websitedemos.net\/financial-accounting-03\/wp-content\/uploads\/sites\/240\/2018\/07\/site-logo-free-img.png","nav_menu_locations":{"primary":"main-menu"},"show_on_front":"page","page_on_front":"Home","page_for_posts":"","_fl_builder_enabled_icons":["font-awesome-5-regular","font-awesome-5-solid","font-awesome-5-brands","foundation-icons","dashicons","ultimate-icons"],"_fl_builder_enabled_modules":["all","audio","html","photo","rich-text","video","sidebar","advanced-accordion","advanced-icon","blog-posts","advanced-tabs","uabb-business-hours","uabb-content-toggle","google-map","uabb-heading","image-icon","info-banner","info-box","info-list","info-table","interactive-banner-1","list-icon","uabb-photo","photo-gallery","pricing-box","uabb-separator","team","adv-testimonials","uabb-advanced-menu","advanced-separator","uabb-numbers","creative-link","dual-button","dual-color-heading","fancy-text","flip-box","image-separator","info-circle","interactive-banner-2","progress-bar","slide-box","ihover","uabb-beforeafterslider","uabb-countdown","uabb-hotspot","uabb-image-carousel","uabb-social-share","spacer-gap","uabb-button","uabb-contact-form7","uabb-call-to-action","uabb-contact-form","modal-popup","ribbon","mailchimp-subscribe-form","widget"],"_fl_builder_post_types":null,"_fl_builder_color_presets":["4f2d7f","ffffff","2e3243","f2f5f7","1f2332","878787","f4f4f4"],"_fl_builder_services":null,"_fl_builder_settings":{"show_default_heading":"0","default_heading_selector":".fl-post-header","row_margins":"0","row_margins_medium":"","row_margins_responsive":"","row_padding":"20","row_padding_medium":"","row_padding_responsive":"","row_width":"1200","row_width_default":"full","row_content_width_default":"fixed","module_margins":"20","module_margins_medium":"","module_margins_responsive":"","responsive_enabled":"1","auto_spacing":"1","medium_breakpoint":"992","responsive_breakpoint":"768","css":"","js":""},"_fl_builder_user_access":null,"_fl_builder_enabled_templates":null,"elementor_container_width":"1200","elementor_cpt_support":["post","page"],"elementor_css_print_method":"external","elementor_default_generic_fonts":"Sans-serif","elementor_disable_color_schemes":"yes","elementor_disable_typography_schemes":"yes","elementor_editor_break_lines":"","elementor_exclude_user_roles":null,"elementor_global_image_lightbox":"yes","elementor_page_title_selector":"","elementor_scheme_color":{"1":"#6ec1e4","2":"#54595f","3":"#7a7a7a","4":"#61ce70"},"elementor_scheme_color-picker]":null,"elementor_scheme_typography":{"1":{"font_family":"","font_weight":""},"2":{"font_family":"","font_weight":""},"3":{"font_family":"","font_weight":""},"4":{"font_family":"","font_weight":""}},"elementor_space_between_widgets":"","elementor_stretched_section_container":"","elementor_load_fa4_shim":null,"woocommerce_shop_page_title":"","woocommerce_cart_page_title":"","woocommerce_checkout_page_title":"","woocommerce_myaccount_page_title":"","woocommerce_edit_address_page_title":"","woocommerce_view_order_page_title":"","woocommerce_change_password_page_title":"","woocommerce_logout_page_title":"","woocommerce_enable_guest_checkout":null,"woocommerce_enable_checkout_login_reminder":null,"woocommerce_enable_signup_and_login_from_checkout":null,"woocommerce_enable_myaccount_registration":null,"woocommerce_registration_generate_username":null,"wpforms_settings":{"disable-css":"2","global-assets":false,"gdpr":false},"learndash_settings_theme_ld30":null,"learndash_settings_courses_themes":null},"astra-site-wxr-path":"https:\/\/websitedemos.net\/wp-content\/uploads\/astra-sites\/240\/wxr.xml","astra-site-give-path":"","astra-enabled-extensions":{"advanced-hooks":"advanced-hooks","blog-pro":"","colors-and-background":"","advanced-footer":"","header-sections":"","lifterlms":"","learndash":"","advanced-headers":"","site-layouts":"","spacing":"","sticky-header":"","scroll-to-top":"","transparent-header":"","typography":"","woocommerce":"","all":"all","mobile-header":"","edd":"","nav-menu":""},"astra-custom-404":"","featured-image-url":"https:\/\/websitedemos.net\/wp-content\/uploads\/2020\/03\/financial-accounting-04-home.jpg","astra-woocommerce-csv-path":"","astra-post-data-mapping":{"astra-advanced-hook":[{"post_id":113,"post_title":"Site footer","mapping":{"ast-advanced-hook-location":{"rule":["basic-global"],"specific":[]}}}],"astra_adv_header":[],"give_forms":[]},"astra-site-wpforms-path":"https:\/\/websitedemos.net\/wp-content\/uploads\/astra-sites\/240\/wpforms.json","astra-site-cartflows-path":"","astra-site-taxonomy-mapping":"","astra-site-parent-id":1486,"license-status":"valid","request_time":0.44737696647644043,"_links":{"self":[{"href":"https:\/\/websitedemos.net\/wp-json\/wp\/v2\/astra-sites\/45836"}],"collection":[{"href":"https:\/\/websitedemos.net\/wp-json\/wp\/v2\/astra-sites"}],"about":[{"href":"https:\/\/websitedemos.net\/wp-json\/wp\/v2\/types\/astra-sites"}],"author":[{"embeddable":true,"href":"https:\/\/websitedemos.net\/wp-json\/wp\/v2\/users\/122"}],"version-history":[{"count":1,"href":"https:\/\/websitedemos.net\/wp-json\/wp\/v2\/astra-sites\/45836\/revisions"}],"predecessor-version":[{"id":45847,"href":"https:\/\/websitedemos.net\/wp-json\/wp\/v2\/astra-sites\/45836\/revisions\/45847"}],"wp:featuredmedia":[{"embeddable":true,"href":"https:\/\/websitedemos.net\/wp-json\/wp\/v2\/media\/45833"}],"wp:attachment":[{"href":"https:\/\/websitedemos.net\/wp-json\/wp\/v2\/media?parent=45836"}],"wp:term":[{"taxonomy":"astra-site-category","embeddable":true,"href":"https:\/\/websitedemos.net\/wp-json\/wp\/v2\/astra-site-category?post=45836"},{"taxonomy":"astra-sites-type","embeddable":true,"href":"https:\/\/websitedemos.net\/wp-json\/wp\/v2\/astra-sites-type?post=45836"},{"taxonomy":"astra-site-page-builder","embeddable":true,"href":"https:\/\/websitedemos.net\/wp-json\/wp\/v2\/astra-site-page-builder?post=45836"},{"taxonomy":"astra-sites-tag","embeddable":true,"href":"https:\/\/websitedemos.net\/wp-json\/wp\/v2\/astra-sites-tag?post=45836"}],"curies":[{"name":"wp","href":"https:\/\/api.w.org\/{rel}","templated":true}]}}