{"id":45894,"date":"2020-05-21T17:23:19","date_gmt":"2020-05-21T11:53:19","guid":{"rendered":"https:\/\/websitedemos.net\/?post_type=astra-sites&#038;p=45894"},"modified":"2020-06-30T11:36:05","modified_gmt":"2020-06-30T06:06:05","slug":"__trashed-32","status":"publish","type":"astra-sites","link":"https:\/\/websitedemos.net\/astra-site\/__trashed-32\/","title":{"rendered":"Courier &amp; Delivery Services"},"content":{"rendered":"","protected":false},"author":39,"featured_media":45901,"template":"","astra-site-category":[27],"astra-sites-type":[40],"astra-site-page-builder":[33],"astra-sites-tag":[1498,1493,1494,1497,1495,1500,1496],"yoast_head":"<!-- This site is optimized with the Yoast SEO plugin v15.5 - https:\/\/yoast.com\/wordpress\/plugins\/seo\/ -->\n<title>Courier &amp; Delivery Services - Website Demos<\/title>\n<meta name=\"robots\" content=\"index, follow, max-snippet:-1, max-image-preview:large, max-video-preview:-1\" \/>\n<link rel=\"canonical\" href=\"https:\/\/websitedemos.net\/astra-site\/__trashed-32\/\" \/>\n<meta property=\"og:locale\" content=\"en_US\" \/>\n<meta property=\"og:type\" content=\"article\" \/>\n<meta property=\"og:title\" content=\"Courier &amp; Delivery Services - Website Demos\" \/>\n<meta property=\"og:url\" content=\"https:\/\/websitedemos.net\/astra-site\/__trashed-32\/\" \/>\n<meta property=\"og:site_name\" content=\"Website Demos\" \/>\n<meta property=\"article:modified_time\" content=\"2020-06-30T06:06:05+00:00\" \/>\n<meta property=\"og:image\" content=\"https:\/\/websitedemos.net\/wp-content\/uploads\/2020\/03\/courier-04-home.jpg\" \/>\n\t<meta property=\"og:image:width\" content=\"1200\" \/>\n\t<meta property=\"og:image:height\" content=\"3849\" \/>\n<meta name=\"twitter:card\" content=\"summary\" \/>\n<script type=\"application\/ld+json\" class=\"yoast-schema-graph\">{\"@context\":\"https:\/\/schema.org\",\"@graph\":[{\"@type\":\"WebSite\",\"@id\":\"https:\/\/websitedemos.net\/#website\",\"url\":\"https:\/\/websitedemos.net\/\",\"name\":\"Website Demos\",\"description\":\"The Fastest, Lightweight Ready Websites\",\"potentialAction\":[{\"@type\":\"SearchAction\",\"target\":\"https:\/\/websitedemos.net\/?s={search_term_string}\",\"query-input\":\"required name=search_term_string\"}],\"inLanguage\":\"en-US\"},{\"@type\":\"ImageObject\",\"@id\":\"https:\/\/websitedemos.net\/astra-site\/__trashed-32\/#primaryimage\",\"inLanguage\":\"en-US\",\"url\":\"https:\/\/websitedemos.net\/wp-content\/uploads\/2020\/03\/courier-04-home.jpg\",\"width\":1200,\"height\":3849},{\"@type\":\"WebPage\",\"@id\":\"https:\/\/websitedemos.net\/astra-site\/__trashed-32\/#webpage\",\"url\":\"https:\/\/websitedemos.net\/astra-site\/__trashed-32\/\",\"name\":\"Courier &amp; Delivery Services - Website Demos\",\"isPartOf\":{\"@id\":\"https:\/\/websitedemos.net\/#website\"},\"primaryImageOfPage\":{\"@id\":\"https:\/\/websitedemos.net\/astra-site\/__trashed-32\/#primaryimage\"},\"datePublished\":\"2020-05-21T11:53:19+00:00\",\"dateModified\":\"2020-06-30T06:06:05+00:00\",\"inLanguage\":\"en-US\",\"potentialAction\":[{\"@type\":\"ReadAction\",\"target\":[\"https:\/\/websitedemos.net\/astra-site\/__trashed-32\/\"]}]}]}<\/script>\n<!-- \/ Yoast SEO plugin. -->","astra-site-type":"premium","astra-site-thumbnail":"https:\/\/websitedemos.net\/wp-content\/uploads\/2020\/03\/courier-04-home-400x1283.jpg","required-plugins":[{"slug":"elementor","init":"elementor\/elementor.php","name":"Elementor"},{"slug":"header-footer-elementor","init":"header-footer-elementor\/header-footer-elementor.php","name":"Elementor - Header, Footer & Blocks"},{"slug":"wpforms-lite","init":"wpforms-lite\/wpforms.php","name":"WPForms Lite"}],"astra-site-url":"\/\/websitedemos.net\/courier-04","astra-site-open-in-new-tab":"0","astra-site-widgets-data":"{\"sidebar-1\":{\"search-2\":{\"title\":\"\"},\"recent-posts-2\":{\"title\":\"\",\"number\":5},\"recent-comments-2\":{\"title\":\"\",\"number\":5},\"archives-2\":{\"title\":\"\",\"count\":0,\"dropdown\":0},\"categories-2\":{\"title\":\"\",\"count\":0,\"hierarchical\":0,\"dropdown\":0},\"meta-2\":{\"title\":\"\"}}}","astra-site-customizer-data":{"astra-settings":{"blog-single-post-structure":["single-image","single-title-meta"],"blog-single-width":"default","blog-single-max-width":1200,"blog-single-meta":["comments","category","author"],"blog-post-structure":["image","title-meta"],"blog-width":"default","blog-max-width":1200,"blog-post-content":"excerpt","blog-meta":["comments","category","author"],"text-color":"#746b74","link-color":"#431942","theme-color":"#fd8d3b","link-h-color":"#fd8d3b","footer-bg-obj-responsive":{"desktop":{"background-color":"","background-image":"","background-repeat":"repeat","background-position":"center center","background-size":"auto","background-attachment":"scroll"},"tablet":{"background-color":"","background-image":"","background-repeat":"repeat","background-position":"center center","background-size":"auto","background-attachment":"scroll"},"mobile":{"background-color":"","background-image":"","background-repeat":"repeat","background-position":"center center","background-size":"auto","background-attachment":"scroll"}},"footer-color":"","footer-link-color":"","footer-link-h-color":"","footer-adv-bg-obj-responsive":{"desktop":{"background-color":"","background-image":"","background-repeat":"repeat","background-position":"center center","background-size":"auto","background-attachment":"scroll"},"tablet":{"background-color":"","background-image":"","background-repeat":"repeat","background-position":"center center","background-size":"auto","background-attachment":"scroll"},"mobile":{"background-color":"","background-image":"","background-repeat":"repeat","background-position":"center center","background-size":"auto","background-attachment":"scroll"}},"footer-adv-text-color":"","footer-adv-link-color":"","footer-adv-link-h-color":"","footer-adv-wgt-title-color":"","button-color":"rgba(255,255,255,0.87)","button-h-color":"#ffffff","button-bg-color":"#fd8d3b","button-bg-h-color":"","theme-button-padding":{"desktop":{"top":"15","right":"34","bottom":"15","left":"34"},"tablet":{"top":"","right":"","bottom":"","left":""},"mobile":{"top":"","right":"","bottom":"","left":""},"desktop-unit":"px","tablet-unit":"px","mobile-unit":"px"},"button-radius":100,"theme-button-border-group-border-size":{"top":"","right":"","bottom":"","left":""},"footer-sml-layout":"footer-sml-layout-1","footer-sml-section-1":"custom","footer-sml-section-1-credit":"Copyright \u00a9 [current_year] [site_title] | Powered by [site_title]","footer-sml-section-2":"","footer-sml-section-2-credit":"Copyright &copy; [current_year] [site_title] | Powered by [theme_author]","footer-sml-dist-equal-align":true,"footer-sml-divider":1,"footer-sml-divider-color":"#7a7a7a","footer-layout-width":"content","ast-header-retina-logo":"https:\/\/websitedemos.net\/courier-04\/wp-content\/uploads\/sites\/540\/2020\/01\/logo-retina-free-img.png","ast-header-logo-width":"","ast-header-responsive-logo-width":{"desktop":"","tablet":"","mobile":""},"display-site-title":false,"display-site-tagline":0,"logo-title-inline":1,"disable-primary-nav":false,"header-layouts":"header-main-layout-1","header-main-rt-section":"none","header-display-outside-menu":false,"header-main-rt-section-html":"<button>Contact Us<\/button>","header-main-rt-section-button-text":"Button","header-main-rt-section-button-link":"https:\/\/www.wpastra.com","header-main-rt-section-button-link-option":{"url":"https:\/\/www.wpastra.com","new_tab":false,"link_rel":""},"header-main-rt-section-button-style":"theme-button","header-main-rt-section-button-text-color":"","header-main-rt-section-button-back-color":"","header-main-rt-section-button-text-h-color":"","header-main-rt-section-button-back-h-color":"","header-main-rt-section-button-padding":{"desktop":{"top":"","right":"","bottom":"","left":""},"tablet":{"top":"","right":"","bottom":"","left":""},"mobile":{"top":"","right":"","bottom":"","left":""}},"header-main-rt-section-button-border-size":{"top":"","right":"","bottom":"","left":""},"header-main-sep":0,"header-main-sep-color":"","header-main-layout-width":"full","primary-submenu-border":{"top":"2","right":"0","bottom":"0","left":"0"},"primary-submenu-item-border":false,"primary-submenu-b-color":"","primary-submenu-item-b-color":"","primary-header-button-font-family":"inherit","primary-header-button-font-weight":"inherit","primary-header-button-font-size":{"desktop":"","tablet":"","mobile":"","desktop-unit":"px","tablet-unit":"px","mobile-unit":"px"},"primary-header-button-text-transform":"","primary-header-button-line-height":1,"primary-header-button-letter-spacing":"","header-main-menu-label":"","header-main-menu-align":"stack","header-main-submenu-container-animation":"fade","mobile-header-breakpoint":"","mobile-header-logo":"","mobile-header-logo-width":"","site-layout":"ast-full-width-layout","site-content-width":1140,"site-layout-outside-bg-obj-responsive":{"desktop":{"background-color":"","background-image":"","background-repeat":"repeat","background-position":"center center","background-size":"auto","background-attachment":"scroll"},"tablet":{"background-color":"","background-image":"","background-repeat":"repeat","background-position":"center center","background-size":"auto","background-attachment":"scroll"},"mobile":{"background-color":"","background-image":"","background-repeat":"repeat","background-position":"center center","background-size":"auto","background-attachment":"scroll"}},"site-content-layout":"boxed-container","single-page-content-layout":"default","single-post-content-layout":"default","archive-post-content-layout":"default","body-font-family":"'Open Sans', sans-serif","body-font-variant":"","body-font-weight":"600","font-size-body":{"desktop":"16","tablet":"","mobile":"","desktop-unit":"px","tablet-unit":"px","mobile-unit":"px"},"body-line-height":"","para-margin-bottom":"0.5","body-text-transform":"","headings-font-family":"'Poppins', sans-serif","headings-font-weight":"800","headings-text-transform":"uppercase","headings-line-height":"","font-size-site-title":{"desktop":35,"tablet":"","mobile":"","desktop-unit":"px","tablet-unit":"px","mobile-unit":"px"},"font-size-site-tagline":{"desktop":15,"tablet":"","mobile":"","desktop-unit":"px","tablet-unit":"px","mobile-unit":"px"},"font-size-entry-title":{"desktop":30,"tablet":"","mobile":"","desktop-unit":"px","tablet-unit":"px","mobile-unit":"px"},"font-size-archive-summary-title":{"desktop":40,"tablet":"","mobile":"","desktop-unit":"px","tablet-unit":"px","mobile-unit":"px"},"font-size-page-title":{"desktop":40,"tablet":"","mobile":"","desktop-unit":"px","tablet-unit":"px","mobile-unit":"px"},"font-size-h1":{"desktop":"85","tablet":"65","mobile":"35","desktop-unit":"px","tablet-unit":"px","mobile-unit":"px"},"font-size-h2":{"desktop":"50","tablet":"40","mobile":"34","desktop-unit":"px","tablet-unit":"px","mobile-unit":"px"},"font-size-h3":{"desktop":"36","tablet":"30","mobile":"30","desktop-unit":"px","tablet-unit":"px","mobile-unit":"px"},"font-size-h4":{"desktop":"27","tablet":"25","mobile":"","desktop-unit":"px","tablet-unit":"px","mobile-unit":"px"},"font-size-h5":{"desktop":"22","tablet":"20","mobile":"","desktop-unit":"px","tablet-unit":"px","mobile-unit":"px"},"font-size-h6":{"desktop":15,"tablet":"","mobile":"","desktop-unit":"px","tablet-unit":"px","mobile-unit":"px"},"site-sidebar-layout":"no-sidebar","site-sidebar-width":30,"single-page-sidebar-layout":"default","single-post-sidebar-layout":"default","archive-post-sidebar-layout":"default","footer-adv":"disabled","footer-adv-border-width":"","footer-adv-border-color":"#7a7a7a","mobile-header-toggle-btn-style":"outline","hide-custom-menu-mobile":1,"mobile-header-toggle-target":"icon","transparent-header-logo":"","transparent-header-retina-logo":"","different-transparent-logo":0,"different-transparent-retina-logo":0,"transparent-header-logo-width":{"desktop":"","tablet":"","mobile":""},"transparent-header-enable":0,"transparent-header-disable-archive":1,"transparent-header-disable-latest-posts-index":1,"transparent-header-on-devices":"both","transparent-header-main-sep":0,"transparent-header-main-sep-color":"","transparent-header-bg-color":"","transparent-header-color-site-title":"","transparent-header-color-h-site-title":"","transparent-menu-bg-color":"","transparent-menu-color":"","transparent-menu-h-color":"","transparent-submenu-bg-color":"","transparent-submenu-color":"","transparent-submenu-h-color":"","transparent-header-bg-color-responsive":{"desktop":"","tablet":"","mobile":""},"transparent-header-color-site-title-responsive":{"desktop":"","tablet":"","mobile":""},"transparent-header-color-h-site-title-responsive":{"desktop":"","tablet":"","mobile":""},"transparent-menu-bg-color-responsive":{"desktop":"","tablet":"","mobile":""},"transparent-menu-color-responsive":{"desktop":"#ffffff","tablet":"#746b74","mobile":""},"transparent-menu-h-color-responsive":{"desktop":"#fd8d3b","tablet":"","mobile":""},"transparent-submenu-bg-color-responsive":{"desktop":"","tablet":"","mobile":""},"transparent-submenu-color-responsive":{"desktop":"","tablet":"","mobile":""},"transparent-submenu-h-color-responsive":{"desktop":"","tablet":"","mobile":""},"transparent-content-section-text-color-responsive":{"desktop":"","tablet":"","mobile":""},"transparent-content-section-link-color-responsive":{"desktop":"","tablet":"","mobile":""},"transparent-content-section-link-h-color-responsive":{"desktop":"","tablet":"","mobile":""},"breadcrumb-font-family":"inherit","breadcrumb-font-weight":"inherit","breadcrumb-text-transform":"","breadcrumb-text-color-responsive":{"desktop":"","tablet":"","mobile":""},"breadcrumb-active-color-responsive":{"desktop":"","tablet":"","mobile":""},"breadcrumb-hover-color-responsive":{"desktop":"","tablet":"","mobile":""},"breadcrumb-separator-color":{"desktop":"","tablet":"","mobile":""},"breadcrumb-bg-color":{"desktop":"","tablet":"","mobile":""},"breadcrumb-spacing":{"desktop":{"top":"","right":"","bottom":"","left":""},"tablet":{"top":"","right":"","bottom":"","left":""},"mobile":{"top":"","right":"","bottom":"","left":""},"desktop-unit":"px","tablet-unit":"px","mobile-unit":"px"},"h1-color":"","h2-color":"","h3-color":"","h4-color":"","h5-color":"","h6-color":"","font-family-h1":"inherit","font-weight-h1":"inherit","text-transform-h1":"","line-height-h1":"1.15","font-family-h2":"inherit","font-weight-h2":"inherit","text-transform-h2":"","line-height-h2":"","font-family-h3":"inherit","font-weight-h3":"inherit","text-transform-h3":"","line-height-h3":"","font-weight-button":"inherit","font-family-button":"inherit","font-size-button":{"desktop":"15","tablet":"","mobile":"","desktop-unit":"px","tablet-unit":"px","mobile-unit":"px"},"text-transform-button":"uppercase","theme-btn-line-height":1,"theme-btn-letter-spacing":"","header-main-rt-section-search-box-type":"slide-search","below-header-section-2-search-box-type":"slide-search","below-header-section-1-search-box-type":"slide-search","above-header-section-1-search-box-type":"slide-search","above-header-section-2-search-box-type":"slide-search","astra-addon-auto-version":"2.5.1","theme-auto-version":"2.5.0","_astra_pb_compatibility_completed":true,"is_addon_queue_running":true,"site-layout-outside-bg-obj":{"background-color":"","background-image":"","background-repeat":"repeat","background-position":"center center","background-size":"auto","background-attachment":"scroll"},"different-retina-logo":true,"mobile-header-toggle-btn-border-radius":5,"headings-font-variant":"","heading-base-color":"#431942","mobile-header-toggle-btn-style-color":"#ffffff","is_astra_addon_queue_running":false,"ele-default-color-typo-setting-comp":false,"is_theme_queue_running":false,"gtn-full-wide-image-grp-css":false,"gtn-full-wide-grp-cover-css":false},"custom-css":""},"astra-site-options-data":{"woocommerce_product_attributes":[],"woocommerce_product_cat_list":[],"woocommerce_product_cat":[],"custom_logo":"https:\/\/websitedemos.net\/courier-04\/wp-content\/uploads\/sites\/540\/2020\/01\/logo-regular-free-img.png","nav_menu_locations":{"primary":"menu"},"show_on_front":"page","page_on_front":"Home","page_for_posts":"","_fl_builder_enabled_icons":null,"_fl_builder_enabled_modules":null,"_fl_builder_post_types":null,"_fl_builder_color_presets":null,"_fl_builder_services":null,"_fl_builder_settings":null,"_fl_builder_user_access":null,"_fl_builder_enabled_templates":null,"elementor_container_width":"","elementor_cpt_support":["post","page"],"elementor_css_print_method":"external","elementor_default_generic_fonts":"Sans-serif","elementor_disable_color_schemes":"yes","elementor_disable_typography_schemes":"yes","elementor_editor_break_lines":"","elementor_exclude_user_roles":null,"elementor_global_image_lightbox":"yes","elementor_page_title_selector":"","elementor_scheme_color":{"1":"#6ec1e4","2":"#54595f","3":"#7a7a7a","4":"#61ce70"},"elementor_scheme_color-picker]":{"1":"#6ec1e4","2":"#54595f","3":"#7a7a7a","4":"#61ce70","5":"#4054b2","6":"#23a455","7":"#000","8":"#fff","9":"#FD8D3B"},"elementor_scheme_typography":{"1":{"font_family":"Roboto","font_weight":"600"},"2":{"font_family":"Roboto Slab","font_weight":"400"},"3":{"font_family":"Roboto","font_weight":"400"},"4":{"font_family":"Roboto","font_weight":"500"}},"elementor_space_between_widgets":"","elementor_stretched_section_container":"","elementor_load_fa4_shim":"","elementor_active_kit":"218","woocommerce_shop_page_title":"","woocommerce_cart_page_title":"","woocommerce_checkout_page_title":"","woocommerce_myaccount_page_title":"","woocommerce_edit_address_page_title":"","woocommerce_view_order_page_title":"","woocommerce_change_password_page_title":"","woocommerce_logout_page_title":"","woocommerce_enable_guest_checkout":null,"woocommerce_enable_checkout_login_reminder":null,"woocommerce_enable_signup_and_login_from_checkout":"no","woocommerce_enable_myaccount_registration":"no","woocommerce_registration_generate_username":"no","wpforms_settings":{"disable-css":"2","global-assets":false,"gdpr":false},"learndash_settings_theme_ld30":null,"learndash_settings_courses_themes":null},"astra-site-wxr-path":"https:\/\/websitedemos.net\/wp-content\/uploads\/astra-sites\/540\/wxr.xml","astra-site-give-path":"","astra-enabled-extensions":{"advanced-hooks":false,"blog-pro":false,"colors-and-background":false,"advanced-footer":false,"mobile-header":false,"header-sections":false,"lifterlms":false,"learndash":false,"advanced-headers":false,"site-layouts":false,"spacing":false,"sticky-header":false,"scroll-to-top":false,"transparent-header":false,"typography":false,"woocommerce":false,"edd":false,"nav-menu":false,"all":"all"},"astra-custom-404":"","featured-image-url":"https:\/\/websitedemos.net\/wp-content\/uploads\/2020\/03\/courier-04-home.jpg","astra-woocommerce-csv-path":"","astra-post-data-mapping":{"astra-advanced-hook":[],"astra_adv_header":[],"give_forms":[],"ld_landing_pages":[]},"astra-site-wpforms-path":"https:\/\/websitedemos.net\/wp-content\/uploads\/astra-sites\/540\/wpforms.json","astra-site-cartflows-path":"","astra-site-taxonomy-mapping":"","astra-site-parent-id":1492,"license-status":"valid","request_time":0.507378101348877,"_links":{"self":[{"href":"https:\/\/websitedemos.net\/wp-json\/wp\/v2\/astra-sites\/45894"}],"collection":[{"href":"https:\/\/websitedemos.net\/wp-json\/wp\/v2\/astra-sites"}],"about":[{"href":"https:\/\/websitedemos.net\/wp-json\/wp\/v2\/types\/astra-sites"}],"author":[{"embeddable":true,"href":"https:\/\/websitedemos.net\/wp-json\/wp\/v2\/users\/39"}],"version-history":[{"count":6,"href":"https:\/\/websitedemos.net\/wp-json\/wp\/v2\/astra-sites\/45894\/revisions"}],"predecessor-version":[{"id":46563,"href":"https:\/\/websitedemos.net\/wp-json\/wp\/v2\/astra-sites\/45894\/revisions\/46563"}],"wp:featuredmedia":[{"embeddable":true,"href":"https:\/\/websitedemos.net\/wp-json\/wp\/v2\/media\/45901"}],"wp:attachment":[{"href":"https:\/\/websitedemos.net\/wp-json\/wp\/v2\/media?parent=45894"}],"wp:term":[{"taxonomy":"astra-site-category","embeddable":true,"href":"https:\/\/websitedemos.net\/wp-json\/wp\/v2\/astra-site-category?post=45894"},{"taxonomy":"astra-sites-type","embeddable":true,"href":"https:\/\/websitedemos.net\/wp-json\/wp\/v2\/astra-sites-type?post=45894"},{"taxonomy":"astra-site-page-builder","embeddable":true,"href":"https:\/\/websitedemos.net\/wp-json\/wp\/v2\/astra-site-page-builder?post=45894"},{"taxonomy":"astra-sites-tag","embeddable":true,"href":"https:\/\/websitedemos.net\/wp-json\/wp\/v2\/astra-sites-tag?post=45894"}],"curies":[{"name":"wp","href":"https:\/\/api.w.org\/{rel}","templated":true}]}}