{"id":47609,"date":"2020-09-24T15:30:12","date_gmt":"2020-09-24T10:00:12","guid":{"rendered":"https:\/\/websitedemos.net\/?post_type=astra-sites&#038;p=47609"},"modified":"2020-09-25T15:16:31","modified_gmt":"2020-09-25T09:46:31","slug":"online-furniture-store","status":"publish","type":"astra-sites","link":"https:\/\/websitedemos.net\/astra-site\/online-furniture-store\/","title":{"rendered":"Furniture Store"},"content":{"rendered":"","protected":false},"author":12,"featured_media":47614,"template":"","astra-site-category":[27,38],"astra-sites-type":[40],"astra-site-page-builder":[33],"astra-sites-tag":[856,749],"yoast_head":"<!-- This site is optimized with the Yoast SEO plugin v15.5 - https:\/\/yoast.com\/wordpress\/plugins\/seo\/ -->\n<title>Furniture Store - Website Demos<\/title>\n<meta name=\"robots\" content=\"index, follow, max-snippet:-1, max-image-preview:large, max-video-preview:-1\" \/>\n<link rel=\"canonical\" href=\"https:\/\/websitedemos.net\/astra-site\/online-furniture-store\/\" \/>\n<meta property=\"og:locale\" content=\"en_US\" \/>\n<meta property=\"og:type\" content=\"article\" \/>\n<meta property=\"og:title\" content=\"Furniture Store - Website Demos\" \/>\n<meta property=\"og:url\" content=\"https:\/\/websitedemos.net\/astra-site\/online-furniture-store\/\" \/>\n<meta property=\"og:site_name\" content=\"Website Demos\" \/>\n<meta property=\"article:modified_time\" content=\"2020-09-25T09:46:31+00:00\" \/>\n<meta property=\"og:image\" content=\"https:\/\/websitedemos.net\/wp-content\/uploads\/2020\/09\/home-decor-04.jpg\" \/>\n\t<meta property=\"og:image:width\" content=\"1200\" \/>\n\t<meta property=\"og:image:height\" content=\"5378\" \/>\n<meta name=\"twitter:card\" content=\"summary\" \/>\n<script type=\"application\/ld+json\" class=\"yoast-schema-graph\">{\"@context\":\"https:\/\/schema.org\",\"@graph\":[{\"@type\":\"WebSite\",\"@id\":\"https:\/\/websitedemos.net\/#website\",\"url\":\"https:\/\/websitedemos.net\/\",\"name\":\"Website Demos\",\"description\":\"The Fastest, Lightweight Ready Websites\",\"potentialAction\":[{\"@type\":\"SearchAction\",\"target\":\"https:\/\/websitedemos.net\/?s={search_term_string}\",\"query-input\":\"required name=search_term_string\"}],\"inLanguage\":\"en-US\"},{\"@type\":\"ImageObject\",\"@id\":\"https:\/\/websitedemos.net\/astra-site\/online-furniture-store\/#primaryimage\",\"inLanguage\":\"en-US\",\"url\":\"https:\/\/websitedemos.net\/wp-content\/uploads\/2020\/09\/home-decor-04.jpg\",\"width\":1200,\"height\":5378},{\"@type\":\"WebPage\",\"@id\":\"https:\/\/websitedemos.net\/astra-site\/online-furniture-store\/#webpage\",\"url\":\"https:\/\/websitedemos.net\/astra-site\/online-furniture-store\/\",\"name\":\"Furniture Store - Website Demos\",\"isPartOf\":{\"@id\":\"https:\/\/websitedemos.net\/#website\"},\"primaryImageOfPage\":{\"@id\":\"https:\/\/websitedemos.net\/astra-site\/online-furniture-store\/#primaryimage\"},\"datePublished\":\"2020-09-24T10:00:12+00:00\",\"dateModified\":\"2020-09-25T09:46:31+00:00\",\"inLanguage\":\"en-US\",\"potentialAction\":[{\"@type\":\"ReadAction\",\"target\":[\"https:\/\/websitedemos.net\/astra-site\/online-furniture-store\/\"]}]}]}<\/script>\n<!-- \/ Yoast SEO plugin. -->","astra-site-type":"premium","astra-site-thumbnail":"https:\/\/websitedemos.net\/wp-content\/uploads\/2020\/09\/home-decor-04-400x1793.jpg","required-plugins":[{"slug":"astra-addon","init":"astra-addon\/astra-addon.php","name":"Astra Pro"},{"slug":"elementor","init":"elementor\/elementor.php","name":"Elementor"},{"slug":"header-footer-elementor","init":"header-footer-elementor\/header-footer-elementor.php","name":"Elementor - Header, Footer & Blocks"},{"slug":"woocommerce","init":"woocommerce\/woocommerce.php","name":"WooCommerce"},{"slug":"wpforms-lite","init":"wpforms-lite\/wpforms.php","name":"WPForms Lite"}],"astra-site-url":"\/\/websitedemos.net\/home-decor-04","astra-site-open-in-new-tab":"0","astra-site-widgets-data":"{\"sidebar-1\":{\"search-2\":{\"title\":\"\"},\"recent-posts-2\":{\"title\":\"\",\"number\":5},\"recent-comments-2\":{\"title\":\"\",\"number\":5},\"archives-2\":{\"title\":\"\",\"count\":0,\"dropdown\":0},\"categories-2\":{\"title\":\"\",\"count\":0,\"hierarchical\":0,\"dropdown\":0},\"meta-2\":{\"title\":\"\"}},\"astra-woo-shop-sidebar\":{\"woocommerce_product_search-3\":[],\"woocommerce_layered_nav_filters-3\":[],\"woocommerce_product_categories-3\":{\"title\":\"Categories\",\"orderby\":\"name\",\"dropdown\":0,\"count\":0,\"hierarchical\":1,\"show_children_only\":1,\"hide_empty\":1,\"max_depth\":\"\"},\"woocommerce_recently_viewed_products-3\":[]},\"astra-woo-product-off-canvas-sidebar\":{\"woocommerce_product_search-5\":[],\"woocommerce_price_filter-3\":[],\"woocommerce_product_categories-5\":{\"title\":\"Product categories\",\"orderby\":\"name\",\"dropdown\":0,\"count\":1,\"hierarchical\":0,\"show_children_only\":0,\"hide_empty\":0,\"max_depth\":\"\"}}}","astra-site-customizer-data":{"astra-settings":{"blog-single-post-structure":["single-image","single-title-meta"],"blog-single-width":"default","blog-single-max-width":1200,"blog-single-meta":["comments","category","author"],"blog-post-structure":["image","title-meta"],"blog-width":"default","blog-max-width":1200,"blog-post-content":"excerpt","blog-meta":["comments","category","author"],"text-color":"#6c6c6c","link-color":"#000000","theme-color":"#edb932","link-h-color":"#edb932","footer-bg-obj":{"background-color":"","background-image":"","background-repeat":"repeat","background-position":"center center","background-size":"auto","background-attachment":"scroll"},"footer-color":"","footer-link-color":"","footer-link-h-color":"","footer-adv-bg-obj":{"background-color":"","background-image":"","background-repeat":"repeat","background-position":"center center","background-size":"auto","background-attachment":"scroll"},"footer-adv-text-color":"","footer-adv-link-color":"","footer-adv-link-h-color":"","footer-adv-wgt-title-color":"","button-color":"#ffffff","button-h-color":"#1a1a1a","button-bg-color":"#1a1a1a","button-bg-h-color":"#ffffff","theme-button-padding":{"desktop":{"top":"13","right":"30","bottom":"13","left":"30"},"tablet":{"top":"12","right":"32","bottom":"12","left":"32"},"mobile":{"top":"","right":"","bottom":"","left":""},"desktop-unit":"px","tablet-unit":"px","mobile-unit":"px"},"button-radius":0,"theme-button-border-group-border-size":{"top":"1","right":"1","bottom":"1","left":"1"},"footer-sml-layout":"footer-sml-layout-1","footer-sml-section-1":"custom","footer-sml-section-1-credit":"Copyright &copy; [current_year] [site_title] | Powered by [theme_author]","footer-sml-section-2":"","footer-sml-section-2-credit":"Copyright &copy; [current_year] [site_title] | Powered by [theme_author]","footer-sml-dist-equal-align":true,"footer-sml-divider":1,"footer-sml-divider-color":"#7a7a7a","footer-layout-width":"content","ast-header-retina-logo":"","ast-header-logo-width":"","ast-header-responsive-logo-width":{"desktop":"140","tablet":"","mobile":"120"},"display-site-title":false,"display-site-tagline":0,"logo-title-inline":1,"disable-primary-nav":false,"header-layouts":"header-main-layout-1","header-main-rt-section":"woocommerce","header-display-outside-menu":true,"header-main-rt-section-html":"<button>Contact Us<\/button>","header-main-rt-section-button-text":"Button","header-main-rt-section-button-link":"https:\/\/www.wpastra.com","header-main-rt-section-button-link-option":{"url":"https:\/\/www.wpastra.com","new_tab":false,"link_rel":""},"header-main-rt-section-button-style":"theme-button","header-main-rt-section-button-text-color":"","header-main-rt-section-button-back-color":"","header-main-rt-section-button-text-h-color":"","header-main-rt-section-button-back-h-color":"","header-main-rt-section-button-padding":{"desktop":{"top":"","right":"","bottom":"","left":""},"tablet":{"top":"","right":"","bottom":"","left":""},"mobile":{"top":"","right":"","bottom":"","left":""}},"header-main-rt-section-button-border-size":{"top":"","right":"","bottom":"","left":""},"header-main-sep":0,"header-main-sep-color":"","header-main-layout-width":"content","primary-submenu-border":{"top":"2","right":"0","bottom":"0","left":"0"},"primary-submenu-item-border":false,"primary-submenu-b-color":"","primary-submenu-item-b-color":"","primary-header-button-font-family":"inherit","primary-header-button-font-weight":"inherit","primary-header-button-font-size":{"desktop":"","tablet":"","mobile":"","desktop-unit":"px","tablet-unit":"px","mobile-unit":"px"},"primary-header-button-text-transform":"","primary-header-button-line-height":1,"primary-header-button-letter-spacing":"","header-main-menu-label":"","header-main-menu-align":"inline","header-main-submenu-container-animation":"fade","mobile-header-breakpoint":"","mobile-header-logo":"","mobile-header-logo-width":"","site-layout":"ast-full-width-layout","site-content-width":1200,"site-layout-outside-bg-obj-responsive":{"desktop":{"background-color":"#f9f9f9","background-image":"","background-repeat":"repeat","background-position":"center center","background-size":"auto","background-attachment":"scroll"},"tablet":{"background-color":"","background-image":"","background-repeat":"repeat","background-position":"center center","background-size":"auto","background-attachment":"scroll"},"mobile":{"background-color":"","background-image":"","background-repeat":"repeat","background-position":"center center","background-size":"auto","background-attachment":"scroll"}},"site-content-layout":"boxed-container","single-page-content-layout":"default","single-post-content-layout":"default","archive-post-content-layout":"default","body-font-family":"'Roboto', sans-serif","body-font-variant":"400,500","body-font-weight":"400","font-size-body":{"desktop":"16","tablet":"","mobile":"","desktop-unit":"px","tablet-unit":"px","mobile-unit":"px"},"body-line-height":"","para-margin-bottom":"1","body-text-transform":"","headings-font-family":"'Poppins', sans-serif","headings-font-weight":"600","headings-text-transform":"capitalize","headings-line-height":"1.1","font-size-site-title":{"desktop":35,"tablet":"","mobile":"","desktop-unit":"px","tablet-unit":"px","mobile-unit":"px"},"font-size-site-tagline":{"desktop":15,"tablet":"","mobile":"","desktop-unit":"px","tablet-unit":"px","mobile-unit":"px"},"font-size-entry-title":{"desktop":30,"tablet":"","mobile":"","desktop-unit":"px","tablet-unit":"px","mobile-unit":"px"},"font-size-archive-summary-title":{"desktop":40,"tablet":"","mobile":"","desktop-unit":"px","tablet-unit":"px","mobile-unit":"px"},"font-size-page-title":{"desktop":40,"tablet":"","mobile":"","desktop-unit":"px","tablet-unit":"px","mobile-unit":"px"},"font-size-h1":{"desktop":"48","tablet":"40","mobile":"","desktop-unit":"px","tablet-unit":"px","mobile-unit":"px"},"font-size-h2":{"desktop":"40","tablet":"","mobile":"","desktop-unit":"px","tablet-unit":"px","mobile-unit":"px"},"font-size-h3":{"desktop":"32","tablet":"","mobile":"","desktop-unit":"px","tablet-unit":"px","mobile-unit":"px"},"font-size-h4":{"desktop":"24","tablet":"","mobile":"","desktop-unit":"px","tablet-unit":"px","mobile-unit":"px"},"font-size-h5":{"desktop":"16","tablet":"","mobile":"","desktop-unit":"px","tablet-unit":"px","mobile-unit":"px"},"font-size-h6":{"desktop":"12","tablet":"","mobile":"","desktop-unit":"px","tablet-unit":"px","mobile-unit":"px"},"site-sidebar-layout":"no-sidebar","site-sidebar-width":25,"single-page-sidebar-layout":"default","single-post-sidebar-layout":"default","archive-post-sidebar-layout":"default","footer-adv":"disabled","footer-adv-border-width":"","footer-adv-border-color":"#7a7a7a","mobile-header-toggle-btn-style":"minimal","hide-custom-menu-mobile":false,"mobile-header-toggle-target":"icon","woocommerce-content-layout":"default","woocommerce-sidebar-layout":"default","single-product-sidebar-layout":"no-sidebar","shop-grids":{"desktop":"4","tablet":"3","mobile":"2"},"shop-no-of-products":"12","shop-product-structure":["category","title","price","ratings"],"shop-hover-style":"","single-product-breadcrumb-disable":false,"enable-cart-upsells":true,"shop-archive-width":"default","shop-archive-max-width":1200,"transparent-header-logo":"https:\/\/websitedemos.net\/home-decor-04\/wp-content\/uploads\/sites\/644\/2020\/08\/kayuu-logo-white.svg","transparent-header-retina-logo":"","different-transparent-logo":true,"different-transparent-retina-logo":false,"transparent-header-logo-width":{"desktop":"","tablet":"","mobile":"120"},"transparent-header-enable":0,"transparent-header-disable-archive":1,"transparent-header-disable-latest-posts-index":1,"transparent-header-on-devices":"both","transparent-header-main-sep":1,"transparent-header-main-sep-color":"rgba(255,255,255,0.08)","transparent-header-bg-color":"","transparent-header-color-site-title":"","transparent-header-color-h-site-title":"","transparent-menu-bg-color":"","transparent-menu-color":"","transparent-menu-h-color":"","transparent-submenu-bg-color":"","transparent-submenu-color":"","transparent-submenu-h-color":"","transparent-header-bg-color-responsive":{"desktop":"","tablet":"","mobile":""},"transparent-header-color-site-title-responsive":{"desktop":"","tablet":"","mobile":""},"transparent-header-color-h-site-title-responsive":{"desktop":"","tablet":"","mobile":""},"transparent-menu-bg-color-responsive":{"desktop":"","tablet":"","mobile":""},"transparent-menu-color-responsive":{"desktop":"rgba(255,255,255,0.64)","tablet":"#1a1a1a","mobile":""},"transparent-menu-h-color-responsive":{"desktop":"#ffffff","tablet":"#edb932","mobile":""},"transparent-submenu-bg-color-responsive":{"desktop":"","tablet":"","mobile":""},"transparent-submenu-color-responsive":{"desktop":"","tablet":"","mobile":""},"transparent-submenu-h-color-responsive":{"desktop":"","tablet":"","mobile":""},"transparent-content-section-text-color-responsive":{"desktop":"#707070","tablet":"","mobile":""},"transparent-content-section-link-color-responsive":{"desktop":"#383838","tablet":"","mobile":""},"transparent-content-section-link-h-color-responsive":{"desktop":"#000000","tablet":"","mobile":""},"breadcrumb-font-family":"inherit","breadcrumb-font-weight":"inherit","breadcrumb-text-transform":"","breadcrumb-text-color-responsive":{"desktop":"","tablet":"","mobile":""},"breadcrumb-active-color-responsive":{"desktop":"","tablet":"","mobile":""},"breadcrumb-hover-color-responsive":{"desktop":"","tablet":"","mobile":""},"breadcrumb-separator-color":{"desktop":"","tablet":"","mobile":""},"breadcrumb-bg-color":{"desktop":"","tablet":"","mobile":""},"breadcrumb-spacing":{"desktop":{"top":"","right":"","bottom":"","left":""},"tablet":{"top":"","right":"","bottom":"","left":""},"mobile":{"top":"","right":"","bottom":"","left":""},"desktop-unit":"px","tablet-unit":"px","mobile-unit":"px"},"h1-color":"","h2-color":"","h3-color":"","h4-color":"","h5-color":"","h6-color":"","font-family-h1":"inherit","font-weight-h1":"inherit","text-transform-h1":"","line-height-h1":"","font-family-h2":"inherit","font-weight-h2":"inherit","text-transform-h2":"","line-height-h2":"","font-family-h3":"inherit","font-weight-h3":"inherit","text-transform-h3":"","line-height-h3":"","font-weight-button":"500","font-family-button":"'Poppins', sans-serif","font-size-button":{"desktop":"12","tablet":"","mobile":"","desktop-unit":"px","tablet-unit":"px","mobile-unit":"px"},"text-transform-button":"uppercase","theme-btn-line-height":1,"theme-btn-letter-spacing":"2","shop-style":"shop-page-grid-style","shop-product-align":"align-center","product-sale-percent-value":"-[value]%","product-sale-style":"circle","product-sale-notification":"default","shop-page-title-display":false,"shop-breadcrumb-display":false,"shop-toolbar-display":true,"shop-active-filters-display":true,"shop-off-canvas-trigger-type":"button","shop-filter-trigger-link":"Options","shop-filter-trigger-custom-class":"","shop-title-disable":false,"shop-price-disable":false,"shop-rating-disable":false,"shop-cart-button-disable":false,"shop-description-disable":true,"shop-category-disable":true,"shop-quick-view-enable":"on-image","shop-quick-view-stick-cart":true,"shop-product-shadow":1,"shop-product-shadow-hover":3,"shop-button-v-padding":1,"shop-button-h-padding":1,"shop-pagination":"number","shop-pagination-style":"square","shop-infinite-scroll-event":"scroll","shop-load-more-text":"Load More","single-product-related-display":true,"single-product-image-zoom-effect":true,"single-product-ajax-add-to-cart":false,"single-product-related-upsell-grid":{"desktop":4,"tablet":3,"mobile":2},"single-product-related-upsell-per-page":4,"single-product-image-width":50,"single-product-gallery-layout":"horizontal","single-product-structure":["title","ratings","price","short_desc","add_cart","meta"],"single-product-tabs-display":true,"single-product-tabs-layout":"horizontal","single-product-up-sells-display":true,"single-product-nav-style":"disable","two-step-checkout":false,"checkout-labels-as-placeholders":false,"checkout-order-notes-display":true,"checkout-coupon-display":true,"checkout-persistence-form-data":false,"checkout-content-width":"default","checkout-content-max-width":1200,"woo-header-cart-icon":"basket","woo-header-cart-icon-style":"none","woo-header-cart-icon-color":"","woo-header-cart-icon-radius":3,"woo-header-cart-total-display":true,"woo-header-cart-title-display":true,"font-family-product-price":"inherit","font-weight-product-price":"inherit","font-family-product-title":"inherit","font-weight-product-title":"inherit","text-transform-product-title":"","line-height-product-title":"","font-size-product-title":{"desktop":"","tablet":"","mobile":"","desktop-unit":"px","tablet-unit":"px","mobile-unit":"px"},"font-family-product-content":"inherit","font-weight-product-content":"inherit","text-transform-product-content":"","line-height-product-content":"","font-size-product-content":{"desktop":"","tablet":"","mobile":"","desktop-unit":"px","tablet-unit":"px","mobile-unit":"px"},"line-height-product-price":"","font-size-product-price":{"desktop":"","tablet":"","mobile":"","desktop-unit":"px","tablet-unit":"px","mobile-unit":"px"},"font-family-product-breadcrumb":"inherit","font-weight-product-breadcrumb":"inherit","text-transform-product-breadcrumb":"","line-height-product-breadcrumb":"","font-size-product-breadcrumb":{"desktop":"","tablet":"","mobile":"","desktop-unit":"px","tablet-unit":"px","mobile-unit":"px"},"font-family-shop-product-title":"inherit","font-weight-shop-product-title":"400","text-transform-shop-product-title":"","line-height-shop-product-title":"","font-size-shop-product-title":{"desktop":"","tablet":"","mobile":"","desktop-unit":"px","tablet-unit":"px","mobile-unit":"px"},"font-family-shop-product-price":"inherit","font-weight-shop-product-price":"400","line-height-shop-product-price":"","font-size-shop-product-price":{"desktop":"","tablet":"","mobile":"","desktop-unit":"px","tablet-unit":"px","mobile-unit":"px"},"font-family-shop-product-content":"inherit","font-weight-shop-product-content":"inherit","text-transform-shop-product-content":"","line-height-shop-product-content":"","font-size-shop-product-content":{"desktop":"","tablet":"","mobile":"","desktop-unit":"px","tablet-unit":"px","mobile-unit":"px"},"single-product-title-color":"","single-product-price-color":"","single-product-content-color":"","single-product-breadcrumb-color":"","shop-product-title-color":"#edb932","shop-product-price-color":"","shop-product-content-color":"","single-product-rating-color":"#dd9933","header-main-rt-section-search-box-type":"slide-search","below-header-section-2-search-box-type":"slide-search","below-header-section-1-search-box-type":"slide-search","above-header-section-1-search-box-type":"slide-search","above-header-section-2-search-box-type":"slide-search","astra-addon-auto-version":"2.6.4","is_astra_addon_queue_running":false,"theme-auto-version":"2.5.5","is_theme_queue_running":false,"_astra_pb_compatibility_completed":true,"headings-font-variant":"600","heading-base-color":"#1a1a1a","theme-button-border-group-border-color":"#1a1a1a","theme-button-border-group-border-h-color":"#1a1a1a","mobile-header-toggle-btn-style-color":"#edb932","button-color-styling-divider":"","theme-button-color-group":"","theme-button-border-group":"","button-padding-styling-divider":"","primary-header-button-color-divider":"","primary-header-button-color-group":"","primary-header-button-border-group":"","primary-header-button-text-typography":"","header-main-rt-section-button-border-color":"","header-main-rt-section-button-border-h-color":"","header-main-rt-section-button-border-radius":"","transparent-header-button-color-divider":"","transparent-header-button-color-group":"","transparent-header-button-border-group":"","header-main-rt-trans-section-button-text-color":"","header-main-rt-trans-section-button-text-h-color":"","header-main-rt-trans-section-button-back-color":"","header-main-rt-trans-section-button-back-h-color":"","header-main-rt-trans-section-button-padding":"","header-main-rt-trans-section-button-border-size":"","header-main-rt-trans-section-button-border-color":"","header-main-rt-trans-section-button-border-h-color":"","header-main-rt-trans-section-button-border-radius":"","header-button-style-link":"","header-main-menu-label-divider":"","mobile-header-toggle-target-link-notice":"","mobile-header-toggle-btn-border-radius":"","header-transparent-header-logo-notice":"","header-transparent-header-logo-notice-link":"","divider-section-site-identity-logo":"","different-retina-logo":false,"different-mobile-logo":false,"ast-site-logo-divider":"","ast-site-icon-divider":"","site-title-typography":"","ast-site-title-divider":"","site-tagline-typography":"","ast-styling-section-blog-width":"","ast-styling-section-blog-width-end":"","ast-styling-section-blog-single-width":"","single-page-sidebar-layout-divider":"","divider-section-sidebar-width":"","site-sidebar-width-description":"","site-content-layout-divider":"","section-ast-small-footer-layout-info":"","section-ast-small-footer-typography":"","footer-bar-color-background-heading-divider":"","footer-bar-background-group":"","footer-bar-content-group":"","divider-outside-bg-color":"","footer-widget-color-background-heading-divider":"","footer-widget-background-group":"","footer-widget-content-group":"","blog-typography-divider":"","blog-content-archive-summary-typo":"","blog-content-blog-post-title-typo":"","divider-base-typo":"","divider-headings-typo":"","divider-section-h1":"","divider-section-h2":"","divider-section-h3":"","divider-section-h4":"","divider-section-h5":"","divider-section-h6":"","divider-section-single-post-typo":"","blog-single-title-typo":"","woocommerce-content-divider":"","single-product-sidebar-layout-divider":"","transparent-header-disable-woo-products":"","transparent-header-disable-index":"","transparent-header-disable-page":"","transparent-header-disable-posts":"","divider-section-transparent-display":"","divider-section-transparent-styling":"","divider-section-transparent-border-styling":"","divider-sec-transparent-styling":"","transparent-header-background-colors":"","transparent-header-colors":"","transparent-header-colors-menu":"","transparent-header-colors-submenu":"","transparent-header-colors-content":"","breadcrumb-position":"none","select-breadcrumb-source":"default","breadcrumb-separator":"\u00000bb","breadcrumb-disable-home-page":"","breadcrumb-disable-blog-posts-page":"","breadcrumb-disable-search":"","breadcrumb-disable-archive":"","breadcrumb-disable-single-page":"","breadcrumb-disable-single-post":"","breadcrumb-disable-singular":"","breadcrumb-disable-404-page":"","breadcrumb-alignment":"left","section-breadcrumb-color-divider":"","section-breadcrumb-color":"","section-breadcrumb-typography-divider":"","section-breadcrumb-typo":"","breadcrumb-font-size":"","breadcrumb-line-height":"","button-typography-styling-divider":"","button-text-typography":"","header-cart-icon-divider":"","shop-box-styling":"","shop-button-divider":"","shop-pagination-divider":"","shop-meta-divider":"","shop-filters-off-canvas-divider":"","shop-quick-view-divider":"","single-product-meta-divider":"","single-product-tabs-divider":"","single-product-related-upsell-divider":"","checkout-distraction-free":"","woo-single-typography-divider":"","single-product-title-group":"","single-product-price-group":"","single-product-breadcrumb-group":"","single-product-content-group":"","woo-single-page-divider":"","woo-single-page-color-group":"","woo-shop-typography-divider":"","shop-product-title-group":"","shop-product-price-group":"","shop-product-content-group":"","woo-shop-color-divider":"","shop-color-group":""},"custom-css":".ast-theme-transparent-header #ast-site-header-cart .ast-addon-cart-wrap {\n\tcolor: #fff;\n}\n\n.woocommerce-mini-cart__buttons a.button:hover,\n.woocommerce-mini-cart__buttons a.button.checkout:hover{\n\tcolor: #ffffff !important;\n\tbackground:#434343 !important;\n}"},"astra-site-options-data":{"woocommerce_product_attributes":[],"woocommerce_product_cat_list":{"28":{"term_id":28,"name":"Uncategorized","slug":"uncategorized","description":""},"40":{"term_id":40,"name":"Bathroom","slug":"bathroom","description":""},"35":{"term_id":35,"name":"Bedroom","slug":"bedroom","description":"","childs":[{"term_id":39,"name":"Chair","slug":"chair-bedroom","term_group":0,"term_taxonomy_id":39,"taxonomy":"product_cat","description":"","parent":35,"count":1,"filter":"raw"}]},"34":{"term_id":34,"name":"Home Office","slug":"home-office","description":""},"36":{"term_id":36,"name":"Kitchen","slug":"kitchen","description":"","childs":[{"term_id":38,"name":"Cabinet","slug":"cabinet-kitchen","term_group":0,"term_taxonomy_id":38,"taxonomy":"product_cat","description":"","parent":36,"count":1,"filter":"raw"},{"term_id":37,"name":"Stool","slug":"stool","term_group":0,"term_taxonomy_id":37,"taxonomy":"product_cat","description":"","parent":36,"count":1,"filter":"raw"}]},"30":{"term_id":30,"name":"Living Room","slug":"living-room","description":"","childs":[{"term_id":32,"name":"Cabinet","slug":"cabinet","term_group":0,"term_taxonomy_id":32,"taxonomy":"product_cat","description":"","parent":30,"count":1,"filter":"raw"},{"term_id":33,"name":"Chair","slug":"chair","term_group":0,"term_taxonomy_id":33,"taxonomy":"product_cat","description":"","parent":30,"count":1,"filter":"raw"},{"term_id":31,"name":"Sofa","slug":"sofa","term_group":0,"term_taxonomy_id":31,"taxonomy":"product_cat","description":"","parent":30,"count":2,"filter":"raw"}]}},"woocommerce_product_cat":[{"slug":"uncategorized","thumbnail_id":"","thumbnail_src":""},{"slug":"bathroom","thumbnail_id":"0","thumbnail_src":""},{"slug":"bedroom","thumbnail_id":"","thumbnail_src":""},{"slug":"cabinet","thumbnail_id":"","thumbnail_src":""},{"slug":"cabinet-kitchen","thumbnail_id":"","thumbnail_src":""},{"slug":"chair","thumbnail_id":"","thumbnail_src":""},{"slug":"chair-bedroom","thumbnail_id":"","thumbnail_src":""},{"slug":"home-office","thumbnail_id":"","thumbnail_src":""},{"slug":"kitchen","thumbnail_id":"","thumbnail_src":""},{"slug":"living-room","thumbnail_id":"","thumbnail_src":""},{"slug":"sofa","thumbnail_id":"","thumbnail_src":""},{"slug":"stool","thumbnail_id":"","thumbnail_src":""}],"custom_logo":"https:\/\/websitedemos.net\/home-decor-04\/wp-content\/uploads\/sites\/644\/2020\/08\/kayuu-logo-dark.svg","nav_menu_locations":{"primary":"main"},"show_on_front":"page","page_on_front":"Home","page_for_posts":"","_fl_builder_enabled_icons":null,"_fl_builder_enabled_modules":null,"_fl_builder_post_types":null,"_fl_builder_color_presets":null,"_fl_builder_services":null,"_fl_builder_settings":null,"_fl_builder_user_access":null,"_fl_builder_enabled_templates":null,"elementor_container_width":"1200","elementor_cpt_support":["post","page"],"elementor_css_print_method":"external","elementor_default_generic_fonts":"Sans-serif","elementor_disable_color_schemes":"yes","elementor_disable_typography_schemes":"yes","elementor_editor_break_lines":"","elementor_exclude_user_roles":null,"elementor_global_image_lightbox":null,"elementor_page_title_selector":null,"elementor_scheme_color":{"1":"#6ec1e4","2":"#54595f","3":"#7a7a7a","4":"#61ce70"},"elementor_scheme_color-picker]":{"1":"#6ec1e4","2":"#54595f","3":"#7a7a7a","4":"#61ce70","5":"#4054b2","6":"#23a455","7":"#000","8":"#fff","9":"#1A1A1A","10":"#EDB932","11":"#E5E5E5","12":"#C4C4C4"},"elementor_scheme_typography":{"1":{"font_family":"Roboto","font_weight":"600"},"2":{"font_family":"Roboto Slab","font_weight":"400"},"3":{"font_family":"Roboto","font_weight":"400"},"4":{"font_family":"Roboto","font_weight":"500"}},"elementor_space_between_widgets":null,"elementor_stretched_section_container":null,"elementor_load_fa4_shim":"","elementor_active_kit":"5","woocommerce_shop_page_title":"Shop","woocommerce_cart_page_title":"Cart","woocommerce_checkout_page_title":"Checkout","woocommerce_myaccount_page_title":"My account","woocommerce_edit_address_page_title":"","woocommerce_view_order_page_title":"","woocommerce_change_password_page_title":"","woocommerce_logout_page_title":"","woocommerce_enable_guest_checkout":"yes","woocommerce_enable_checkout_login_reminder":"no","woocommerce_enable_signup_and_login_from_checkout":"no","woocommerce_enable_myaccount_registration":"no","woocommerce_registration_generate_username":"yes","wpforms_settings":{"disable-css":"2","global-assets":false,"gdpr":false},"learndash_settings_theme_ld30":null,"learndash_settings_courses_themes":null},"astra-site-wxr-path":"https:\/\/websitedemos.net\/wp-content\/uploads\/astra-sites\/644\/wxr.xml","astra-site-give-path":"","astra-enabled-extensions":{"advanced-hooks":"","blog-pro":"","colors-and-background":"","advanced-footer":"","mobile-header":"","header-sections":"","lifterlms":"","learndash":"","advanced-headers":"","site-layouts":"","spacing":"","sticky-header":"","scroll-to-top":"","transparent-header":"","typography":"","woocommerce":"woocommerce","edd":"","nav-menu":"","all":""},"astra-custom-404":"","featured-image-url":"https:\/\/websitedemos.net\/wp-content\/uploads\/2020\/09\/home-decor-04.jpg","astra-woocommerce-csv-path":"https:\/\/websitedemos.net\/wp-content\/uploads\/astra-sites\/644\/woocommerce.csv","astra-post-data-mapping":{"astra-advanced-hook":[],"astra_adv_header":[],"give_forms":[],"ld_landing_pages":[]},"astra-site-wpforms-path":"https:\/\/websitedemos.net\/wp-content\/uploads\/astra-sites\/644\/wpforms.json","astra-site-cartflows-path":"","astra-site-taxonomy-mapping":{"post":{"category":[{"id":1,"slug":"uncategorized"}]}},"astra-site-parent-id":1655,"license-status":"valid","request_time":0.4930429458618164,"_links":{"self":[{"href":"https:\/\/websitedemos.net\/wp-json\/wp\/v2\/astra-sites\/47609"}],"collection":[{"href":"https:\/\/websitedemos.net\/wp-json\/wp\/v2\/astra-sites"}],"about":[{"href":"https:\/\/websitedemos.net\/wp-json\/wp\/v2\/types\/astra-sites"}],"author":[{"embeddable":true,"href":"https:\/\/websitedemos.net\/wp-json\/wp\/v2\/users\/12"}],"version-history":[{"count":2,"href":"https:\/\/websitedemos.net\/wp-json\/wp\/v2\/astra-sites\/47609\/revisions"}],"predecessor-version":[{"id":47626,"href":"https:\/\/websitedemos.net\/wp-json\/wp\/v2\/astra-sites\/47609\/revisions\/47626"}],"wp:featuredmedia":[{"embeddable":true,"href":"https:\/\/websitedemos.net\/wp-json\/wp\/v2\/media\/47614"}],"wp:attachment":[{"href":"https:\/\/websitedemos.net\/wp-json\/wp\/v2\/media?parent=47609"}],"wp:term":[{"taxonomy":"astra-site-category","embeddable":true,"href":"https:\/\/websitedemos.net\/wp-json\/wp\/v2\/astra-site-category?post=47609"},{"taxonomy":"astra-sites-type","embeddable":true,"href":"https:\/\/websitedemos.net\/wp-json\/wp\/v2\/astra-sites-type?post=47609"},{"taxonomy":"astra-site-page-builder","embeddable":true,"href":"https:\/\/websitedemos.net\/wp-json\/wp\/v2\/astra-site-page-builder?post=47609"},{"taxonomy":"astra-sites-tag","embeddable":true,"href":"https:\/\/websitedemos.net\/wp-json\/wp\/v2\/astra-sites-tag?post=47609"}],"curies":[{"name":"wp","href":"https:\/\/api.w.org\/{rel}","templated":true}]}}