{"content":[{"id":"69dfad22","elType":"section","settings":{"stretch_section":"section-stretched","height":"full","background_background":"classic","background_image":{"url":"https:\/\/demo.powerpackelements.com\/wp-content\/uploads\/2020\/07\/features-7-bg.jpg","id":1039},"background_position":"center center","background_repeat":"no-repeat","background_size":"cover","pp_display_conditions":[{"pp_condition_key":"authentication","pp_condition_operator":"is","pp_condition_authentication_value":"authenticated","_id":"d7977f7","pp_condition_user_value":"","pp_condition_role_value":"subscriber","pp_condition_page_value":"","pp_condition_post_value":"","pp_condition_static_page_value":"home","pp_condition_post_type_value":"","pp_condition_taxonomy_archive_value":"","pp_condition_term_archive_value":"","pp_condition_post_type_archive_value":"","pp_condition_date_archive_value":"","pp_condition_author_archive_value":"","pp_condition_search_results_value":"","pp_condition_date_value":"2020-06-29 to 2020-07-05","pp_condition_date_time_before_value":"2020-07-05 08:09","pp_condition_time_value":"","pp_condition_day_value":"1","pp_condition_os_value":"iphone","pp_condition_browser_value":"ie","pp_condition_search-bot_value":"all_search_bots"}]},"elements":[{"id":"7b55411c","elType":"column","settings":{"_column_size":100,"_inline_size":null},"elements":[{"id":"ffdc095","elType":"section","settings":{"structure":"20","margin":{"unit":"px","top":"0","right":0,"bottom":"35","left":0,"isLinked":false},"pp_display_conditions":[{"pp_condition_key":"authentication","pp_condition_operator":"is","pp_condition_authentication_value":"authenticated","_id":"067dfbb","pp_condition_user_value":"","pp_condition_role_value":"subscriber","pp_condition_page_value":"","pp_condition_post_value":"","pp_condition_static_page_value":"home","pp_condition_post_type_value":"","pp_condition_taxonomy_archive_value":"","pp_condition_term_archive_value":"","pp_condition_post_type_archive_value":"","pp_condition_date_archive_value":"","pp_condition_author_archive_value":"","pp_condition_search_results_value":"","pp_condition_date_value":"2020-06-29 to 2020-07-05","pp_condition_date_time_before_value":"2020-07-05 08:09","pp_condition_time_value":"","pp_condition_day_value":"1","pp_condition_os_value":"iphone","pp_condition_browser_value":"ie","pp_condition_search-bot_value":"all_search_bots"}],"gap":"extended"},"elements":[{"id":"3c4fb43c","elType":"column","settings":{"_column_size":50,"_inline_size":25},"elements":[],"isInner":true},{"id":"58381aed","elType":"column","settings":{"_column_size":50,"_inline_size":75},"elements":[{"id":"354a5336","elType":"widget","settings":{"title":"High Quality Mockup Features","title_color":"#FFFFFF","typography_typography":"custom","typography_font_family":"Rubik","typography_font_size":{"unit":"px","size":30,"sizes":[]},"typography_font_weight":"400","pp_display_conditions":[{"pp_condition_key":"authentication","pp_condition_operator":"is","pp_condition_authentication_value":"authenticated","_id":"519f12a","pp_condition_user_value":"","pp_condition_role_value":"subscriber","pp_condition_page_value":"","pp_condition_post_value":"","pp_condition_static_page_value":"home","pp_condition_post_type_value":"","pp_condition_taxonomy_archive_value":"","pp_condition_term_archive_value":"","pp_condition_post_type_archive_value":"","pp_condition_date_archive_value":"","pp_condition_author_archive_value":"","pp_condition_search_results_value":"","pp_condition_date_value":"2020-06-29 to 2020-07-05","pp_condition_date_time_before_value":"2020-07-05 08:09","pp_condition_time_value":"","pp_condition_day_value":"1","pp_condition_os_value":"iphone","pp_condition_browser_value":"ie","pp_condition_search-bot_value":"all_search_bots"}]},"elements":[],"widgetType":"heading"}],"isInner":true}],"isInner":true},{"id":"2bf35a77","elType":"section","settings":{"structure":"40","pp_display_conditions":[{"pp_condition_key":"authentication","pp_condition_operator":"is","pp_condition_authentication_value":"authenticated","_id":"067dfbb","pp_condition_user_value":"","pp_condition_role_value":"subscriber","pp_condition_page_value":"","pp_condition_post_value":"","pp_condition_static_page_value":"home","pp_condition_post_type_value":"","pp_condition_taxonomy_archive_value":"","pp_condition_term_archive_value":"","pp_condition_post_type_archive_value":"","pp_condition_date_archive_value":"","pp_condition_author_archive_value":"","pp_condition_search_results_value":"","pp_condition_date_value":"2020-06-29 to 2020-07-05","pp_condition_date_time_before_value":"2020-07-05 08:09","pp_condition_time_value":"","pp_condition_day_value":"1","pp_condition_os_value":"iphone","pp_condition_browser_value":"ie","pp_condition_search-bot_value":"all_search_bots"}],"gap":"extended","margin":{"unit":"px","top":"0","right":0,"bottom":"80","left":0,"isLinked":false},"margin_mobile":{"unit":"px","top":"0","right":0,"bottom":"50","left":0,"isLinked":false}},"elements":[{"id":"126425a5","elType":"column","settings":{"_column_size":25,"_inline_size":null},"elements":[],"isInner":true},{"id":"4643d814","elType":"column","settings":{"_column_size":25,"_inline_size":null},"elements":[{"id":"582d1364","elType":"widget","settings":{"icon_list":[{"text":"Fully Guided","selected_icon":{"value":"","library":""},"_id":"6666e5f","link":{"url":"","is_external":"","nofollow":"","custom_attributes":""}},{"text":"Made in Photoshop","selected_icon":{"value":"","library":""},"link":{"url":"","is_external":"","nofollow":"","custom_attributes":""},"_id":"3021d43"}],"text_color":"#FFFFFF","pp_display_conditions":[{"pp_condition_key":"authentication","pp_condition_operator":"is","pp_condition_authentication_value":"authenticated","_id":"983d7f7","pp_condition_user_value":"","pp_condition_role_value":"subscriber","pp_condition_page_value":"","pp_condition_post_value":"","pp_condition_static_page_value":"home","pp_condition_post_type_value":"","pp_condition_taxonomy_archive_value":"","pp_condition_term_archive_value":"","pp_condition_post_type_archive_value":"","pp_condition_date_archive_value":"","pp_condition_author_archive_value":"","pp_condition_search_results_value":"","pp_condition_date_value":"2020-06-29 to 2020-07-05","pp_condition_date_time_before_value":"2020-07-05 08:09","pp_condition_time_value":"","pp_condition_day_value":"1","pp_condition_os_value":"iphone","pp_condition_browser_value":"ie","pp_condition_search-bot_value":"all_search_bots"}],"space_between":{"unit":"px","size":2,"sizes":[]},"icon_typography_typography":"custom","icon_typography_font_family":"Rubik","icon_typography_font_size":{"unit":"px","size":18,"sizes":[]},"icon_typography_font_weight":"400"},"elements":[],"widgetType":"icon-list"}],"isInner":true},{"id":"20ffc731","elType":"column","settings":{"_column_size":25,"_inline_size":null},"elements":[{"id":"2f4993a7","elType":"widget","settings":{"icon_list":[{"text":"Fully Guided","selected_icon":{"value":"","library":""},"_id":"6666e5f","link":{"url":"","is_external":"","nofollow":"","custom_attributes":""}},{"text":"Made in Photoshop","selected_icon":{"value":"","library":""},"link":{"url":"","is_external":"","nofollow":"","custom_attributes":""},"_id":"3021d43"}],"text_color":"#FFFFFF","pp_display_conditions":[{"pp_condition_key":"authentication","pp_condition_operator":"is","pp_condition_authentication_value":"authenticated","_id":"983d7f7","pp_condition_user_value":"","pp_condition_role_value":"subscriber","pp_condition_page_value":"","pp_condition_post_value":"","pp_condition_static_page_value":"home","pp_condition_post_type_value":"","pp_condition_taxonomy_archive_value":"","pp_condition_term_archive_value":"","pp_condition_post_type_archive_value":"","pp_condition_date_archive_value":"","pp_condition_author_archive_value":"","pp_condition_search_results_value":"","pp_condition_date_value":"2020-06-29 to 2020-07-05","pp_condition_date_time_before_value":"2020-07-05 08:09","pp_condition_time_value":"","pp_condition_day_value":"1","pp_condition_os_value":"iphone","pp_condition_browser_value":"ie","pp_condition_search-bot_value":"all_search_bots"}],"space_between":{"unit":"px","size":2,"sizes":[]},"icon_typography_typography":"custom","icon_typography_font_family":"Rubik","icon_typography_font_size":{"unit":"px","size":18,"sizes":[]},"icon_typography_font_weight":"400"},"elements":[],"widgetType":"icon-list"}],"isInner":true},{"id":"6df604b6","elType":"column","settings":{"_column_size":25,"_inline_size":null},"elements":[{"id":"29517388","elType":"widget","settings":{"icon_list":[{"text":"Fully Guided","selected_icon":{"value":"","library":""},"_id":"6666e5f","link":{"url":"","is_external":"","nofollow":"","custom_attributes":""}},{"text":"Made in Photoshop","selected_icon":{"value":"","library":""},"link":{"url":"","is_external":"","nofollow":"","custom_attributes":""},"_id":"3021d43"}],"text_color":"#FFFFFF","pp_display_conditions":[{"pp_condition_key":"authentication","pp_condition_operator":"is","pp_condition_authentication_value":"authenticated","_id":"983d7f7","pp_condition_user_value":"","pp_condition_role_value":"subscriber","pp_condition_page_value":"","pp_condition_post_value":"","pp_condition_static_page_value":"home","pp_condition_post_type_value":"","pp_condition_taxonomy_archive_value":"","pp_condition_term_archive_value":"","pp_condition_post_type_archive_value":"","pp_condition_date_archive_value":"","pp_condition_author_archive_value":"","pp_condition_search_results_value":"","pp_condition_date_value":"2020-06-29 to 2020-07-05","pp_condition_date_time_before_value":"2020-07-05 08:09","pp_condition_time_value":"","pp_condition_day_value":"1","pp_condition_os_value":"iphone","pp_condition_browser_value":"ie","pp_condition_search-bot_value":"all_search_bots"}],"space_between":{"unit":"px","size":2,"sizes":[]},"icon_typography_typography":"custom","icon_typography_font_family":"Rubik","icon_typography_font_size":{"unit":"px","size":18,"sizes":[]},"icon_typography_font_weight":"400"},"elements":[],"widgetType":"icon-list"}],"isInner":true}],"isInner":true},{"id":"84c17d2","elType":"section","settings":{"structure":"40","pp_display_conditions":[{"pp_condition_key":"authentication","pp_condition_operator":"is","pp_condition_authentication_value":"authenticated","_id":"067dfbb","pp_condition_user_value":"","pp_condition_role_value":"subscriber","pp_condition_page_value":"","pp_condition_post_value":"","pp_condition_static_page_value":"home","pp_condition_post_type_value":"","pp_condition_taxonomy_archive_value":"","pp_condition_term_archive_value":"","pp_condition_post_type_archive_value":"","pp_condition_date_archive_value":"","pp_condition_author_archive_value":"","pp_condition_search_results_value":"","pp_condition_date_value":"2020-06-29 to 2020-07-05","pp_condition_date_time_before_value":"2020-07-05 08:09","pp_condition_time_value":"","pp_condition_day_value":"1","pp_condition_os_value":"iphone","pp_condition_browser_value":"ie","pp_condition_search-bot_value":"all_search_bots"}],"gap":"extended"},"elements":[{"id":"787f8b82","elType":"column","settings":{"_column_size":25,"_inline_size":null},"elements":[{"id":"29450d78","elType":"widget","settings":{"pp_display_conditions":[{"pp_condition_key":"authentication","pp_condition_operator":"is","pp_condition_authentication_value":"authenticated","_id":"8ff436a","pp_condition_user_value":"","pp_condition_role_value":"subscriber","pp_condition_page_value":"","pp_condition_post_value":"","pp_condition_static_page_value":"home","pp_condition_post_type_value":"","pp_condition_taxonomy_archive_value":"","pp_condition_term_archive_value":"","pp_condition_post_type_archive_value":"","pp_condition_date_archive_value":"","pp_condition_author_archive_value":"","pp_condition_search_results_value":"","pp_condition_date_value":"2020-06-29 to 2020-07-05","pp_condition_date_time_before_value":"2020-07-05 08:09","pp_condition_time_value":"","pp_condition_day_value":"1","pp_condition_os_value":"iphone","pp_condition_browser_value":"ie","pp_condition_search-bot_value":"all_search_bots"}],"image":{"url":"https:\/\/demo.powerpackelements.com\/wp-content\/uploads\/2020\/07\/features-7-1.jpg","id":1048},"width":{"unit":"%","size":100,"sizes":[]}},"elements":[],"widgetType":"image"}],"isInner":true},{"id":"5c35a156","elType":"column","settings":{"_column_size":25,"_inline_size":null},"elements":[{"id":"1613026b","elType":"widget","settings":{"pp_display_conditions":[{"pp_condition_key":"authentication","pp_condition_operator":"is","pp_condition_authentication_value":"authenticated","_id":"8ff436a","pp_condition_user_value":"","pp_condition_role_value":"subscriber","pp_condition_page_value":"","pp_condition_post_value":"","pp_condition_static_page_value":"home","pp_condition_post_type_value":"","pp_condition_taxonomy_archive_value":"","pp_condition_term_archive_value":"","pp_condition_post_type_archive_value":"","pp_condition_date_archive_value":"","pp_condition_author_archive_value":"","pp_condition_search_results_value":"","pp_condition_date_value":"2020-06-29 to 2020-07-05","pp_condition_date_time_before_value":"2020-07-05 08:09","pp_condition_time_value":"","pp_condition_day_value":"1","pp_condition_os_value":"iphone","pp_condition_browser_value":"ie","pp_condition_search-bot_value":"all_search_bots"}],"image":{"url":"https:\/\/demo.powerpackelements.com\/wp-content\/uploads\/2020\/07\/features-7-2.jpg","id":1049},"width":{"unit":"%","size":100,"sizes":[]}},"elements":[],"widgetType":"image"}],"isInner":true},{"id":"166ccff3","elType":"column","settings":{"_column_size":25,"_inline_size":null},"elements":[{"id":"5c2030cb","elType":"widget","settings":{"pp_display_conditions":[{"pp_condition_key":"authentication","pp_condition_operator":"is","pp_condition_authentication_value":"authenticated","_id":"8ff436a","pp_condition_user_value":"","pp_condition_role_value":"subscriber","pp_condition_page_value":"","pp_condition_post_value":"","pp_condition_static_page_value":"home","pp_condition_post_type_value":"","pp_condition_taxonomy_archive_value":"","pp_condition_term_archive_value":"","pp_condition_post_type_archive_value":"","pp_condition_date_archive_value":"","pp_condition_author_archive_value":"","pp_condition_search_results_value":"","pp_condition_date_value":"2020-06-29 to 2020-07-05","pp_condition_date_time_before_value":"2020-07-05 08:09","pp_condition_time_value":"","pp_condition_day_value":"1","pp_condition_os_value":"iphone","pp_condition_browser_value":"ie","pp_condition_search-bot_value":"all_search_bots"}],"image":{"url":"https:\/\/demo.powerpackelements.com\/wp-content\/uploads\/2020\/07\/features-7-3.jpg","id":1050},"width":{"unit":"%","size":100,"sizes":[]}},"elements":[],"widgetType":"image"}],"isInner":true},{"id":"24867bc5","elType":"column","settings":{"_column_size":25,"_inline_size":null},"elements":[{"id":"719c7b9a","elType":"widget","settings":{"pp_display_conditions":[{"pp_condition_key":"authentication","pp_condition_operator":"is","pp_condition_authentication_value":"authenticated","_id":"8ff436a","pp_condition_user_value":"","pp_condition_role_value":"subscriber","pp_condition_page_value":"","pp_condition_post_value":"","pp_condition_static_page_value":"home","pp_condition_post_type_value":"","pp_condition_taxonomy_archive_value":"","pp_condition_term_archive_value":"","pp_condition_post_type_archive_value":"","pp_condition_date_archive_value":"","pp_condition_author_archive_value":"","pp_condition_search_results_value":"","pp_condition_date_value":"2020-06-29 to 2020-07-05","pp_condition_date_time_before_value":"2020-07-05 08:09","pp_condition_time_value":"","pp_condition_day_value":"1","pp_condition_os_value":"iphone","pp_condition_browser_value":"ie","pp_condition_search-bot_value":"all_search_bots"}],"image":{"url":"https:\/\/demo.powerpackelements.com\/wp-content\/uploads\/2020\/07\/features-7-4.jpg","id":1051},"width":{"unit":"%","size":100,"sizes":[]}},"elements":[],"widgetType":"image"}],"isInner":true}],"isInner":true}],"isInner":false}],"isInner":false}]}