{"content":[{"id":"60a045cc","elType":"section","settings":{"stretch_section":"section-stretched","height":"full","content_position":"middle","structure":"20","background_background":"classic","background_color":"#FFFFFF","background_image":{"url":"https:\/\/demo.powerpackelements.com\/wp-content\/uploads\/2020\/07\/features-8-bg.png","id":1061},"background_position":"center center","background_repeat":"no-repeat","background_size":"cover","background_overlay_color":"#54595F","background_overlay_position":"initial","background_overlay_xpos":{"unit":"%","size":8,"sizes":[]},"background_overlay_repeat":"no-repeat","background_overlay_opacity":{"unit":"px","size":1,"sizes":[]},"pp_display_conditions":[{"pp_condition_key":"authentication","pp_condition_operator":"is","pp_condition_authentication_value":"authenticated","_id":"b2fc973","pp_condition_user_value":"","pp_condition_role_value":"subscriber","pp_condition_page_value":"","pp_condition_post_value":"","pp_condition_static_page_value":"home","pp_condition_post_type_value":"","pp_condition_taxonomy_archive_value":"","pp_condition_term_archive_value":"","pp_condition_post_type_archive_value":"","pp_condition_date_archive_value":"","pp_condition_author_archive_value":"","pp_condition_search_results_value":"","pp_condition_date_value":"2020-06-30 to 2020-07-06","pp_condition_date_time_before_value":"2020-07-06 03:06","pp_condition_time_value":"","pp_condition_day_value":"1","pp_condition_os_value":"iphone","pp_condition_browser_value":"ie","pp_condition_search-bot_value":"all_search_bots"}]},"elements":[{"id":"654d6d57","elType":"column","settings":{"_column_size":50,"_inline_size":50},"elements":[{"id":"63a0677","elType":"widget","settings":{"image":{"url":"https:\/\/demo.powerpackelements.com\/wp-content\/uploads\/2020\/07\/plants.png","id":1060},"pp_display_conditions":[{"pp_condition_key":"authentication","pp_condition_operator":"is","pp_condition_authentication_value":"authenticated","_id":"d631a6b","pp_condition_user_value":"","pp_condition_role_value":"subscriber","pp_condition_page_value":"","pp_condition_post_value":"","pp_condition_static_page_value":"home","pp_condition_post_type_value":"","pp_condition_taxonomy_archive_value":"","pp_condition_term_archive_value":"","pp_condition_post_type_archive_value":"","pp_condition_date_archive_value":"","pp_condition_author_archive_value":"","pp_condition_search_results_value":"","pp_condition_date_value":"2020-06-30 to 2020-07-06","pp_condition_date_time_before_value":"2020-07-06 03:06","pp_condition_time_value":"","pp_condition_day_value":"1","pp_condition_os_value":"iphone","pp_condition_browser_value":"ie","pp_condition_search-bot_value":"all_search_bots"}]},"elements":[],"widgetType":"image"}],"isInner":false},{"id":"7babd0dd","elType":"column","settings":{"_column_size":50,"_inline_size":50},"elements":[{"id":"5ce58b80","elType":"widget","settings":{"title":"Indoor Plants","title_color":"#000000","typography_typography":"custom","typography_font_family":"Rubik","typography_font_size":{"unit":"px","size":64,"sizes":[]},"typography_font_weight":"400","_margin":{"unit":"px","top":"0","right":"0","bottom":"10","left":"0","isLinked":false},"pp_display_conditions":[{"pp_condition_key":"authentication","pp_condition_operator":"is","pp_condition_authentication_value":"authenticated","_id":"30f1ab9","pp_condition_user_value":"","pp_condition_role_value":"subscriber","pp_condition_page_value":"","pp_condition_post_value":"","pp_condition_static_page_value":"home","pp_condition_post_type_value":"","pp_condition_taxonomy_archive_value":"","pp_condition_term_archive_value":"","pp_condition_post_type_archive_value":"","pp_condition_date_archive_value":"","pp_condition_author_archive_value":"","pp_condition_search_results_value":"","pp_condition_date_value":"2020-06-30 to 2020-07-06","pp_condition_date_time_before_value":"2020-07-06 03:06","pp_condition_time_value":"","pp_condition_day_value":"1","pp_condition_os_value":"iphone","pp_condition_browser_value":"ie","pp_condition_search-bot_value":"all_search_bots"}],"typography_font_size_mobile":{"unit":"px","size":50,"sizes":[]}},"elements":[],"widgetType":"heading"},{"id":"7b692f14","elType":"widget","settings":{"editor":"<p>We provide ongoing property maintenance which includes lawn mowing, fertilizing, spring and fall cleanups, de-thatching, aerating, seeding, mulching, edging, herbicide application, plant health care, snow plowing, pruning, and tree care and removal. We provide ongoing property maintenance which includes lawn mowing, fertilizing, spring and fall cleanups, de-thatching, aerating, seeding, mulching, edging, herbicide application, plant health care, snow plowing, pruning, and tree re and removal.<\/p>","text_color":"#000000","typography_typography":"custom","typography_font_family":"Nunito","typography_font_size":{"unit":"px","size":16,"sizes":[]},"typography_font_weight":"400","_margin":{"unit":"px","top":"0","right":"0","bottom":"30","left":"0","isLinked":false},"pp_display_conditions":[{"pp_condition_key":"authentication","pp_condition_operator":"is","pp_condition_authentication_value":"authenticated","_id":"c07518c","pp_condition_user_value":"","pp_condition_role_value":"subscriber","pp_condition_page_value":"","pp_condition_post_value":"","pp_condition_static_page_value":"home","pp_condition_post_type_value":"","pp_condition_taxonomy_archive_value":"","pp_condition_term_archive_value":"","pp_condition_post_type_archive_value":"","pp_condition_date_archive_value":"","pp_condition_author_archive_value":"","pp_condition_search_results_value":"","pp_condition_date_value":"2020-06-30 to 2020-07-06","pp_condition_date_time_before_value":"2020-07-06 03:06","pp_condition_time_value":"","pp_condition_day_value":"1","pp_condition_os_value":"iphone","pp_condition_browser_value":"ie","pp_condition_search-bot_value":"all_search_bots"}]},"elements":[],"widgetType":"text-editor"},{"id":"33c0b797","elType":"widget","settings":{"text":"View All","typography_typography":"custom","typography_font_family":"Nunito","typography_font_size":{"unit":"px","size":16,"sizes":[]},"typography_font_weight":"700","button_text_color":"#FFFFFF","background_color":"#000000","border_radius":{"unit":"px","top":"0","right":"0","bottom":"0","left":"0","isLinked":true},"text_padding":{"unit":"px","top":"24","right":"67","bottom":"24","left":"67","isLinked":false},"pp_display_conditions":[{"pp_condition_key":"authentication","pp_condition_operator":"is","pp_condition_authentication_value":"authenticated","_id":"8a2adb7","pp_condition_user_value":"","pp_condition_role_value":"subscriber","pp_condition_page_value":"","pp_condition_post_value":"","pp_condition_static_page_value":"home","pp_condition_post_type_value":"","pp_condition_taxonomy_archive_value":"","pp_condition_term_archive_value":"","pp_condition_post_type_archive_value":"","pp_condition_date_archive_value":"","pp_condition_author_archive_value":"","pp_condition_search_results_value":"","pp_condition_date_value":"2020-06-30 to 2020-07-06","pp_condition_date_time_before_value":"2020-07-06 03:06","pp_condition_time_value":"","pp_condition_day_value":"1","pp_condition_os_value":"iphone","pp_condition_browser_value":"ie","pp_condition_search-bot_value":"all_search_bots"}]},"elements":[],"widgetType":"button"}],"isInner":false}],"isInner":false}]}