{"content":[{"id":"fc24c07","elType":"section","settings":{"structure":"32","background_background":"classic","background_color":"#FFFFFF","padding":{"unit":"px","top":"200","right":"0","bottom":"200","left":"0","isLinked":false},"pp_display_conditions":[{"pp_condition_key":"authentication","pp_condition_operator":"is","pp_condition_authentication_value":"authenticated","_id":"afd3b37","pp_condition_user_value":"","pp_condition_role_value":"subscriber","pp_condition_page_value":"","pp_condition_post_value":"","pp_condition_static_page_value":"home","pp_condition_post_type_value":"","pp_condition_taxonomy_archive_value":"","pp_condition_term_archive_value":"","pp_condition_post_type_archive_value":"","pp_condition_date_archive_value":"","pp_condition_author_archive_value":"","pp_condition_search_results_value":"","pp_condition_date_value":"2020-07-06 to 2020-07-12","pp_condition_date_time_before_value":"2020-07-12 16:38","pp_condition_time_value":"","pp_condition_day_value":"1","pp_condition_os_value":"iphone","pp_condition_browser_value":"ie","pp_condition_search-bot_value":"all_search_bots"}]},"elements":[{"id":"68c984c8","elType":"column","settings":{"_column_size":50,"_inline_size":40,"padding":{"unit":"px","top":"10","right":"90","bottom":"10","left":"10","isLinked":false},"padding_tablet":{"unit":"px","top":"10","right":"10","bottom":"10","left":"10","isLinked":true}},"elements":[{"id":"6c9fabff","elType":"widget","settings":{"title":"New Features","title_color":"#000000","typography_typography":"custom","typography_font_family":"Rubik","typography_font_size":{"unit":"px","size":48,"sizes":[]},"typography_font_weight":"400","pp_display_conditions":[{"pp_condition_key":"authentication","pp_condition_operator":"is","pp_condition_authentication_value":"authenticated","_id":"21e4b4b","pp_condition_user_value":"","pp_condition_role_value":"subscriber","pp_condition_page_value":"","pp_condition_post_value":"","pp_condition_static_page_value":"home","pp_condition_post_type_value":"","pp_condition_taxonomy_archive_value":"","pp_condition_term_archive_value":"","pp_condition_post_type_archive_value":"","pp_condition_date_archive_value":"","pp_condition_author_archive_value":"","pp_condition_search_results_value":"","pp_condition_date_value":"2020-07-06 to 2020-07-12","pp_condition_date_time_before_value":"2020-07-12 16:38","pp_condition_time_value":"","pp_condition_day_value":"1","pp_condition_os_value":"iphone","pp_condition_browser_value":"ie","pp_condition_search-bot_value":"all_search_bots"}]},"elements":[],"widgetType":"heading"},{"id":"430b9b0","elType":"widget","settings":{"editor":"We provide ongoing property maintenance which includes lawn mowing, fertilizing, spring and fall cleanups, de-thatching, aerating, seeding, mulching, edging, herbicide application, plant health care, snow plowing, pruning, and tree care and removal, herbicide application, plant health care, snow plowing, pruning, and tree  re and removal. ","text_color":"rgba(0, 0, 0, 0.7)","typography_typography":"custom","typography_font_family":"Nunito","typography_font_size":{"unit":"px","size":24,"sizes":[]},"typography_font_weight":"400","typography_line_height":{"unit":"em","size":1.57,"sizes":[]},"pp_display_conditions":[{"pp_condition_key":"authentication","pp_condition_operator":"is","pp_condition_authentication_value":"authenticated","_id":"6529155","pp_condition_user_value":"","pp_condition_role_value":"subscriber","pp_condition_page_value":"","pp_condition_post_value":"","pp_condition_static_page_value":"home","pp_condition_post_type_value":"","pp_condition_taxonomy_archive_value":"","pp_condition_term_archive_value":"","pp_condition_post_type_archive_value":"","pp_condition_date_archive_value":"","pp_condition_author_archive_value":"","pp_condition_search_results_value":"","pp_condition_date_value":"2020-07-06 to 2020-07-12","pp_condition_date_time_before_value":"2020-07-12 16:38","pp_condition_time_value":"","pp_condition_day_value":"1","pp_condition_os_value":"iphone","pp_condition_browser_value":"ie","pp_condition_search-bot_value":"all_search_bots"}]},"elements":[],"widgetType":"text-editor"}],"isInner":false},{"id":"3d0d757f","elType":"column","settings":{"_column_size":25,"_inline_size":30},"elements":[{"id":"5eeb0c8c","elType":"widget","settings":{"icon_type":"image","icon_text":"1","image":{"url":"https:\/\/demo.powerpackelements.com\/wp-content\/uploads\/2020\/07\/feature-9-1.png","id":1687},"icon_img_width":{"unit":"px","size":64,"sizes":[]},"heading":"Fully custamizable","sub_heading":"","description":"Lorem ipsum dolor sit amet, consectetur adipiscing elitent tristique magna sit amet purus gravida. ","button_text":"Get Started","align":"center","info_box_bg_background":"classic","info_box_bg_color":"#E73E6D","info_box_border_radius":{"unit":"px","top":"30","right":"30","bottom":"30","left":"30","isLinked":true},"info_box_shadow_box_shadow_type":"yes","info_box_shadow_box_shadow":{"horizontal":0,"vertical":0,"blur":30,"spread":0,"color":"rgba(0, 0, 0, 0.06)"},"info_box_padding":{"unit":"px","top":"50","right":"30","bottom":"50","left":"30","isLinked":false},"title_color":"#FFFFFF","title_typography_typography":"custom","title_typography_font_family":"Poppins","title_typography_font_size":{"unit":"px","size":20,"sizes":[]},"title_typography_font_weight":"400","description_color":"rgba(255, 255, 255, 0.5)","description_typography_typography":"custom","description_typography_font_family":"Rubik","description_typography_font_size":{"unit":"px","size":14,"sizes":[]},"description_margin":{"unit":"px","size":0,"sizes":[]},"pp_display_conditions":[{"pp_condition_key":"authentication","pp_condition_operator":"is","pp_condition_authentication_value":"authenticated","_id":"ce91b5e","pp_condition_user_value":"","pp_condition_role_value":"subscriber","pp_condition_page_value":"","pp_condition_post_value":"","pp_condition_static_page_value":"home","pp_condition_post_type_value":"","pp_condition_taxonomy_archive_value":"","pp_condition_term_archive_value":"","pp_condition_post_type_archive_value":"","pp_condition_date_archive_value":"","pp_condition_author_archive_value":"","pp_condition_search_results_value":"","pp_condition_date_value":"2020-07-06 to 2020-07-12","pp_condition_date_time_before_value":"2020-07-12 16:38","pp_condition_time_value":"","pp_condition_day_value":"1","pp_condition_os_value":"iphone","pp_condition_browser_value":"ie","pp_condition_search-bot_value":"all_search_bots"}]},"elements":[],"widgetType":"pp-info-box"},{"id":"7a27548","elType":"widget","settings":{"icon_type":"image","icon_text":"1","image":{"url":"https:\/\/demo.powerpackelements.com\/wp-content\/uploads\/2020\/07\/feature-9-1.png","id":1687},"icon_img_width":{"unit":"px","size":64,"sizes":[]},"heading":"Support","sub_heading":"","description":"Lorem ipsum dolor sit amet, consectetur adipiscing elitent tristique magna sit amet purus gravida. ","button_text":"Get Started","align":"center","info_box_bg_background":"classic","info_box_bg_color":"#FFFFFF","info_box_border_radius":{"unit":"px","top":"30","right":"30","bottom":"30","left":"30","isLinked":true},"info_box_shadow_box_shadow_type":"yes","info_box_shadow_box_shadow":{"horizontal":0,"vertical":0,"blur":30,"spread":0,"color":"rgba(0, 0, 0, 0.06)"},"info_box_padding":{"unit":"px","top":"50","right":"30","bottom":"50","left":"30","isLinked":false},"title_color":"#000000","title_typography_typography":"custom","title_typography_font_family":"Poppins","title_typography_font_size":{"unit":"px","size":20,"sizes":[]},"title_typography_font_weight":"400","description_color":"rgba(0, 0, 0, 0.5)","description_typography_typography":"custom","description_typography_font_family":"Rubik","description_typography_font_size":{"unit":"px","size":14,"sizes":[]},"description_margin":{"unit":"px","size":0,"sizes":[]},"pp_display_conditions":[{"pp_condition_key":"authentication","pp_condition_operator":"is","pp_condition_authentication_value":"authenticated","_id":"ce91b5e","pp_condition_user_value":"","pp_condition_role_value":"subscriber","pp_condition_page_value":"","pp_condition_post_value":"","pp_condition_static_page_value":"home","pp_condition_post_type_value":"","pp_condition_taxonomy_archive_value":"","pp_condition_term_archive_value":"","pp_condition_post_type_archive_value":"","pp_condition_date_archive_value":"","pp_condition_author_archive_value":"","pp_condition_search_results_value":"","pp_condition_date_value":"2020-07-06 to 2020-07-12","pp_condition_date_time_before_value":"2020-07-12 16:38","pp_condition_time_value":"","pp_condition_day_value":"1","pp_condition_os_value":"iphone","pp_condition_browser_value":"ie","pp_condition_search-bot_value":"all_search_bots"}],"info_box_bg_hover_background":"classic","info_box_bg_hover_color":"#E73E6D","title_color_hover":"#FFFFFF","description_color_hover":"rgba(255, 255, 255, 0.5)"},"elements":[],"widgetType":"pp-info-box"}],"isInner":false},{"id":"b0602dc","elType":"column","settings":{"_column_size":25,"_inline_size":30},"elements":[{"id":"25c674ca","elType":"widget","settings":{"icon_type":"image","icon_text":"1","image":{"url":"https:\/\/demo.powerpackelements.com\/wp-content\/uploads\/2020\/07\/feature-9-1.png","id":1687},"icon_img_width":{"unit":"px","size":64,"sizes":[]},"heading":"Elementor compatible","sub_heading":"","description":"Lorem ipsum dolor sit amet, consectetur adipiscing elitent tristique magna sit amet purus gravida. ","button_text":"Get Started","align":"center","info_box_bg_background":"classic","info_box_bg_color":"#FFFFFF","info_box_border_radius":{"unit":"px","top":"30","right":"30","bottom":"30","left":"30","isLinked":true},"info_box_shadow_box_shadow_type":"yes","info_box_shadow_box_shadow":{"horizontal":0,"vertical":0,"blur":30,"spread":0,"color":"rgba(0, 0, 0, 0.06)"},"info_box_padding":{"unit":"px","top":"50","right":"30","bottom":"50","left":"30","isLinked":false},"title_color":"#000000","title_typography_typography":"custom","title_typography_font_family":"Poppins","title_typography_font_size":{"unit":"px","size":20,"sizes":[]},"title_typography_font_weight":"400","description_color":"rgba(0, 0, 0, 0.5)","description_typography_typography":"custom","description_typography_font_family":"Rubik","description_typography_font_size":{"unit":"px","size":14,"sizes":[]},"description_margin":{"unit":"px","size":0,"sizes":[]},"pp_display_conditions":[{"pp_condition_key":"authentication","pp_condition_operator":"is","pp_condition_authentication_value":"authenticated","_id":"ce91b5e","pp_condition_user_value":"","pp_condition_role_value":"subscriber","pp_condition_page_value":"","pp_condition_post_value":"","pp_condition_static_page_value":"home","pp_condition_post_type_value":"","pp_condition_taxonomy_archive_value":"","pp_condition_term_archive_value":"","pp_condition_post_type_archive_value":"","pp_condition_date_archive_value":"","pp_condition_author_archive_value":"","pp_condition_search_results_value":"","pp_condition_date_value":"2020-07-06 to 2020-07-12","pp_condition_date_time_before_value":"2020-07-12 16:38","pp_condition_time_value":"","pp_condition_day_value":"1","pp_condition_os_value":"iphone","pp_condition_browser_value":"ie","pp_condition_search-bot_value":"all_search_bots"}],"info_box_bg_hover_background":"classic","info_box_bg_hover_color":"#E73E6D","title_color_hover":"#FFFFFF","description_color_hover":"rgba(255, 255, 255, 0.5)"},"elements":[],"widgetType":"pp-info-box"},{"id":"278c01f3","elType":"widget","settings":{"icon_type":"image","icon_text":"1","image":{"url":"https:\/\/demo.powerpackelements.com\/wp-content\/uploads\/2020\/07\/feature-9-1.png","id":1687},"icon_img_width":{"unit":"px","size":64,"sizes":[]},"heading":"Secure payment","sub_heading":"","description":"Lorem ipsum dolor sit amet, consectetur adipiscing elitent tristique magna sit amet purus gravida. ","button_text":"Get Started","align":"center","info_box_bg_background":"classic","info_box_bg_color":"#FFFFFF","info_box_border_radius":{"unit":"px","top":"30","right":"30","bottom":"30","left":"30","isLinked":true},"info_box_shadow_box_shadow_type":"yes","info_box_shadow_box_shadow":{"horizontal":0,"vertical":0,"blur":30,"spread":0,"color":"rgba(0, 0, 0, 0.06)"},"info_box_padding":{"unit":"px","top":"50","right":"30","bottom":"50","left":"30","isLinked":false},"title_color":"#000000","title_typography_typography":"custom","title_typography_font_family":"Poppins","title_typography_font_size":{"unit":"px","size":20,"sizes":[]},"title_typography_font_weight":"400","description_color":"rgba(0, 0, 0, 0.5)","description_typography_typography":"custom","description_typography_font_family":"Rubik","description_typography_font_size":{"unit":"px","size":14,"sizes":[]},"description_margin":{"unit":"px","size":0,"sizes":[]},"pp_display_conditions":[{"pp_condition_key":"authentication","pp_condition_operator":"is","pp_condition_authentication_value":"authenticated","_id":"ce91b5e","pp_condition_user_value":"","pp_condition_role_value":"subscriber","pp_condition_page_value":"","pp_condition_post_value":"","pp_condition_static_page_value":"home","pp_condition_post_type_value":"","pp_condition_taxonomy_archive_value":"","pp_condition_term_archive_value":"","pp_condition_post_type_archive_value":"","pp_condition_date_archive_value":"","pp_condition_author_archive_value":"","pp_condition_search_results_value":"","pp_condition_date_value":"2020-07-06 to 2020-07-12","pp_condition_date_time_before_value":"2020-07-12 16:38","pp_condition_time_value":"","pp_condition_day_value":"1","pp_condition_os_value":"iphone","pp_condition_browser_value":"ie","pp_condition_search-bot_value":"all_search_bots"}],"info_box_bg_hover_background":"classic","info_box_bg_hover_color":"#E73E6D","title_color_hover":"#FFFFFF","description_color_hover":"rgba(255, 255, 255, 0.5)"},"elements":[],"widgetType":"pp-info-box"}],"isInner":false}],"isInner":false}]}