{"content":[{"id":"59509061","elType":"section","settings":{"height":"full","structure":"20","background_background":"classic","background_image":{"url":"https:\/\/demo.powerpackelements.com\/wp-content\/uploads\/2020\/07\/features-10-bg.jpg","id":1080},"background_position":"center center","background_position_tablet":"center left","background_repeat":"no-repeat","background_size":"cover","padding":{"unit":"px","top":"50","right":"0","bottom":"50","left":"0","isLinked":false},"pp_display_conditions":[{"pp_condition_key":"authentication","pp_condition_operator":"is","pp_condition_authentication_value":"authenticated","_id":"eaf7958","pp_condition_user_value":"","pp_condition_role_value":"subscriber","pp_condition_page_value":"","pp_condition_post_value":"","pp_condition_static_page_value":"home","pp_condition_post_type_value":"","pp_condition_taxonomy_archive_value":"","pp_condition_term_archive_value":"","pp_condition_post_type_archive_value":"","pp_condition_date_archive_value":"","pp_condition_author_archive_value":"","pp_condition_search_results_value":"","pp_condition_date_value":"2020-06-30 to 2020-07-06","pp_condition_date_time_before_value":"2020-07-06 16:41","pp_condition_time_value":"","pp_condition_day_value":"1","pp_condition_os_value":"iphone","pp_condition_browser_value":"ie","pp_condition_search-bot_value":"all_search_bots"}]},"elements":[{"id":"6cc7deec","elType":"column","settings":{"_column_size":50,"_inline_size":40,"_inline_size_tablet":70},"elements":[{"id":"7940b19d","elType":"widget","settings":{"title":"Features","align_mobile":"center","title_color":"#FFFFFF","typography_typography":"custom","typography_font_family":"Noto Sans","typography_font_size":{"unit":"px","size":48,"sizes":[]},"typography_font_weight":"700","_margin":{"unit":"px","top":"0","right":"0","bottom":"35","left":"0","isLinked":false},"pp_display_conditions":[{"pp_condition_key":"authentication","pp_condition_operator":"is","pp_condition_authentication_value":"authenticated","_id":"945840e","pp_condition_user_value":"","pp_condition_role_value":"subscriber","pp_condition_page_value":"","pp_condition_post_value":"","pp_condition_static_page_value":"home","pp_condition_post_type_value":"","pp_condition_taxonomy_archive_value":"","pp_condition_term_archive_value":"","pp_condition_post_type_archive_value":"","pp_condition_date_archive_value":"","pp_condition_author_archive_value":"","pp_condition_search_results_value":"","pp_condition_date_value":"2020-06-30 to 2020-07-06","pp_condition_date_time_before_value":"2020-07-06 16:41","pp_condition_time_value":"","pp_condition_day_value":"1","pp_condition_os_value":"iphone","pp_condition_browser_value":"ie","pp_condition_search-bot_value":"all_search_bots"}]},"elements":[],"widgetType":"heading"},{"id":"4845312b","elType":"widget","settings":{"image":{"url":"","id":""},"title_text":"Best Locks for cycle","description_text":"Lorem ipsum dolor sit amet, consectetur adipiscing elitent tristique magna sit amet purus gravida. ","position":"left","title_bottom_space":{"unit":"px","size":10,"sizes":[]},"title_color":"#FFFFFF","title_typography_typography":"custom","title_typography_font_family":"Noto Sans","title_typography_font_size":{"unit":"px","size":24,"sizes":[]},"title_typography_font_weight":"400","description_color":"#919293","description_typography_typography":"custom","description_typography_font_family":"Noto Sans","description_typography_font_size":{"unit":"px","size":16,"sizes":[]},"_margin":{"unit":"px","top":"0","right":"0","bottom":"25","left":"0","isLinked":false},"pp_display_conditions":[{"pp_condition_key":"authentication","pp_condition_operator":"is","pp_condition_authentication_value":"authenticated","_id":"5cfaa21","pp_condition_user_value":"","pp_condition_role_value":"subscriber","pp_condition_page_value":"","pp_condition_post_value":"","pp_condition_static_page_value":"home","pp_condition_post_type_value":"","pp_condition_taxonomy_archive_value":"","pp_condition_term_archive_value":"","pp_condition_post_type_archive_value":"","pp_condition_date_archive_value":"","pp_condition_author_archive_value":"","pp_condition_search_results_value":"","pp_condition_date_value":"2020-06-30 to 2020-07-06","pp_condition_date_time_before_value":"2020-07-06 16:41","pp_condition_time_value":"","pp_condition_day_value":"1","pp_condition_os_value":"iphone","pp_condition_browser_value":"ie","pp_condition_search-bot_value":"all_search_bots"}]},"elements":[],"widgetType":"image-box"},{"id":"788b9789","elType":"widget","settings":{"image":{"url":"","id":""},"title_text":"Tie it and forget it.","description_text":"Lorem ipsum dolor sit amet, consectetur adipiscing elitent tristique magna sit amet purus gravida. ","position":"left","title_bottom_space":{"unit":"px","size":10,"sizes":[]},"title_color":"#FFFFFF","title_typography_typography":"custom","title_typography_font_family":"Noto Sans","title_typography_font_size":{"unit":"px","size":24,"sizes":[]},"title_typography_font_weight":"400","description_color":"#919293","description_typography_typography":"custom","description_typography_font_family":"Noto Sans","description_typography_font_size":{"unit":"px","size":16,"sizes":[]},"_margin":{"unit":"px","top":"0","right":"0","bottom":"25","left":"0","isLinked":false},"pp_display_conditions":[{"pp_condition_key":"authentication","pp_condition_operator":"is","pp_condition_authentication_value":"authenticated","_id":"5cfaa21","pp_condition_user_value":"","pp_condition_role_value":"subscriber","pp_condition_page_value":"","pp_condition_post_value":"","pp_condition_static_page_value":"home","pp_condition_post_type_value":"","pp_condition_taxonomy_archive_value":"","pp_condition_term_archive_value":"","pp_condition_post_type_archive_value":"","pp_condition_date_archive_value":"","pp_condition_author_archive_value":"","pp_condition_search_results_value":"","pp_condition_date_value":"2020-06-30 to 2020-07-06","pp_condition_date_time_before_value":"2020-07-06 16:41","pp_condition_time_value":"","pp_condition_day_value":"1","pp_condition_os_value":"iphone","pp_condition_browser_value":"ie","pp_condition_search-bot_value":"all_search_bots"}]},"elements":[],"widgetType":"image-box"},{"id":"2ebfc39e","elType":"widget","settings":{"image":{"url":"","id":""},"title_text":"Good quality locks","description_text":"Lorem ipsum dolor sit amet, consectetur adipiscing elitent tristique magna sit amet purus gravida. ","position":"left","title_bottom_space":{"unit":"px","size":10,"sizes":[]},"title_color":"#FFFFFF","title_typography_typography":"custom","title_typography_font_family":"Noto Sans","title_typography_font_size":{"unit":"px","size":24,"sizes":[]},"title_typography_font_weight":"400","description_color":"#919293","description_typography_typography":"custom","description_typography_font_family":"Noto Sans","description_typography_font_size":{"unit":"px","size":16,"sizes":[]},"pp_display_conditions":[{"pp_condition_key":"authentication","pp_condition_operator":"is","pp_condition_authentication_value":"authenticated","_id":"5cfaa21","pp_condition_user_value":"","pp_condition_role_value":"subscriber","pp_condition_page_value":"","pp_condition_post_value":"","pp_condition_static_page_value":"home","pp_condition_post_type_value":"","pp_condition_taxonomy_archive_value":"","pp_condition_term_archive_value":"","pp_condition_post_type_archive_value":"","pp_condition_date_archive_value":"","pp_condition_author_archive_value":"","pp_condition_search_results_value":"","pp_condition_date_value":"2020-06-30 to 2020-07-06","pp_condition_date_time_before_value":"2020-07-06 16:41","pp_condition_time_value":"","pp_condition_day_value":"1","pp_condition_os_value":"iphone","pp_condition_browser_value":"ie","pp_condition_search-bot_value":"all_search_bots"}]},"elements":[],"widgetType":"image-box"}],"isInner":false},{"id":"75ffcb1d","elType":"column","settings":{"_column_size":50,"_inline_size":60,"_inline_size_tablet":30},"elements":[],"isInner":false}],"isInner":false}]}