{"content":[{"id":"62fea0b6","elType":"section","settings":{"structure":"30","pp_display_conditions":[{"pp_condition_key":"authentication","pp_condition_operator":"is","pp_condition_authentication_value":"authenticated","_id":"801743a","pp_condition_user_value":"","pp_condition_role_value":"subscriber","pp_condition_page_value":"","pp_condition_post_value":"","pp_condition_static_page_value":"home","pp_condition_post_type_value":"","pp_condition_taxonomy_archive_value":"","pp_condition_term_archive_value":"","pp_condition_post_type_archive_value":"","pp_condition_date_archive_value":"","pp_condition_author_archive_value":"","pp_condition_search_results_value":"","pp_condition_date_value":"2020-07-03 to 2020-07-09","pp_condition_date_time_before_value":"2020-07-09 09:45","pp_condition_time_value":"","pp_condition_day_value":"1","pp_condition_os_value":"iphone","pp_condition_browser_value":"ie","pp_condition_search-bot_value":"all_search_bots"}],"margin":{"unit":"px","top":"50","right":0,"bottom":"50","left":0,"isLinked":true}},"elements":[{"id":"25c4ea85","elType":"column","settings":{"_column_size":33,"_inline_size":null,"background_background":"classic","background_color":"#F6D242","border_radius":{"unit":"px","top":"10","right":"10","bottom":"10","left":"10","isLinked":true},"box_shadow_box_shadow_type":"yes","box_shadow_box_shadow":{"horizontal":0,"vertical":3,"blur":10,"spread":0,"color":"rgba(0, 0, 0, 0.15)"},"margin":{"unit":"px","top":"65","right":"20","bottom":"30","left":"0","isLinked":false},"padding":{"unit":"px","top":"10","right":"10","bottom":"50","left":"10","isLinked":false},"margin_mobile":{"unit":"px","top":"65","right":"0","bottom":"50","left":"0","isLinked":false}},"elements":[{"id":"704d8f5b","elType":"widget","settings":{"image":{"url":"https:\/\/demo.powerpackelements.com\/wp-content\/uploads\/2020\/07\/price-1-icon1.png","id":1096},"_margin":{"unit":"px","top":"-75","right":"0","bottom":"0","left":"0","isLinked":false},"pp_display_conditions":[{"pp_condition_key":"authentication","pp_condition_operator":"is","pp_condition_authentication_value":"authenticated","_id":"664a7f8","pp_condition_user_value":"","pp_condition_role_value":"subscriber","pp_condition_page_value":"","pp_condition_post_value":"","pp_condition_static_page_value":"home","pp_condition_post_type_value":"","pp_condition_taxonomy_archive_value":"","pp_condition_term_archive_value":"","pp_condition_post_type_archive_value":"","pp_condition_date_archive_value":"","pp_condition_author_archive_value":"","pp_condition_search_results_value":"","pp_condition_date_value":"2020-07-05 to 2020-07-11","pp_condition_date_time_before_value":"2020-07-11 10:53","pp_condition_time_value":"","pp_condition_day_value":"1","pp_condition_os_value":"iphone","pp_condition_browser_value":"ie","pp_condition_search-bot_value":"all_search_bots"}]},"elements":[],"widgetType":"image"},{"id":"6d1e4eea","elType":"widget","settings":{"table_title":"","table_subtitle":"","table_price":"12.95","table_original_price":"69","table_duration":"\/month","table_features":[{"feature_text":"Billed $12.95 every month 30-day money-back guarantee","select_feature_icon":{"value":"","library":""},"exclude":"","feature_icon_color":"","feature_text_color":"","feature_bg_color":"","_id":"bb177ec"}],"ribbon_title":"New","table_button_text":"Get 1-month plan\u200b","table_additional_info":"","table_title_bg_color":"#F6D242","table_title_padding":{"unit":"px","top":"0","right":"0","bottom":"0","left":"0","isLinked":true},"table_pricing_typography_typography":"custom","table_pricing_typography_font_family":"Open Sans","table_pricing_typography_font_size":{"unit":"px","size":40,"sizes":[]},"table_pricing_typography_font_weight":"700","table_price_color_normal":"#FFFFFF","table_price_bg_color_normal":"#F6D242","price_border_normal_border":"solid","price_border_normal_width":{"unit":"px","top":"0","right":"0","bottom":"1","left":"0","isLinked":false},"price_border_normal_color":"rgba(0, 0, 0, 0.1)","table_price_margin":{"unit":"px","top":"0","right":"60","bottom":"0","left":"60","isLinked":false},"table_price_padding":{"unit":"px","top":"10","right":"0","bottom":"25","left":"0","isLinked":false},"currency_size":{"unit":"px","size":60,"sizes":[]},"currency_vertical_position":"bottom","duration_typography_typography":"custom","duration_typography_font_family":"Open Sans","duration_typography_font_size":{"unit":"px","size":24,"sizes":[]},"duration_typography_font_weight":"700","table_features_align":"center","table_features_bg_color":"#F6D242","table_features_text_color":"#FFFFFF","table_features_padding":{"unit":"px","top":"50","right":"50","bottom":"20","left":"50","isLinked":false},"table_features_margin":{"unit":"px","size":40,"sizes":[]},"table_features_typography_typography":"custom","table_features_typography_font_family":"Rubik","table_features_typography_font_size":{"unit":"px","size":16,"sizes":[]},"table_features_typography_font_weight":"400","button_bg_color_normal":"rgba(2, 1, 1, 0)","button_text_color_normal":"#000000","button_border_normal_border":"solid","button_border_normal_width":{"unit":"px","top":"2","right":"2","bottom":"2","left":"2","isLinked":true},"button_border_normal_color":"#EEEEEE","button_typography_typography":"custom","button_typography_font_family":"Open Sans","button_typography_font_size":{"unit":"px","size":16,"sizes":[]},"button_typography_font_weight":"700","table_button_padding":{"unit":"px","top":"20","right":"43","bottom":"20","left":"43","isLinked":false},"button_border_radius":{"unit":"px","top":"30","right":"30","bottom":"30","left":"30","isLinked":true},"table_footer_bg_color":"#F6D242","additional_info_color":"rgba(0, 0, 0, 0.48)","additional_info_bg_color":"#F6F8F8","additional_info_margin":{"unit":"px","size":30,"sizes":[]},"additional_info_typography_typography":"custom","additional_info_typography_font_family":"Open Sans","additional_info_typography_font_size":{"unit":"px","size":16,"sizes":[]},"additional_info_typography_font_weight":"700","_padding":{"unit":"px","top":"0","right":"0","bottom":"0","left":"0","isLinked":false},"_background_background":"classic","_background_color":"#F6D242","pp_display_conditions":[{"pp_condition_key":"authentication","pp_condition_operator":"is","pp_condition_authentication_value":"authenticated","_id":"0915c2c","pp_condition_user_value":"","pp_condition_role_value":"subscriber","pp_condition_page_value":"","pp_condition_post_value":"","pp_condition_static_page_value":"home","pp_condition_post_type_value":"","pp_condition_taxonomy_archive_value":"","pp_condition_term_archive_value":"","pp_condition_post_type_archive_value":"","pp_condition_date_archive_value":"","pp_condition_author_archive_value":"","pp_condition_search_results_value":"","pp_condition_date_value":"2020-07-03 to 2020-07-09","pp_condition_date_time_before_value":"2020-07-09 09:45","pp_condition_time_value":"","pp_condition_day_value":"1","pp_condition_os_value":"iphone","pp_condition_browser_value":"ie","pp_condition_search-bot_value":"all_search_bots"}]},"elements":[],"widgetType":"pp-pricing-table"},{"id":"2389d9a4","elType":"widget","settings":{"text":"save 0%","align":"center","typography_typography":"custom","typography_font_family":"Open Sans","typography_font_size":{"unit":"px","size":16,"sizes":[]},"typography_font_weight":"400","button_text_color":"rgba(0, 0, 0, 0.5)","background_color":"#F6F8F8","border_radius":{"unit":"px","top":"10","right":"10","bottom":"10","left":"10","isLinked":true},"text_padding":{"unit":"px","top":"6","right":"15","bottom":"6","left":"15","isLinked":false},"pp_display_conditions":[{"pp_condition_key":"authentication","pp_condition_operator":"is","pp_condition_authentication_value":"authenticated","_id":"4bdac10","pp_condition_user_value":"","pp_condition_role_value":"subscriber","pp_condition_page_value":"","pp_condition_post_value":"","pp_condition_static_page_value":"home","pp_condition_post_type_value":"","pp_condition_taxonomy_archive_value":"","pp_condition_term_archive_value":"","pp_condition_post_type_archive_value":"","pp_condition_date_archive_value":"","pp_condition_author_archive_value":"","pp_condition_search_results_value":"","pp_condition_date_value":"2020-07-05 to 2020-07-11","pp_condition_date_time_before_value":"2020-07-11 10:53","pp_condition_time_value":"","pp_condition_day_value":"1","pp_condition_os_value":"iphone","pp_condition_browser_value":"ie","pp_condition_search-bot_value":"all_search_bots"}]},"elements":[],"widgetType":"button"}],"isInner":false},{"id":"7f1d3268","elType":"column","settings":{"_column_size":33,"_inline_size":null,"background_background":"classic","background_color":"#F6D242","border_radius":{"unit":"px","top":"10","right":"10","bottom":"10","left":"10","isLinked":true},"box_shadow_box_shadow_type":"yes","box_shadow_box_shadow":{"horizontal":0,"vertical":3,"blur":10,"spread":0,"color":"rgba(0, 0, 0, 0.15)"},"margin":{"unit":"px","top":"65","right":"10","bottom":"30","left":"10","isLinked":false},"padding":{"unit":"px","top":"10","right":"10","bottom":"50","left":"10","isLinked":false},"margin_mobile":{"unit":"px","top":"65","right":"0","bottom":"50","left":"0","isLinked":false}},"elements":[{"id":"976ecde","elType":"widget","settings":{"image":{"url":"https:\/\/demo.powerpackelements.com\/wp-content\/uploads\/2020\/07\/price-1-icon2.png","id":1094},"_margin":{"unit":"px","top":"-75","right":"0","bottom":"0","left":"0","isLinked":false},"pp_display_conditions":[{"pp_condition_key":"authentication","pp_condition_operator":"is","pp_condition_authentication_value":"authenticated","_id":"664a7f8","pp_condition_user_value":"","pp_condition_role_value":"subscriber","pp_condition_page_value":"","pp_condition_post_value":"","pp_condition_static_page_value":"home","pp_condition_post_type_value":"","pp_condition_taxonomy_archive_value":"","pp_condition_term_archive_value":"","pp_condition_post_type_archive_value":"","pp_condition_date_archive_value":"","pp_condition_author_archive_value":"","pp_condition_search_results_value":"","pp_condition_date_value":"2020-07-05 to 2020-07-11","pp_condition_date_time_before_value":"2020-07-11 10:53","pp_condition_time_value":"","pp_condition_day_value":"1","pp_condition_os_value":"iphone","pp_condition_browser_value":"ie","pp_condition_search-bot_value":"all_search_bots"}]},"elements":[],"widgetType":"image"},{"id":"7d8e17e9","elType":"widget","settings":{"table_title":"","table_subtitle":"","table_price":"99.95","table_original_price":"69","table_duration":"\/month","table_features":[{"feature_text":"Billed $99.95 every 12 months 30-day money-back guarantee","select_feature_icon":{"value":"","library":""},"exclude":"","feature_icon_color":"","feature_text_color":"","feature_bg_color":"","_id":"bb177ec"}],"ribbon_title":"New","table_button_text":"Get 12-month plan\u200b","table_additional_info":"","table_title_bg_color":"#F6D242","table_title_padding":{"unit":"px","top":"0","right":"0","bottom":"0","left":"0","isLinked":true},"table_pricing_typography_typography":"custom","table_pricing_typography_font_family":"Open Sans","table_pricing_typography_font_size":{"unit":"px","size":40,"sizes":[]},"table_pricing_typography_font_weight":"700","table_price_color_normal":"#FFFFFF","table_price_bg_color_normal":"#F6D242","price_border_normal_border":"solid","price_border_normal_width":{"unit":"px","top":"0","right":"0","bottom":"1","left":"0","isLinked":false},"price_border_normal_color":"rgba(0, 0, 0, 0.1)","table_price_margin":{"unit":"px","top":"0","right":"60","bottom":"0","left":"60","isLinked":false},"table_price_padding":{"unit":"px","top":"10","right":"0","bottom":"25","left":"0","isLinked":false},"currency_size":{"unit":"px","size":60,"sizes":[]},"currency_vertical_position":"bottom","duration_typography_typography":"custom","duration_typography_font_family":"Open Sans","duration_typography_font_size":{"unit":"px","size":24,"sizes":[]},"duration_typography_font_weight":"700","table_features_align":"center","table_features_bg_color":"#F6D242","table_features_text_color":"#FFFFFF","table_features_padding":{"unit":"px","top":"50","right":"50","bottom":"20","left":"50","isLinked":false},"table_features_margin":{"unit":"px","size":40,"sizes":[]},"table_features_typography_typography":"custom","table_features_typography_font_family":"Rubik","table_features_typography_font_size":{"unit":"px","size":16,"sizes":[]},"table_features_typography_font_weight":"400","button_bg_color_normal":"#252525","button_text_color_normal":"#FFFFFF","button_border_normal_border":"solid","button_border_normal_width":{"unit":"px","top":"2","right":"2","bottom":"2","left":"2","isLinked":true},"button_border_normal_color":"#252525","button_typography_typography":"custom","button_typography_font_family":"Open Sans","button_typography_font_size":{"unit":"px","size":16,"sizes":[]},"button_typography_font_weight":"700","table_button_padding":{"unit":"px","top":"20","right":"43","bottom":"20","left":"43","isLinked":false},"button_border_radius":{"unit":"px","top":"30","right":"30","bottom":"30","left":"30","isLinked":true},"table_footer_bg_color":"#F6D242","additional_info_color":"rgba(0, 0, 0, 0.48)","additional_info_bg_color":"#F6F8F8","additional_info_margin":{"unit":"px","size":30,"sizes":[]},"additional_info_typography_typography":"custom","additional_info_typography_font_family":"Open Sans","additional_info_typography_font_size":{"unit":"px","size":16,"sizes":[]},"additional_info_typography_font_weight":"700","_padding":{"unit":"px","top":"0","right":"0","bottom":"0","left":"0","isLinked":false},"_background_background":"classic","_background_color":"#F6D242","pp_display_conditions":[{"pp_condition_key":"authentication","pp_condition_operator":"is","pp_condition_authentication_value":"authenticated","_id":"0915c2c","pp_condition_user_value":"","pp_condition_role_value":"subscriber","pp_condition_page_value":"","pp_condition_post_value":"","pp_condition_static_page_value":"home","pp_condition_post_type_value":"","pp_condition_taxonomy_archive_value":"","pp_condition_term_archive_value":"","pp_condition_post_type_archive_value":"","pp_condition_date_archive_value":"","pp_condition_author_archive_value":"","pp_condition_search_results_value":"","pp_condition_date_value":"2020-07-03 to 2020-07-09","pp_condition_date_time_before_value":"2020-07-09 09:45","pp_condition_time_value":"","pp_condition_day_value":"1","pp_condition_os_value":"iphone","pp_condition_browser_value":"ie","pp_condition_search-bot_value":"all_search_bots"}]},"elements":[],"widgetType":"pp-pricing-table"},{"id":"77377f51","elType":"widget","settings":{"text":"save 30%","align":"center","typography_typography":"custom","typography_font_family":"Open Sans","typography_font_size":{"unit":"px","size":16,"sizes":[]},"typography_font_weight":"400","button_text_color":"rgba(0, 0, 0, 0.81)","background_color":"#F6F8F8","border_radius":{"unit":"px","top":"10","right":"10","bottom":"10","left":"10","isLinked":true},"text_padding":{"unit":"px","top":"6","right":"15","bottom":"6","left":"15","isLinked":false},"pp_display_conditions":[{"pp_condition_key":"authentication","pp_condition_operator":"is","pp_condition_authentication_value":"authenticated","_id":"4bdac10","pp_condition_user_value":"","pp_condition_role_value":"subscriber","pp_condition_page_value":"","pp_condition_post_value":"","pp_condition_static_page_value":"home","pp_condition_post_type_value":"","pp_condition_taxonomy_archive_value":"","pp_condition_term_archive_value":"","pp_condition_post_type_archive_value":"","pp_condition_date_archive_value":"","pp_condition_author_archive_value":"","pp_condition_search_results_value":"","pp_condition_date_value":"2020-07-05 to 2020-07-11","pp_condition_date_time_before_value":"2020-07-11 10:53","pp_condition_time_value":"","pp_condition_day_value":"1","pp_condition_os_value":"iphone","pp_condition_browser_value":"ie","pp_condition_search-bot_value":"all_search_bots"}]},"elements":[],"widgetType":"button"}],"isInner":false},{"id":"21010404","elType":"column","settings":{"_column_size":33,"_inline_size":null,"background_background":"classic","background_color":"#F6D242","border_radius":{"unit":"px","top":"10","right":"10","bottom":"10","left":"10","isLinked":true},"box_shadow_box_shadow_type":"yes","box_shadow_box_shadow":{"horizontal":0,"vertical":3,"blur":10,"spread":0,"color":"rgba(0, 0, 0, 0.15)"},"margin":{"unit":"px","top":"65","right":"0","bottom":"30","left":"20","isLinked":false},"padding":{"unit":"px","top":"10","right":"10","bottom":"50","left":"10","isLinked":false},"margin_mobile":{"unit":"px","top":"65","right":"0","bottom":"0","left":"0","isLinked":false}},"elements":[{"id":"5c86c2a2","elType":"widget","settings":{"image":{"url":"https:\/\/demo.powerpackelements.com\/wp-content\/uploads\/2020\/07\/price-1-icon3.png","id":1095},"_margin":{"unit":"px","top":"-75","right":"0","bottom":"0","left":"0","isLinked":false},"pp_display_conditions":[{"pp_condition_key":"authentication","pp_condition_operator":"is","pp_condition_authentication_value":"authenticated","_id":"664a7f8","pp_condition_user_value":"","pp_condition_role_value":"subscriber","pp_condition_page_value":"","pp_condition_post_value":"","pp_condition_static_page_value":"home","pp_condition_post_type_value":"","pp_condition_taxonomy_archive_value":"","pp_condition_term_archive_value":"","pp_condition_post_type_archive_value":"","pp_condition_date_archive_value":"","pp_condition_author_archive_value":"","pp_condition_search_results_value":"","pp_condition_date_value":"2020-07-05 to 2020-07-11","pp_condition_date_time_before_value":"2020-07-11 10:53","pp_condition_time_value":"","pp_condition_day_value":"1","pp_condition_os_value":"iphone","pp_condition_browser_value":"ie","pp_condition_search-bot_value":"all_search_bots"}]},"elements":[],"widgetType":"image"},{"id":"4cd8ea2d","elType":"widget","settings":{"table_title":"","table_subtitle":"","table_price":"59.95","table_original_price":"69","table_duration":"\/month","table_features":[{"feature_text":"Billed $59.95 every 6 months 30-day money-back guarantee","select_feature_icon":{"value":"","library":""},"exclude":"","feature_icon_color":"","feature_text_color":"","feature_bg_color":"","_id":"bb177ec"}],"ribbon_title":"New","table_button_text":"Get 6-month plan\u200b","table_additional_info":"","table_title_bg_color":"#F6D242","table_title_padding":{"unit":"px","top":"0","right":"0","bottom":"0","left":"0","isLinked":true},"table_pricing_typography_typography":"custom","table_pricing_typography_font_family":"Open Sans","table_pricing_typography_font_size":{"unit":"px","size":40,"sizes":[]},"table_pricing_typography_font_weight":"700","table_price_color_normal":"#FFFFFF","table_price_bg_color_normal":"#F6D242","price_border_normal_border":"solid","price_border_normal_width":{"unit":"px","top":"0","right":"0","bottom":"1","left":"0","isLinked":false},"price_border_normal_color":"rgba(0, 0, 0, 0.1)","table_price_margin":{"unit":"px","top":"0","right":"60","bottom":"0","left":"60","isLinked":false},"table_price_padding":{"unit":"px","top":"10","right":"0","bottom":"25","left":"0","isLinked":false},"currency_size":{"unit":"px","size":60,"sizes":[]},"currency_vertical_position":"bottom","duration_typography_typography":"custom","duration_typography_font_family":"Open Sans","duration_typography_font_size":{"unit":"px","size":24,"sizes":[]},"duration_typography_font_weight":"700","table_features_align":"center","table_features_bg_color":"#F6D242","table_features_text_color":"#FFFFFF","table_features_padding":{"unit":"px","top":"50","right":"50","bottom":"20","left":"50","isLinked":false},"table_features_margin":{"unit":"px","size":40,"sizes":[]},"table_features_typography_typography":"custom","table_features_typography_font_family":"Rubik","table_features_typography_font_size":{"unit":"px","size":16,"sizes":[]},"table_features_typography_font_weight":"400","button_bg_color_normal":"rgba(2, 1, 1, 0)","button_text_color_normal":"#000000","button_border_normal_border":"solid","button_border_normal_width":{"unit":"px","top":"2","right":"2","bottom":"2","left":"2","isLinked":true},"button_border_normal_color":"#EEEEEE","button_typography_typography":"custom","button_typography_font_family":"Open Sans","button_typography_font_size":{"unit":"px","size":16,"sizes":[]},"button_typography_font_weight":"700","table_button_padding":{"unit":"px","top":"20","right":"43","bottom":"20","left":"43","isLinked":false},"button_border_radius":{"unit":"px","top":"30","right":"30","bottom":"30","left":"30","isLinked":true},"table_footer_bg_color":"#F6D242","additional_info_color":"rgba(0, 0, 0, 0.48)","additional_info_bg_color":"#F6F8F8","additional_info_margin":{"unit":"px","size":30,"sizes":[]},"additional_info_typography_typography":"custom","additional_info_typography_font_family":"Open Sans","additional_info_typography_font_size":{"unit":"px","size":16,"sizes":[]},"additional_info_typography_font_weight":"700","_padding":{"unit":"px","top":"0","right":"0","bottom":"0","left":"0","isLinked":false},"_background_background":"classic","_background_color":"#F6D242","pp_display_conditions":[{"pp_condition_key":"authentication","pp_condition_operator":"is","pp_condition_authentication_value":"authenticated","_id":"0915c2c","pp_condition_user_value":"","pp_condition_role_value":"subscriber","pp_condition_page_value":"","pp_condition_post_value":"","pp_condition_static_page_value":"home","pp_condition_post_type_value":"","pp_condition_taxonomy_archive_value":"","pp_condition_term_archive_value":"","pp_condition_post_type_archive_value":"","pp_condition_date_archive_value":"","pp_condition_author_archive_value":"","pp_condition_search_results_value":"","pp_condition_date_value":"2020-07-03 to 2020-07-09","pp_condition_date_time_before_value":"2020-07-09 09:45","pp_condition_time_value":"","pp_condition_day_value":"1","pp_condition_os_value":"iphone","pp_condition_browser_value":"ie","pp_condition_search-bot_value":"all_search_bots"}]},"elements":[],"widgetType":"pp-pricing-table"},{"id":"76d27e7b","elType":"widget","settings":{"text":"save 22%","align":"center","typography_typography":"custom","typography_font_family":"Open Sans","typography_font_size":{"unit":"px","size":16,"sizes":[]},"typography_font_weight":"400","button_text_color":"rgba(0, 0, 0, 0.5)","background_color":"#F6F8F8","border_radius":{"unit":"px","top":"10","right":"10","bottom":"10","left":"10","isLinked":true},"text_padding":{"unit":"px","top":"6","right":"15","bottom":"6","left":"15","isLinked":false},"pp_display_conditions":[{"pp_condition_key":"authentication","pp_condition_operator":"is","pp_condition_authentication_value":"authenticated","_id":"4bdac10","pp_condition_user_value":"","pp_condition_role_value":"subscriber","pp_condition_page_value":"","pp_condition_post_value":"","pp_condition_static_page_value":"home","pp_condition_post_type_value":"","pp_condition_taxonomy_archive_value":"","pp_condition_term_archive_value":"","pp_condition_post_type_archive_value":"","pp_condition_date_archive_value":"","pp_condition_author_archive_value":"","pp_condition_search_results_value":"","pp_condition_date_value":"2020-07-05 to 2020-07-11","pp_condition_date_time_before_value":"2020-07-11 10:53","pp_condition_time_value":"","pp_condition_day_value":"1","pp_condition_os_value":"iphone","pp_condition_browser_value":"ie","pp_condition_search-bot_value":"all_search_bots"}]},"elements":[],"widgetType":"button"}],"isInner":false}],"isInner":false}]}