{"content":[{"id":"74182488","elType":"section","settings":{"content_width":{"unit":"px","size":1200,"sizes":[]},"background_background":"classic","background_color":"#F6F6F6","pp_display_conditions":[{"pp_condition_key":"authentication","pp_condition_operator":"is","pp_condition_authentication_value":"authenticated","_id":"ef8e7dc","pp_condition_user_value":"","pp_condition_role_value":"subscriber","pp_condition_page_value":"","pp_condition_post_value":"","pp_condition_static_page_value":"home","pp_condition_post_type_value":"","pp_condition_taxonomy_archive_value":"","pp_condition_term_archive_value":"","pp_condition_post_type_archive_value":"","pp_condition_date_archive_value":"","pp_condition_author_archive_value":"","pp_condition_search_results_value":"","pp_condition_date_value":"2020-07-04 to 2020-07-10","pp_condition_date_time_before_value":"2020-07-10 11:11","pp_condition_time_value":"","pp_condition_day_value":"1","pp_condition_os_value":"iphone","pp_condition_browser_value":"ie","pp_condition_search-bot_value":"all_search_bots"}]},"elements":[{"id":"3a9c303c","elType":"column","settings":{"_column_size":100,"_inline_size":null},"elements":[{"id":"5f679d4d","elType":"widget","settings":{"title":"Pricing Plans","align":"center","title_color":"rgba(0, 0, 0, 0.5)","typography_typography":"custom","typography_font_family":"Poppins","typography_font_size":{"unit":"px","size":36,"sizes":[]},"typography_font_weight":"300","_padding":{"unit":"px","top":"100","right":"0","bottom":"50","left":"0","isLinked":false},"pp_display_conditions":[{"pp_condition_key":"authentication","pp_condition_operator":"is","pp_condition_authentication_value":"authenticated","_id":"368edf6","pp_condition_user_value":"","pp_condition_role_value":"subscriber","pp_condition_page_value":"","pp_condition_post_value":"","pp_condition_static_page_value":"home","pp_condition_post_type_value":"","pp_condition_taxonomy_archive_value":"","pp_condition_term_archive_value":"","pp_condition_post_type_archive_value":"","pp_condition_date_archive_value":"","pp_condition_author_archive_value":"","pp_condition_search_results_value":"","pp_condition_date_value":"2020-07-05 to 2020-07-11","pp_condition_date_time_before_value":"2020-07-11 11:30","pp_condition_time_value":"","pp_condition_day_value":"1","pp_condition_os_value":"iphone","pp_condition_browser_value":"ie","pp_condition_search-bot_value":"all_search_bots"}]},"elements":[],"widgetType":"heading"}],"isInner":false}],"isInner":false},{"id":"e7361cb","elType":"section","settings":{"structure":"30","pp_display_conditions":[{"pp_condition_key":"authentication","pp_condition_operator":"is","pp_condition_authentication_value":"authenticated","_id":"ef8e7dc","pp_condition_user_value":"","pp_condition_role_value":"subscriber","pp_condition_page_value":"","pp_condition_post_value":"","pp_condition_static_page_value":"home","pp_condition_post_type_value":"","pp_condition_taxonomy_archive_value":"","pp_condition_term_archive_value":"","pp_condition_post_type_archive_value":"","pp_condition_date_archive_value":"","pp_condition_author_archive_value":"","pp_condition_search_results_value":"","pp_condition_date_value":"2020-07-04 to 2020-07-10","pp_condition_date_time_before_value":"2020-07-10 11:11","pp_condition_time_value":"","pp_condition_day_value":"1","pp_condition_os_value":"iphone","pp_condition_browser_value":"ie","pp_condition_search-bot_value":"all_search_bots"}],"content_width":{"unit":"px","size":1200,"sizes":[]},"background_background":"classic","background_color":"#F6F6F6","padding":{"unit":"px","top":"0","right":"0","bottom":"100","left":"0","isLinked":false}},"elements":[{"id":"228f2731","elType":"column","settings":{"_column_size":33,"_inline_size":null,"background_background":"classic","background_color":"#FFFFFF","border_radius":{"unit":"px","top":"18","right":"18","bottom":"18","left":"18","isLinked":true},"box_shadow_box_shadow_type":"yes","box_shadow_box_shadow":{"horizontal":0,"vertical":44,"blur":32,"spread":0,"color":"rgba(0, 0, 0, 0.04)"},"margin":{"unit":"px","top":"0","right":"15","bottom":"0","left":"15","isLinked":false},"padding":{"unit":"px","top":"35","right":"0","bottom":"0","left":"0","isLinked":false},"z_index":1,"margin_mobile":{"unit":"px","top":"0","right":"15","bottom":"30","left":"15","isLinked":false}},"elements":[{"id":"3581ef0c","elType":"widget","settings":{"title":"Basic","align":"center","title_color":"#000000","typography_typography":"custom","typography_font_family":"Poppins","typography_font_size":{"unit":"px","size":16,"sizes":[]},"typography_font_weight":"500","pp_display_conditions":[{"pp_condition_key":"authentication","pp_condition_operator":"is","pp_condition_authentication_value":"authenticated","_id":"0841fd7","pp_condition_user_value":"","pp_condition_role_value":"subscriber","pp_condition_page_value":"","pp_condition_post_value":"","pp_condition_static_page_value":"home","pp_condition_post_type_value":"","pp_condition_taxonomy_archive_value":"","pp_condition_term_archive_value":"","pp_condition_post_type_archive_value":"","pp_condition_date_archive_value":"","pp_condition_author_archive_value":"","pp_condition_search_results_value":"","pp_condition_date_value":"2020-07-05 to 2020-07-11","pp_condition_date_time_before_value":"2020-07-11 11:30","pp_condition_time_value":"","pp_condition_day_value":"1","pp_condition_os_value":"iphone","pp_condition_browser_value":"ie","pp_condition_search-bot_value":"all_search_bots"}]},"elements":[],"widgetType":"heading"},{"id":"680c1bff","elType":"widget","settings":{"image":{"url":"https:\/\/demo.powerpackelements.com\/wp-content\/uploads\/2020\/07\/price-2-icon1.png","id":1117},"pp_display_conditions":[{"pp_condition_key":"authentication","pp_condition_operator":"is","pp_condition_authentication_value":"authenticated","_id":"2299f9e","pp_condition_user_value":"","pp_condition_role_value":"subscriber","pp_condition_page_value":"","pp_condition_post_value":"","pp_condition_static_page_value":"home","pp_condition_post_type_value":"","pp_condition_taxonomy_archive_value":"","pp_condition_term_archive_value":"","pp_condition_post_type_archive_value":"","pp_condition_date_archive_value":"","pp_condition_author_archive_value":"","pp_condition_search_results_value":"","pp_condition_date_value":"2020-07-05 to 2020-07-11","pp_condition_date_time_before_value":"2020-07-11 11:30","pp_condition_time_value":"","pp_condition_day_value":"1","pp_condition_os_value":"iphone","pp_condition_browser_value":"ie","pp_condition_search-bot_value":"all_search_bots"}]},"elements":[],"widgetType":"image"},{"id":"14e5109","elType":"widget","settings":{"first_text":"$","second_text":"9","align":"center","first_text_color":"#1631A4","first_typography_typography":"custom","first_typography_font_family":"Poppins","first_typography_font_weight":"700","first_typography_line_height":{"unit":"em","size":1,"sizes":[]},"first_text_padding":{"unit":"px","top":"0","right":"0","bottom":"0","left":"0","isLinked":false},"second_text_color":"#1631A4","second_typography_typography":"custom","second_typography_font_family":"Poppins","second_typography_font_size":{"unit":"px","size":48,"sizes":[]},"second_typography_font_weight":"700","second_typography_line_height":{"unit":"em","size":1,"sizes":[]},"second_text_padding":{"unit":"px","top":"0","right":"0","bottom":"0","left":"0","isLinked":false},"_margin":{"unit":"px","top":"0","right":"0","bottom":"-35","left":"0","isLinked":false},"pp_display_conditions":[{"pp_condition_key":"authentication","pp_condition_operator":"is","pp_condition_authentication_value":"authenticated","_id":"ebb5020","pp_condition_user_value":"","pp_condition_role_value":"subscriber","pp_condition_page_value":"","pp_condition_post_value":"","pp_condition_static_page_value":"home","pp_condition_post_type_value":"","pp_condition_taxonomy_archive_value":"","pp_condition_term_archive_value":"","pp_condition_post_type_archive_value":"","pp_condition_date_archive_value":"","pp_condition_author_archive_value":"","pp_condition_search_results_value":"","pp_condition_date_value":"2020-07-05 to 2020-07-11","pp_condition_date_time_before_value":"2020-07-11 11:30","pp_condition_time_value":"","pp_condition_day_value":"1","pp_condition_os_value":"iphone","pp_condition_browser_value":"ie","pp_condition_search-bot_value":"all_search_bots"}]},"elements":[],"widgetType":"pp-dual-heading"},{"id":"132db86f","elType":"widget","settings":{"title":"per month","align":"center","title_color":"rgba(0, 0, 0, 0.7)","typography_typography":"custom","typography_font_family":"Poppins","typography_font_size":{"unit":"px","size":16,"sizes":[]},"typography_font_weight":"400","_margin":{"unit":"px","top":"0","right":"0","bottom":"15","left":"0","isLinked":false},"pp_display_conditions":[{"pp_condition_key":"authentication","pp_condition_operator":"is","pp_condition_authentication_value":"authenticated","_id":"a4d1750","pp_condition_user_value":"","pp_condition_role_value":"subscriber","pp_condition_page_value":"","pp_condition_post_value":"","pp_condition_static_page_value":"home","pp_condition_post_type_value":"","pp_condition_taxonomy_archive_value":"","pp_condition_term_archive_value":"","pp_condition_post_type_archive_value":"","pp_condition_date_archive_value":"","pp_condition_author_archive_value":"","pp_condition_search_results_value":"","pp_condition_date_value":"2020-07-05 to 2020-07-11","pp_condition_date_time_before_value":"2020-07-11 11:30","pp_condition_time_value":"","pp_condition_day_value":"1","pp_condition_os_value":"iphone","pp_condition_browser_value":"ie","pp_condition_search-bot_value":"all_search_bots"}]},"elements":[],"widgetType":"heading"},{"id":"4aa6d67","elType":"widget","settings":{"editor":"<p>Improve your best buying experience<\/p>","text_color":"rgba(0, 0, 0, 0.8)","typography_typography":"custom","typography_font_family":"Poppins","typography_font_size":{"unit":"px","size":16,"sizes":[]},"typography_line_height":{"unit":"em","size":1.5,"sizes":[]},"_padding":{"unit":"px","top":"0","right":"50","bottom":"0","left":"80","isLinked":false},"pp_display_conditions":[{"pp_condition_key":"authentication","pp_condition_operator":"is","pp_condition_authentication_value":"authenticated","_id":"8acb7e6","pp_condition_user_value":"","pp_condition_role_value":"subscriber","pp_condition_page_value":"","pp_condition_post_value":"","pp_condition_static_page_value":"home","pp_condition_post_type_value":"","pp_condition_taxonomy_archive_value":"","pp_condition_term_archive_value":"","pp_condition_post_type_archive_value":"","pp_condition_date_archive_value":"","pp_condition_author_archive_value":"","pp_condition_search_results_value":"","pp_condition_date_value":"2020-07-05 to 2020-07-11","pp_condition_date_time_before_value":"2020-07-11 11:30","pp_condition_time_value":"","pp_condition_day_value":"1","pp_condition_os_value":"iphone","pp_condition_browser_value":"ie","pp_condition_search-bot_value":"all_search_bots"}]},"elements":[],"widgetType":"text-editor"},{"id":"c5d51a8","elType":"widget","settings":{"text":"Buy now","align":"justify","typography_typography":"custom","typography_font_family":"Poppins","typography_font_size":{"unit":"px","size":16,"sizes":[]},"typography_font_weight":"700","typography_text_transform":"uppercase","button_text_color":"#1631A4","background_color":"#F7F7F7","hover_color":"#FFFFFF","button_background_hover_color":"#1631A4","border_radius":{"unit":"px","top":"0","right":"0","bottom":"18","left":"18","isLinked":false},"button_box_shadow_box_shadow_type":"yes","button_box_shadow_box_shadow":{"horizontal":0,"vertical":32,"blur":44,"spread":0,"color":"rgba(0, 0, 0, 0.04)"},"text_padding":{"unit":"px","top":"28","right":"0","bottom":"28","left":"0","isLinked":false},"_margin":{"unit":"px","top":"0","right":"0","bottom":"0","left":"0","isLinked":false},"_z_index":0,"pp_display_conditions":[{"pp_condition_key":"authentication","pp_condition_operator":"is","pp_condition_authentication_value":"authenticated","_id":"dfd9cfd","pp_condition_user_value":"","pp_condition_role_value":"subscriber","pp_condition_page_value":"","pp_condition_post_value":"","pp_condition_static_page_value":"home","pp_condition_post_type_value":"","pp_condition_taxonomy_archive_value":"","pp_condition_term_archive_value":"","pp_condition_post_type_archive_value":"","pp_condition_date_archive_value":"","pp_condition_author_archive_value":"","pp_condition_search_results_value":"","pp_condition_date_value":"2020-07-05 to 2020-07-11","pp_condition_date_time_before_value":"2020-07-11 11:30","pp_condition_time_value":"","pp_condition_day_value":"1","pp_condition_os_value":"iphone","pp_condition_browser_value":"ie","pp_condition_search-bot_value":"all_search_bots"}]},"elements":[],"widgetType":"button"}],"isInner":false},{"id":"69600758","elType":"column","settings":{"_column_size":33,"_inline_size":null,"background_background":"classic","background_color":"#FFFFFF","border_radius":{"unit":"px","top":"18","right":"18","bottom":"18","left":"18","isLinked":true},"box_shadow_box_shadow_type":"yes","box_shadow_box_shadow":{"horizontal":0,"vertical":44,"blur":32,"spread":0,"color":"rgba(0, 0, 0, 0.04)"},"margin":{"unit":"px","top":"0","right":"15","bottom":"0","left":"15","isLinked":false},"padding":{"unit":"px","top":"35","right":"0","bottom":"0","left":"0","isLinked":false},"z_index":1,"margin_mobile":{"unit":"px","top":"0","right":"15","bottom":"30","left":"15","isLinked":false}},"elements":[{"id":"280272bd","elType":"widget","settings":{"title":"Standard","align":"center","title_color":"#000000","typography_typography":"custom","typography_font_family":"Poppins","typography_font_size":{"unit":"px","size":16,"sizes":[]},"typography_font_weight":"500","pp_display_conditions":[{"pp_condition_key":"authentication","pp_condition_operator":"is","pp_condition_authentication_value":"authenticated","_id":"0841fd7","pp_condition_user_value":"","pp_condition_role_value":"subscriber","pp_condition_page_value":"","pp_condition_post_value":"","pp_condition_static_page_value":"home","pp_condition_post_type_value":"","pp_condition_taxonomy_archive_value":"","pp_condition_term_archive_value":"","pp_condition_post_type_archive_value":"","pp_condition_date_archive_value":"","pp_condition_author_archive_value":"","pp_condition_search_results_value":"","pp_condition_date_value":"2020-07-05 to 2020-07-11","pp_condition_date_time_before_value":"2020-07-11 11:30","pp_condition_time_value":"","pp_condition_day_value":"1","pp_condition_os_value":"iphone","pp_condition_browser_value":"ie","pp_condition_search-bot_value":"all_search_bots"}]},"elements":[],"widgetType":"heading"},{"id":"4017a3c1","elType":"widget","settings":{"image":{"url":"https:\/\/demo.powerpackelements.com\/wp-content\/uploads\/2020\/07\/price-2-icon2.png","id":1118},"pp_display_conditions":[{"pp_condition_key":"authentication","pp_condition_operator":"is","pp_condition_authentication_value":"authenticated","_id":"2299f9e","pp_condition_user_value":"","pp_condition_role_value":"subscriber","pp_condition_page_value":"","pp_condition_post_value":"","pp_condition_static_page_value":"home","pp_condition_post_type_value":"","pp_condition_taxonomy_archive_value":"","pp_condition_term_archive_value":"","pp_condition_post_type_archive_value":"","pp_condition_date_archive_value":"","pp_condition_author_archive_value":"","pp_condition_search_results_value":"","pp_condition_date_value":"2020-07-05 to 2020-07-11","pp_condition_date_time_before_value":"2020-07-11 11:30","pp_condition_time_value":"","pp_condition_day_value":"1","pp_condition_os_value":"iphone","pp_condition_browser_value":"ie","pp_condition_search-bot_value":"all_search_bots"}]},"elements":[],"widgetType":"image"},{"id":"1945d821","elType":"widget","settings":{"first_text":"$","second_text":"12","align":"center","first_text_color":"#1631A4","first_typography_typography":"custom","first_typography_font_family":"Poppins","first_typography_font_weight":"700","first_typography_line_height":{"unit":"em","size":1,"sizes":[]},"first_text_padding":{"unit":"px","top":"0","right":"0","bottom":"0","left":"0","isLinked":false},"second_text_color":"#1631A4","second_typography_typography":"custom","second_typography_font_family":"Poppins","second_typography_font_size":{"unit":"px","size":48,"sizes":[]},"second_typography_font_weight":"700","second_typography_line_height":{"unit":"em","size":1,"sizes":[]},"second_text_padding":{"unit":"px","top":"0","right":"0","bottom":"0","left":"0","isLinked":false},"_margin":{"unit":"px","top":"0","right":"0","bottom":"-35","left":"0","isLinked":false},"pp_display_conditions":[{"pp_condition_key":"authentication","pp_condition_operator":"is","pp_condition_authentication_value":"authenticated","_id":"ebb5020","pp_condition_user_value":"","pp_condition_role_value":"subscriber","pp_condition_page_value":"","pp_condition_post_value":"","pp_condition_static_page_value":"home","pp_condition_post_type_value":"","pp_condition_taxonomy_archive_value":"","pp_condition_term_archive_value":"","pp_condition_post_type_archive_value":"","pp_condition_date_archive_value":"","pp_condition_author_archive_value":"","pp_condition_search_results_value":"","pp_condition_date_value":"2020-07-05 to 2020-07-11","pp_condition_date_time_before_value":"2020-07-11 11:30","pp_condition_time_value":"","pp_condition_day_value":"1","pp_condition_os_value":"iphone","pp_condition_browser_value":"ie","pp_condition_search-bot_value":"all_search_bots"}]},"elements":[],"widgetType":"pp-dual-heading"},{"id":"5e2f5bb6","elType":"widget","settings":{"title":"per month","align":"center","title_color":"rgba(0, 0, 0, 0.7)","typography_typography":"custom","typography_font_family":"Poppins","typography_font_size":{"unit":"px","size":16,"sizes":[]},"typography_font_weight":"400","_margin":{"unit":"px","top":"0","right":"0","bottom":"15","left":"0","isLinked":false},"pp_display_conditions":[{"pp_condition_key":"authentication","pp_condition_operator":"is","pp_condition_authentication_value":"authenticated","_id":"a4d1750","pp_condition_user_value":"","pp_condition_role_value":"subscriber","pp_condition_page_value":"","pp_condition_post_value":"","pp_condition_static_page_value":"home","pp_condition_post_type_value":"","pp_condition_taxonomy_archive_value":"","pp_condition_term_archive_value":"","pp_condition_post_type_archive_value":"","pp_condition_date_archive_value":"","pp_condition_author_archive_value":"","pp_condition_search_results_value":"","pp_condition_date_value":"2020-07-05 to 2020-07-11","pp_condition_date_time_before_value":"2020-07-11 11:30","pp_condition_time_value":"","pp_condition_day_value":"1","pp_condition_os_value":"iphone","pp_condition_browser_value":"ie","pp_condition_search-bot_value":"all_search_bots"}]},"elements":[],"widgetType":"heading"},{"id":"71110995","elType":"widget","settings":{"editor":"<p>Improve your best buying experience<\/p>","text_color":"rgba(0, 0, 0, 0.8)","typography_typography":"custom","typography_font_family":"Poppins","typography_font_size":{"unit":"px","size":16,"sizes":[]},"typography_line_height":{"unit":"em","size":1.5,"sizes":[]},"_padding":{"unit":"px","top":"0","right":"50","bottom":"0","left":"80","isLinked":false},"pp_display_conditions":[{"pp_condition_key":"authentication","pp_condition_operator":"is","pp_condition_authentication_value":"authenticated","_id":"8acb7e6","pp_condition_user_value":"","pp_condition_role_value":"subscriber","pp_condition_page_value":"","pp_condition_post_value":"","pp_condition_static_page_value":"home","pp_condition_post_type_value":"","pp_condition_taxonomy_archive_value":"","pp_condition_term_archive_value":"","pp_condition_post_type_archive_value":"","pp_condition_date_archive_value":"","pp_condition_author_archive_value":"","pp_condition_search_results_value":"","pp_condition_date_value":"2020-07-05 to 2020-07-11","pp_condition_date_time_before_value":"2020-07-11 11:30","pp_condition_time_value":"","pp_condition_day_value":"1","pp_condition_os_value":"iphone","pp_condition_browser_value":"ie","pp_condition_search-bot_value":"all_search_bots"}]},"elements":[],"widgetType":"text-editor"},{"id":"6f840bd2","elType":"widget","settings":{"text":"Buy now","align":"justify","typography_typography":"custom","typography_font_family":"Poppins","typography_font_size":{"unit":"px","size":16,"sizes":[]},"typography_font_weight":"700","typography_text_transform":"uppercase","button_text_color":"#FFFFFF","background_color":"#1631A4","hover_color":"#FFFFFF","button_background_hover_color":"#1631A4","border_radius":{"unit":"px","top":"0","right":"0","bottom":"18","left":"18","isLinked":false},"button_box_shadow_box_shadow_type":"yes","button_box_shadow_box_shadow":{"horizontal":0,"vertical":32,"blur":44,"spread":0,"color":"rgba(0, 0, 0, 0.04)"},"text_padding":{"unit":"px","top":"28","right":"0","bottom":"28","left":"0","isLinked":false},"_margin":{"unit":"px","top":"0","right":"0","bottom":"0","left":"0","isLinked":false},"_z_index":0,"pp_display_conditions":[{"pp_condition_key":"authentication","pp_condition_operator":"is","pp_condition_authentication_value":"authenticated","_id":"dfd9cfd","pp_condition_user_value":"","pp_condition_role_value":"subscriber","pp_condition_page_value":"","pp_condition_post_value":"","pp_condition_static_page_value":"home","pp_condition_post_type_value":"","pp_condition_taxonomy_archive_value":"","pp_condition_term_archive_value":"","pp_condition_post_type_archive_value":"","pp_condition_date_archive_value":"","pp_condition_author_archive_value":"","pp_condition_search_results_value":"","pp_condition_date_value":"2020-07-05 to 2020-07-11","pp_condition_date_time_before_value":"2020-07-11 11:30","pp_condition_time_value":"","pp_condition_day_value":"1","pp_condition_os_value":"iphone","pp_condition_browser_value":"ie","pp_condition_search-bot_value":"all_search_bots"}]},"elements":[],"widgetType":"button"}],"isInner":false},{"id":"704a2721","elType":"column","settings":{"_column_size":33,"_inline_size":null,"background_background":"classic","background_color":"#FFFFFF","border_radius":{"unit":"px","top":"18","right":"18","bottom":"18","left":"18","isLinked":true},"box_shadow_box_shadow_type":"yes","box_shadow_box_shadow":{"horizontal":0,"vertical":44,"blur":32,"spread":0,"color":"rgba(0, 0, 0, 0.04)"},"margin":{"unit":"px","top":"0","right":"15","bottom":"0","left":"15","isLinked":false},"padding":{"unit":"px","top":"35","right":"0","bottom":"0","left":"0","isLinked":false},"z_index":1},"elements":[{"id":"78831d97","elType":"widget","settings":{"title":"Extreme","align":"center","title_color":"#000000","typography_typography":"custom","typography_font_family":"Poppins","typography_font_size":{"unit":"px","size":16,"sizes":[]},"typography_font_weight":"500","pp_display_conditions":[{"pp_condition_key":"authentication","pp_condition_operator":"is","pp_condition_authentication_value":"authenticated","_id":"0841fd7","pp_condition_user_value":"","pp_condition_role_value":"subscriber","pp_condition_page_value":"","pp_condition_post_value":"","pp_condition_static_page_value":"home","pp_condition_post_type_value":"","pp_condition_taxonomy_archive_value":"","pp_condition_term_archive_value":"","pp_condition_post_type_archive_value":"","pp_condition_date_archive_value":"","pp_condition_author_archive_value":"","pp_condition_search_results_value":"","pp_condition_date_value":"2020-07-05 to 2020-07-11","pp_condition_date_time_before_value":"2020-07-11 11:30","pp_condition_time_value":"","pp_condition_day_value":"1","pp_condition_os_value":"iphone","pp_condition_browser_value":"ie","pp_condition_search-bot_value":"all_search_bots"}]},"elements":[],"widgetType":"heading"},{"id":"1a564157","elType":"widget","settings":{"image":{"url":"https:\/\/demo.powerpackelements.com\/wp-content\/uploads\/2020\/07\/price-2-icon3.png","id":1119},"pp_display_conditions":[{"pp_condition_key":"authentication","pp_condition_operator":"is","pp_condition_authentication_value":"authenticated","_id":"2299f9e","pp_condition_user_value":"","pp_condition_role_value":"subscriber","pp_condition_page_value":"","pp_condition_post_value":"","pp_condition_static_page_value":"home","pp_condition_post_type_value":"","pp_condition_taxonomy_archive_value":"","pp_condition_term_archive_value":"","pp_condition_post_type_archive_value":"","pp_condition_date_archive_value":"","pp_condition_author_archive_value":"","pp_condition_search_results_value":"","pp_condition_date_value":"2020-07-05 to 2020-07-11","pp_condition_date_time_before_value":"2020-07-11 11:30","pp_condition_time_value":"","pp_condition_day_value":"1","pp_condition_os_value":"iphone","pp_condition_browser_value":"ie","pp_condition_search-bot_value":"all_search_bots"}]},"elements":[],"widgetType":"image"},{"id":"373aede2","elType":"widget","settings":{"first_text":"$","second_text":"15","align":"center","first_text_color":"#1631A4","first_typography_typography":"custom","first_typography_font_family":"Poppins","first_typography_font_weight":"700","first_typography_line_height":{"unit":"em","size":1,"sizes":[]},"first_text_padding":{"unit":"px","top":"0","right":"0","bottom":"0","left":"0","isLinked":false},"second_text_color":"#1631A4","second_typography_typography":"custom","second_typography_font_family":"Poppins","second_typography_font_size":{"unit":"px","size":48,"sizes":[]},"second_typography_font_weight":"700","second_typography_line_height":{"unit":"em","size":1,"sizes":[]},"second_text_padding":{"unit":"px","top":"0","right":"0","bottom":"0","left":"0","isLinked":false},"_margin":{"unit":"px","top":"0","right":"0","bottom":"-35","left":"0","isLinked":false},"pp_display_conditions":[{"pp_condition_key":"authentication","pp_condition_operator":"is","pp_condition_authentication_value":"authenticated","_id":"ebb5020","pp_condition_user_value":"","pp_condition_role_value":"subscriber","pp_condition_page_value":"","pp_condition_post_value":"","pp_condition_static_page_value":"home","pp_condition_post_type_value":"","pp_condition_taxonomy_archive_value":"","pp_condition_term_archive_value":"","pp_condition_post_type_archive_value":"","pp_condition_date_archive_value":"","pp_condition_author_archive_value":"","pp_condition_search_results_value":"","pp_condition_date_value":"2020-07-05 to 2020-07-11","pp_condition_date_time_before_value":"2020-07-11 11:30","pp_condition_time_value":"","pp_condition_day_value":"1","pp_condition_os_value":"iphone","pp_condition_browser_value":"ie","pp_condition_search-bot_value":"all_search_bots"}]},"elements":[],"widgetType":"pp-dual-heading"},{"id":"44ade404","elType":"widget","settings":{"title":"per month","align":"center","title_color":"rgba(0, 0, 0, 0.7)","typography_typography":"custom","typography_font_family":"Poppins","typography_font_size":{"unit":"px","size":16,"sizes":[]},"typography_font_weight":"400","_margin":{"unit":"px","top":"0","right":"0","bottom":"15","left":"0","isLinked":false},"pp_display_conditions":[{"pp_condition_key":"authentication","pp_condition_operator":"is","pp_condition_authentication_value":"authenticated","_id":"a4d1750","pp_condition_user_value":"","pp_condition_role_value":"subscriber","pp_condition_page_value":"","pp_condition_post_value":"","pp_condition_static_page_value":"home","pp_condition_post_type_value":"","pp_condition_taxonomy_archive_value":"","pp_condition_term_archive_value":"","pp_condition_post_type_archive_value":"","pp_condition_date_archive_value":"","pp_condition_author_archive_value":"","pp_condition_search_results_value":"","pp_condition_date_value":"2020-07-05 to 2020-07-11","pp_condition_date_time_before_value":"2020-07-11 11:30","pp_condition_time_value":"","pp_condition_day_value":"1","pp_condition_os_value":"iphone","pp_condition_browser_value":"ie","pp_condition_search-bot_value":"all_search_bots"}]},"elements":[],"widgetType":"heading"},{"id":"5b71da34","elType":"widget","settings":{"editor":"<p>Improve your best buying experience<\/p>","text_color":"rgba(0, 0, 0, 0.8)","typography_typography":"custom","typography_font_family":"Poppins","typography_font_size":{"unit":"px","size":16,"sizes":[]},"typography_line_height":{"unit":"em","size":1.5,"sizes":[]},"_padding":{"unit":"px","top":"0","right":"50","bottom":"0","left":"80","isLinked":false},"pp_display_conditions":[{"pp_condition_key":"authentication","pp_condition_operator":"is","pp_condition_authentication_value":"authenticated","_id":"8acb7e6","pp_condition_user_value":"","pp_condition_role_value":"subscriber","pp_condition_page_value":"","pp_condition_post_value":"","pp_condition_static_page_value":"home","pp_condition_post_type_value":"","pp_condition_taxonomy_archive_value":"","pp_condition_term_archive_value":"","pp_condition_post_type_archive_value":"","pp_condition_date_archive_value":"","pp_condition_author_archive_value":"","pp_condition_search_results_value":"","pp_condition_date_value":"2020-07-05 to 2020-07-11","pp_condition_date_time_before_value":"2020-07-11 11:30","pp_condition_time_value":"","pp_condition_day_value":"1","pp_condition_os_value":"iphone","pp_condition_browser_value":"ie","pp_condition_search-bot_value":"all_search_bots"}]},"elements":[],"widgetType":"text-editor"},{"id":"2ad7788d","elType":"widget","settings":{"text":"Buy now","align":"justify","typography_typography":"custom","typography_font_family":"Poppins","typography_font_size":{"unit":"px","size":16,"sizes":[]},"typography_font_weight":"700","typography_text_transform":"uppercase","button_text_color":"#1631A4","background_color":"#F7F7F7","hover_color":"#FFFFFF","button_background_hover_color":"#1631A4","border_radius":{"unit":"px","top":"0","right":"0","bottom":"18","left":"18","isLinked":false},"button_box_shadow_box_shadow_type":"yes","button_box_shadow_box_shadow":{"horizontal":0,"vertical":32,"blur":44,"spread":0,"color":"rgba(0, 0, 0, 0.04)"},"text_padding":{"unit":"px","top":"28","right":"0","bottom":"28","left":"0","isLinked":false},"_margin":{"unit":"px","top":"0","right":"0","bottom":"0","left":"0","isLinked":false},"_z_index":0,"pp_display_conditions":[{"pp_condition_key":"authentication","pp_condition_operator":"is","pp_condition_authentication_value":"authenticated","_id":"dfd9cfd","pp_condition_user_value":"","pp_condition_role_value":"subscriber","pp_condition_page_value":"","pp_condition_post_value":"","pp_condition_static_page_value":"home","pp_condition_post_type_value":"","pp_condition_taxonomy_archive_value":"","pp_condition_term_archive_value":"","pp_condition_post_type_archive_value":"","pp_condition_date_archive_value":"","pp_condition_author_archive_value":"","pp_condition_search_results_value":"","pp_condition_date_value":"2020-07-05 to 2020-07-11","pp_condition_date_time_before_value":"2020-07-11 11:30","pp_condition_time_value":"","pp_condition_day_value":"1","pp_condition_os_value":"iphone","pp_condition_browser_value":"ie","pp_condition_search-bot_value":"all_search_bots"}]},"elements":[],"widgetType":"button"}],"isInner":false}],"isInner":false}]}