{"content":[{"id":"2965f938","elType":"section","settings":{"background_background":"classic","background_image":{"url":"https:\/\/demo.powerpackelements.com\/wp-content\/uploads\/2020\/07\/price-3-bg.jpg","id":1125},"background_repeat":"no-repeat","background_size":"cover","pp_display_conditions":[{"pp_condition_key":"authentication","pp_condition_operator":"is","pp_condition_authentication_value":"authenticated","_id":"89cec68","pp_condition_user_value":"","pp_condition_role_value":"subscriber","pp_condition_page_value":"","pp_condition_post_value":"","pp_condition_static_page_value":"home","pp_condition_post_type_value":"","pp_condition_taxonomy_archive_value":"","pp_condition_term_archive_value":"","pp_condition_post_type_archive_value":"","pp_condition_date_archive_value":"","pp_condition_author_archive_value":"","pp_condition_search_results_value":"","pp_condition_date_value":"2020-07-04 to 2020-07-10","pp_condition_date_time_before_value":"2020-07-10 11:15","pp_condition_time_value":"","pp_condition_day_value":"1","pp_condition_os_value":"iphone","pp_condition_browser_value":"ie","pp_condition_search-bot_value":"all_search_bots"}],"content_width":{"unit":"px","size":1200,"sizes":[]},"height":"full"},"elements":[{"id":"72f063a4","elType":"column","settings":{"_column_size":100,"_inline_size":null},"elements":[{"id":"294b1a7","elType":"widget","settings":{"title":"PRICING TABLE","align":"center","title_color":"#000000","typography_typography":"custom","typography_font_family":"Rubik","typography_font_size":{"unit":"px","size":48,"sizes":[]},"typography_font_weight":"500","pp_display_conditions":[{"pp_condition_key":"authentication","pp_condition_operator":"is","pp_condition_authentication_value":"authenticated","_id":"0411a03","pp_condition_user_value":"","pp_condition_role_value":"subscriber","pp_condition_page_value":"","pp_condition_post_value":"","pp_condition_static_page_value":"home","pp_condition_post_type_value":"","pp_condition_taxonomy_archive_value":"","pp_condition_term_archive_value":"","pp_condition_post_type_archive_value":"","pp_condition_date_archive_value":"","pp_condition_author_archive_value":"","pp_condition_search_results_value":"","pp_condition_date_value":"2020-07-04 to 2020-07-10","pp_condition_date_time_before_value":"2020-07-10 11:15","pp_condition_time_value":"","pp_condition_day_value":"1","pp_condition_os_value":"iphone","pp_condition_browser_value":"ie","pp_condition_search-bot_value":"all_search_bots"}],"_margin":{"unit":"px","top":"0","right":"0","bottom":"30","left":"0","isLinked":false},"typography_font_size_mobile":{"unit":"px","size":35,"sizes":[]}},"elements":[],"widgetType":"heading"},{"id":"7675846a","elType":"section","settings":{"structure":"30","pp_display_conditions":[{"pp_condition_key":"authentication","pp_condition_operator":"is","pp_condition_authentication_value":"authenticated","_id":"d9ac88d","pp_condition_user_value":"","pp_condition_role_value":"subscriber","pp_condition_page_value":"","pp_condition_post_value":"","pp_condition_static_page_value":"home","pp_condition_post_type_value":"","pp_condition_taxonomy_archive_value":"","pp_condition_term_archive_value":"","pp_condition_post_type_archive_value":"","pp_condition_date_archive_value":"","pp_condition_author_archive_value":"","pp_condition_search_results_value":"","pp_condition_date_value":"2020-07-04 to 2020-07-10","pp_condition_date_time_before_value":"2020-07-10 11:15","pp_condition_time_value":"","pp_condition_day_value":"1","pp_condition_os_value":"iphone","pp_condition_browser_value":"ie","pp_condition_search-bot_value":"all_search_bots"}],"layout":"full_width"},"elements":[{"id":"610a7d96","elType":"column","settings":{"_column_size":33,"_inline_size":null,"background_background":"classic","background_color":"#FAC200","border_radius":{"unit":"px","top":"20","right":"20","bottom":"20","left":"20","isLinked":true},"margin":{"unit":"px","top":"0","right":"15","bottom":"0","left":"15","isLinked":false},"padding":{"unit":"px","top":"35","right":"0","bottom":"0","left":"0","isLinked":false},"margin_mobile":{"unit":"px","top":"0","right":"15","bottom":"30","left":"15","isLinked":false}},"elements":[{"id":"90e2e14","elType":"widget","settings":{"title":"Basic","align":"center","title_color":"#FFFFFF","typography_typography":"custom","typography_font_family":"Nova Round","typography_font_size":{"unit":"px","size":36,"sizes":[]},"typography_font_weight":"400","typography_text_transform":"uppercase","typography_line_height":{"unit":"px","size":30,"sizes":[]},"_margin":{"unit":"px","top":"0","right":"0","bottom":"10","left":"0","isLinked":false},"pp_display_conditions":[{"pp_condition_key":"authentication","pp_condition_operator":"is","pp_condition_authentication_value":"authenticated","_id":"4317ecd","pp_condition_user_value":"","pp_condition_role_value":"subscriber","pp_condition_page_value":"","pp_condition_post_value":"","pp_condition_static_page_value":"home","pp_condition_post_type_value":"","pp_condition_taxonomy_archive_value":"","pp_condition_term_archive_value":"","pp_condition_post_type_archive_value":"","pp_condition_date_archive_value":"","pp_condition_author_archive_value":"","pp_condition_search_results_value":"","pp_condition_date_value":"2020-07-04 to 2020-07-10","pp_condition_date_time_before_value":"2020-07-10 11:15","pp_condition_time_value":"","pp_condition_day_value":"1","pp_condition_os_value":"iphone","pp_condition_browser_value":"ie","pp_condition_search-bot_value":"all_search_bots"}]},"elements":[],"widgetType":"heading"},{"id":"7b257171","elType":"widget","settings":{"title":"$199","align":"center","title_color":"#FFFFFF","typography_typography":"custom","typography_font_family":"Nova Round","typography_font_size":{"unit":"px","size":36,"sizes":[]},"typography_font_weight":"400","typography_text_transform":"uppercase","typography_line_height":{"unit":"px","size":30,"sizes":[]},"_margin":{"unit":"px","top":"0","right":"0","bottom":"-15","left":"0","isLinked":false},"pp_display_conditions":[{"pp_condition_key":"authentication","pp_condition_operator":"is","pp_condition_authentication_value":"authenticated","_id":"4317ecd","pp_condition_user_value":"","pp_condition_role_value":"subscriber","pp_condition_page_value":"","pp_condition_post_value":"","pp_condition_static_page_value":"home","pp_condition_post_type_value":"","pp_condition_taxonomy_archive_value":"","pp_condition_term_archive_value":"","pp_condition_post_type_archive_value":"","pp_condition_date_archive_value":"","pp_condition_author_archive_value":"","pp_condition_search_results_value":"","pp_condition_date_value":"2020-07-04 to 2020-07-10","pp_condition_date_time_before_value":"2020-07-10 11:15","pp_condition_time_value":"","pp_condition_day_value":"1","pp_condition_os_value":"iphone","pp_condition_browser_value":"ie","pp_condition_search-bot_value":"all_search_bots"}]},"elements":[],"widgetType":"heading"},{"id":"17d6cd75","elType":"widget","settings":{"title":"monthly","align":"center","title_color":"#FFFFFF","typography_typography":"custom","typography_font_family":"Nova Round","typography_font_size":{"unit":"px","size":16,"sizes":[]},"typography_font_weight":"400","typography_line_height":{"unit":"px","size":"","sizes":[]},"pp_display_conditions":[{"pp_condition_key":"authentication","pp_condition_operator":"is","pp_condition_authentication_value":"authenticated","_id":"4317ecd","pp_condition_user_value":"","pp_condition_role_value":"subscriber","pp_condition_page_value":"","pp_condition_post_value":"","pp_condition_static_page_value":"home","pp_condition_post_type_value":"","pp_condition_taxonomy_archive_value":"","pp_condition_term_archive_value":"","pp_condition_post_type_archive_value":"","pp_condition_date_archive_value":"","pp_condition_author_archive_value":"","pp_condition_search_results_value":"","pp_condition_date_value":"2020-07-04 to 2020-07-10","pp_condition_date_time_before_value":"2020-07-10 11:15","pp_condition_time_value":"","pp_condition_day_value":"1","pp_condition_os_value":"iphone","pp_condition_browser_value":"ie","pp_condition_search-bot_value":"all_search_bots"}]},"elements":[],"widgetType":"heading"},{"id":"7ef1e994","elType":"widget","settings":{"list_items":[{"text":"10 GB Traffic ","icon":{"value":"fas fa-check","library":"fa-solid"},"_id":"8378f2e","pp_icon_type":"none","list_image":{"url":"https:\/\/demo.powerpackelements.com\/wp-content\/plugins\/elementor\/assets\/images\/placeholder.png"},"icon_text":""},{"text":"3 Domains ","icon":{"value":"fas fa-check","library":"fa-solid"},"pp_icon_type":"none","list_image":{"url":"https:\/\/demo.powerpackelements.com\/wp-content\/plugins\/elementor\/assets\/images\/placeholder.png"},"icon_text":"","_id":"51bd35b"},{"text":"Free Support ","icon":{"value":"fas fa-check","library":"fa-solid"},"pp_icon_type":"none","list_image":{"url":"https:\/\/demo.powerpackelements.com\/wp-content\/plugins\/elementor\/assets\/images\/placeholder.png"},"icon_text":"","_id":"b158bc7"},{"text":"Database Download ","icon":{"value":"fas fa-check","library":"fa-solid"},"pp_icon_type":"none","list_image":{"url":"https:\/\/demo.powerpackelements.com\/wp-content\/plugins\/elementor\/assets\/images\/placeholder.png"},"icon_text":"","_id":"60b14d7"},{"text":"Maintenance Email","icon":{"value":"fas fa-check","library":"fa-solid"},"pp_icon_type":"none","list_image":{"url":"https:\/\/demo.powerpackelements.com\/wp-content\/plugins\/elementor\/assets\/images\/placeholder.png"},"icon_text":"","_id":"3f664c6"}],"list_items_alignment":"center","pp_display_conditions":[{"pp_condition_key":"authentication","pp_condition_operator":"is","pp_condition_authentication_value":"authenticated","_id":"504c13d","pp_condition_user_value":"","pp_condition_role_value":"subscriber","pp_condition_page_value":"","pp_condition_post_value":"","pp_condition_static_page_value":"home","pp_condition_post_type_value":"","pp_condition_taxonomy_archive_value":"","pp_condition_term_archive_value":"","pp_condition_post_type_archive_value":"","pp_condition_date_archive_value":"","pp_condition_author_archive_value":"","pp_condition_search_results_value":"","pp_condition_date_value":"2020-07-04 to 2020-07-10","pp_condition_date_time_before_value":"2020-07-10 11:15","pp_condition_time_value":"","pp_condition_day_value":"1","pp_condition_os_value":"iphone","pp_condition_browser_value":"ie","pp_condition_search-bot_value":"all_search_bots"}],"items_background_position":"bottom center","items_background_repeat":"no-repeat","items_background_size":"cover","text_color":"#FFFFFF","text_typography_typography":"custom","text_typography_font_family":"Rubik","text_typography_font_size":{"unit":"px","size":16,"sizes":[]},"text_typography_font_weight":"400","items_spacing":{"unit":"px","size":10,"sizes":[]},"_margin":{"unit":"%","top":"0","right":"0","bottom":"0","left":"0","isLinked":false},"_padding":{"unit":"px","top":"15","right":"0","bottom":"50","left":"0","isLinked":false},"_background_background":"classic","_background_image":{"url":"https:\/\/demo.powerpackelements.com\/wp-content\/uploads\/2020\/07\/price-3-feturebg.png","id":1373},"_background_position":"top center","_background_size":"cover"},"elements":[],"widgetType":"pp-icon-list"},{"id":"34824690","elType":"widget","settings":{"text":"Buy now","align":"justify","typography_typography":"custom","typography_font_family":"Poppins","typography_font_size":{"unit":"px","size":16,"sizes":[]},"typography_font_weight":"700","typography_text_transform":"uppercase","button_text_color":"#000000","background_color":"#FFFFFF","hover_color":"#FFFFFF","button_background_hover_color":"#FAC200","border_radius":{"unit":"px","top":"0","right":"0","bottom":"20","left":"20","isLinked":false},"button_box_shadow_box_shadow_type":"yes","button_box_shadow_box_shadow":{"horizontal":0,"vertical":0,"blur":40,"spread":0,"color":"rgba(0, 0, 0, 0.1)"},"text_padding":{"unit":"px","top":"28","right":"0","bottom":"28","left":"0","isLinked":false},"_margin":{"unit":"px","top":"-20","right":"0","bottom":"0","left":"0","isLinked":false},"_z_index":0,"pp_display_conditions":[{"pp_condition_key":"authentication","pp_condition_operator":"is","pp_condition_authentication_value":"authenticated","_id":"dfd9cfd","pp_condition_user_value":"","pp_condition_role_value":"subscriber","pp_condition_page_value":"","pp_condition_post_value":"","pp_condition_static_page_value":"home","pp_condition_post_type_value":"","pp_condition_taxonomy_archive_value":"","pp_condition_term_archive_value":"","pp_condition_post_type_archive_value":"","pp_condition_date_archive_value":"","pp_condition_author_archive_value":"","pp_condition_search_results_value":"","pp_condition_date_value":"2020-07-05 to 2020-07-11","pp_condition_date_time_before_value":"2020-07-11 11:30","pp_condition_time_value":"","pp_condition_day_value":"1","pp_condition_os_value":"iphone","pp_condition_browser_value":"ie","pp_condition_search-bot_value":"all_search_bots"}]},"elements":[],"widgetType":"button"}],"isInner":true},{"id":"3005f8fb","elType":"column","settings":{"_column_size":33,"_inline_size":null,"background_background":"classic","background_color":"#FAC200","border_radius":{"unit":"px","top":"20","right":"20","bottom":"20","left":"20","isLinked":true},"margin":{"unit":"px","top":"0","right":"15","bottom":"0","left":"15","isLinked":false},"padding":{"unit":"px","top":"35","right":"0","bottom":"0","left":"0","isLinked":false},"margin_mobile":{"unit":"px","top":"0","right":"15","bottom":"30","left":"15","isLinked":false}},"elements":[{"id":"3f011af5","elType":"widget","settings":{"title":"Standard","align":"center","title_color":"#FFFFFF","typography_typography":"custom","typography_font_family":"Nova Round","typography_font_size":{"unit":"px","size":36,"sizes":[]},"typography_font_weight":"400","typography_text_transform":"uppercase","typography_line_height":{"unit":"px","size":30,"sizes":[]},"_margin":{"unit":"px","top":"0","right":"0","bottom":"10","left":"0","isLinked":false},"pp_display_conditions":[{"pp_condition_key":"authentication","pp_condition_operator":"is","pp_condition_authentication_value":"authenticated","_id":"4317ecd","pp_condition_user_value":"","pp_condition_role_value":"subscriber","pp_condition_page_value":"","pp_condition_post_value":"","pp_condition_static_page_value":"home","pp_condition_post_type_value":"","pp_condition_taxonomy_archive_value":"","pp_condition_term_archive_value":"","pp_condition_post_type_archive_value":"","pp_condition_date_archive_value":"","pp_condition_author_archive_value":"","pp_condition_search_results_value":"","pp_condition_date_value":"2020-07-04 to 2020-07-10","pp_condition_date_time_before_value":"2020-07-10 11:15","pp_condition_time_value":"","pp_condition_day_value":"1","pp_condition_os_value":"iphone","pp_condition_browser_value":"ie","pp_condition_search-bot_value":"all_search_bots"}]},"elements":[],"widgetType":"heading"},{"id":"4ab451c5","elType":"widget","settings":{"title":"$499","align":"center","title_color":"#FFFFFF","typography_typography":"custom","typography_font_family":"Nova Round","typography_font_size":{"unit":"px","size":36,"sizes":[]},"typography_font_weight":"400","typography_text_transform":"uppercase","typography_line_height":{"unit":"px","size":30,"sizes":[]},"_margin":{"unit":"px","top":"0","right":"0","bottom":"-15","left":"0","isLinked":false},"pp_display_conditions":[{"pp_condition_key":"authentication","pp_condition_operator":"is","pp_condition_authentication_value":"authenticated","_id":"4317ecd","pp_condition_user_value":"","pp_condition_role_value":"subscriber","pp_condition_page_value":"","pp_condition_post_value":"","pp_condition_static_page_value":"home","pp_condition_post_type_value":"","pp_condition_taxonomy_archive_value":"","pp_condition_term_archive_value":"","pp_condition_post_type_archive_value":"","pp_condition_date_archive_value":"","pp_condition_author_archive_value":"","pp_condition_search_results_value":"","pp_condition_date_value":"2020-07-04 to 2020-07-10","pp_condition_date_time_before_value":"2020-07-10 11:15","pp_condition_time_value":"","pp_condition_day_value":"1","pp_condition_os_value":"iphone","pp_condition_browser_value":"ie","pp_condition_search-bot_value":"all_search_bots"}]},"elements":[],"widgetType":"heading"},{"id":"1336177f","elType":"widget","settings":{"title":"quarterly","align":"center","title_color":"#FFFFFF","typography_typography":"custom","typography_font_family":"Nova Round","typography_font_size":{"unit":"px","size":16,"sizes":[]},"typography_font_weight":"400","typography_line_height":{"unit":"px","size":"","sizes":[]},"pp_display_conditions":[{"pp_condition_key":"authentication","pp_condition_operator":"is","pp_condition_authentication_value":"authenticated","_id":"4317ecd","pp_condition_user_value":"","pp_condition_role_value":"subscriber","pp_condition_page_value":"","pp_condition_post_value":"","pp_condition_static_page_value":"home","pp_condition_post_type_value":"","pp_condition_taxonomy_archive_value":"","pp_condition_term_archive_value":"","pp_condition_post_type_archive_value":"","pp_condition_date_archive_value":"","pp_condition_author_archive_value":"","pp_condition_search_results_value":"","pp_condition_date_value":"2020-07-04 to 2020-07-10","pp_condition_date_time_before_value":"2020-07-10 11:15","pp_condition_time_value":"","pp_condition_day_value":"1","pp_condition_os_value":"iphone","pp_condition_browser_value":"ie","pp_condition_search-bot_value":"all_search_bots"}]},"elements":[],"widgetType":"heading"},{"id":"1eab321f","elType":"widget","settings":{"list_items":[{"text":"120 GB Traffic ","icon":{"value":"fas fa-check","library":"fa-solid"},"_id":"8378f2e","pp_icon_type":"none","list_image":{"url":"https:\/\/demo.powerpackelements.com\/wp-content\/plugins\/elementor\/assets\/images\/placeholder.png"},"icon_text":""},{"text":"10 Domains ","icon":{"value":"fas fa-check","library":"fa-solid"},"pp_icon_type":"none","list_image":{"url":"https:\/\/demo.powerpackelements.com\/wp-content\/plugins\/elementor\/assets\/images\/placeholder.png"},"icon_text":"","_id":"51bd35b"},{"text":"Free Support ","icon":{"value":"fas fa-check","library":"fa-solid"},"pp_icon_type":"none","list_image":{"url":"https:\/\/demo.powerpackelements.com\/wp-content\/plugins\/elementor\/assets\/images\/placeholder.png"},"icon_text":"","_id":"b158bc7"},{"text":"Database Download ","icon":{"value":"fas fa-check","library":"fa-solid"},"pp_icon_type":"none","list_image":{"url":"https:\/\/demo.powerpackelements.com\/wp-content\/plugins\/elementor\/assets\/images\/placeholder.png"},"icon_text":"","_id":"60b14d7"},{"text":"Maintenance Email","icon":{"value":"fas fa-check","library":"fa-solid"},"pp_icon_type":"none","list_image":{"url":"https:\/\/demo.powerpackelements.com\/wp-content\/plugins\/elementor\/assets\/images\/placeholder.png"},"icon_text":"","_id":"3f664c6"}],"list_items_alignment":"center","pp_display_conditions":[{"pp_condition_key":"authentication","pp_condition_operator":"is","pp_condition_authentication_value":"authenticated","_id":"504c13d","pp_condition_user_value":"","pp_condition_role_value":"subscriber","pp_condition_page_value":"","pp_condition_post_value":"","pp_condition_static_page_value":"home","pp_condition_post_type_value":"","pp_condition_taxonomy_archive_value":"","pp_condition_term_archive_value":"","pp_condition_post_type_archive_value":"","pp_condition_date_archive_value":"","pp_condition_author_archive_value":"","pp_condition_search_results_value":"","pp_condition_date_value":"2020-07-04 to 2020-07-10","pp_condition_date_time_before_value":"2020-07-10 11:15","pp_condition_time_value":"","pp_condition_day_value":"1","pp_condition_os_value":"iphone","pp_condition_browser_value":"ie","pp_condition_search-bot_value":"all_search_bots"}],"items_background_position":"bottom center","items_background_repeat":"no-repeat","items_background_size":"cover","text_color":"#FFFFFF","text_typography_typography":"custom","text_typography_font_family":"Rubik","text_typography_font_size":{"unit":"px","size":16,"sizes":[]},"text_typography_font_weight":"400","items_spacing":{"unit":"px","size":10,"sizes":[]},"_margin":{"unit":"%","top":"0","right":"0","bottom":"0","left":"0","isLinked":false},"_padding":{"unit":"px","top":"15","right":"0","bottom":"50","left":"0","isLinked":false},"_background_background":"classic","_background_image":{"url":"https:\/\/demo.powerpackelements.com\/wp-content\/uploads\/2020\/07\/price-3-feturebg.png","id":1373},"_background_position":"top center","_background_size":"cover"},"elements":[],"widgetType":"pp-icon-list"},{"id":"17c68ed5","elType":"widget","settings":{"text":"Buy now","align":"justify","typography_typography":"custom","typography_font_family":"Poppins","typography_font_size":{"unit":"px","size":16,"sizes":[]},"typography_font_weight":"700","typography_text_transform":"uppercase","button_text_color":"#000000","background_color":"#FFFFFF","hover_color":"#FFFFFF","button_background_hover_color":"#FAC200","border_radius":{"unit":"px","top":"0","right":"0","bottom":"20","left":"20","isLinked":false},"button_box_shadow_box_shadow_type":"yes","button_box_shadow_box_shadow":{"horizontal":0,"vertical":0,"blur":40,"spread":0,"color":"rgba(0, 0, 0, 0.1)"},"text_padding":{"unit":"px","top":"28","right":"0","bottom":"28","left":"0","isLinked":false},"_margin":{"unit":"px","top":"-20","right":"0","bottom":"0","left":"0","isLinked":false},"_z_index":0,"pp_display_conditions":[{"pp_condition_key":"authentication","pp_condition_operator":"is","pp_condition_authentication_value":"authenticated","_id":"dfd9cfd","pp_condition_user_value":"","pp_condition_role_value":"subscriber","pp_condition_page_value":"","pp_condition_post_value":"","pp_condition_static_page_value":"home","pp_condition_post_type_value":"","pp_condition_taxonomy_archive_value":"","pp_condition_term_archive_value":"","pp_condition_post_type_archive_value":"","pp_condition_date_archive_value":"","pp_condition_author_archive_value":"","pp_condition_search_results_value":"","pp_condition_date_value":"2020-07-05 to 2020-07-11","pp_condition_date_time_before_value":"2020-07-11 11:30","pp_condition_time_value":"","pp_condition_day_value":"1","pp_condition_os_value":"iphone","pp_condition_browser_value":"ie","pp_condition_search-bot_value":"all_search_bots"}]},"elements":[],"widgetType":"button"}],"isInner":true},{"id":"1e9f009","elType":"column","settings":{"_column_size":33,"_inline_size":null,"background_background":"classic","background_color":"#FAC200","border_radius":{"unit":"px","top":"20","right":"20","bottom":"20","left":"20","isLinked":true},"margin":{"unit":"px","top":"0","right":"15","bottom":"0","left":"15","isLinked":false},"padding":{"unit":"px","top":"35","right":"0","bottom":"0","left":"0","isLinked":false}},"elements":[{"id":"3aea0eab","elType":"widget","settings":{"title":"premium","align":"center","title_color":"#FFFFFF","typography_typography":"custom","typography_font_family":"Nova Round","typography_font_size":{"unit":"px","size":36,"sizes":[]},"typography_font_weight":"400","typography_text_transform":"uppercase","typography_line_height":{"unit":"px","size":30,"sizes":[]},"_margin":{"unit":"px","top":"0","right":"0","bottom":"10","left":"0","isLinked":false},"pp_display_conditions":[{"pp_condition_key":"authentication","pp_condition_operator":"is","pp_condition_authentication_value":"authenticated","_id":"4317ecd","pp_condition_user_value":"","pp_condition_role_value":"subscriber","pp_condition_page_value":"","pp_condition_post_value":"","pp_condition_static_page_value":"home","pp_condition_post_type_value":"","pp_condition_taxonomy_archive_value":"","pp_condition_term_archive_value":"","pp_condition_post_type_archive_value":"","pp_condition_date_archive_value":"","pp_condition_author_archive_value":"","pp_condition_search_results_value":"","pp_condition_date_value":"2020-07-04 to 2020-07-10","pp_condition_date_time_before_value":"2020-07-10 11:15","pp_condition_time_value":"","pp_condition_day_value":"1","pp_condition_os_value":"iphone","pp_condition_browser_value":"ie","pp_condition_search-bot_value":"all_search_bots"}]},"elements":[],"widgetType":"heading"},{"id":"14a8e09","elType":"widget","settings":{"title":"$999","align":"center","title_color":"#FFFFFF","typography_typography":"custom","typography_font_family":"Nova Round","typography_font_size":{"unit":"px","size":36,"sizes":[]},"typography_font_weight":"400","typography_text_transform":"uppercase","typography_line_height":{"unit":"px","size":30,"sizes":[]},"_margin":{"unit":"px","top":"0","right":"0","bottom":"-15","left":"0","isLinked":false},"pp_display_conditions":[{"pp_condition_key":"authentication","pp_condition_operator":"is","pp_condition_authentication_value":"authenticated","_id":"4317ecd","pp_condition_user_value":"","pp_condition_role_value":"subscriber","pp_condition_page_value":"","pp_condition_post_value":"","pp_condition_static_page_value":"home","pp_condition_post_type_value":"","pp_condition_taxonomy_archive_value":"","pp_condition_term_archive_value":"","pp_condition_post_type_archive_value":"","pp_condition_date_archive_value":"","pp_condition_author_archive_value":"","pp_condition_search_results_value":"","pp_condition_date_value":"2020-07-04 to 2020-07-10","pp_condition_date_time_before_value":"2020-07-10 11:15","pp_condition_time_value":"","pp_condition_day_value":"1","pp_condition_os_value":"iphone","pp_condition_browser_value":"ie","pp_condition_search-bot_value":"all_search_bots"}]},"elements":[],"widgetType":"heading"},{"id":"6f4de2f9","elType":"widget","settings":{"title":"yearly","align":"center","title_color":"#FFFFFF","typography_typography":"custom","typography_font_family":"Nova Round","typography_font_size":{"unit":"px","size":16,"sizes":[]},"typography_font_weight":"400","typography_line_height":{"unit":"px","size":"","sizes":[]},"pp_display_conditions":[{"pp_condition_key":"authentication","pp_condition_operator":"is","pp_condition_authentication_value":"authenticated","_id":"4317ecd","pp_condition_user_value":"","pp_condition_role_value":"subscriber","pp_condition_page_value":"","pp_condition_post_value":"","pp_condition_static_page_value":"home","pp_condition_post_type_value":"","pp_condition_taxonomy_archive_value":"","pp_condition_term_archive_value":"","pp_condition_post_type_archive_value":"","pp_condition_date_archive_value":"","pp_condition_author_archive_value":"","pp_condition_search_results_value":"","pp_condition_date_value":"2020-07-04 to 2020-07-10","pp_condition_date_time_before_value":"2020-07-10 11:15","pp_condition_time_value":"","pp_condition_day_value":"1","pp_condition_os_value":"iphone","pp_condition_browser_value":"ie","pp_condition_search-bot_value":"all_search_bots"}]},"elements":[],"widgetType":"heading"},{"id":"6c27e5d3","elType":"widget","settings":{"list_items":[{"text":"Unlimited Traffic ","icon":{"value":"fas fa-check","library":"fa-solid"},"_id":"8378f2e","pp_icon_type":"none","list_image":{"url":"https:\/\/demo.powerpackelements.com\/wp-content\/plugins\/elementor\/assets\/images\/placeholder.png"},"icon_text":""},{"text":"100 Domains ","icon":{"value":"fas fa-check","library":"fa-solid"},"pp_icon_type":"none","list_image":{"url":"https:\/\/demo.powerpackelements.com\/wp-content\/plugins\/elementor\/assets\/images\/placeholder.png"},"icon_text":"","_id":"51bd35b"},{"text":"Free Support ","icon":{"value":"fas fa-check","library":"fa-solid"},"pp_icon_type":"none","list_image":{"url":"https:\/\/demo.powerpackelements.com\/wp-content\/plugins\/elementor\/assets\/images\/placeholder.png"},"icon_text":"","_id":"b158bc7"},{"text":"Database Download ","icon":{"value":"fas fa-check","library":"fa-solid"},"pp_icon_type":"none","list_image":{"url":"https:\/\/demo.powerpackelements.com\/wp-content\/plugins\/elementor\/assets\/images\/placeholder.png"},"icon_text":"","_id":"60b14d7"},{"text":"Maintenance Email","icon":{"value":"fas fa-check","library":"fa-solid"},"pp_icon_type":"none","list_image":{"url":"https:\/\/demo.powerpackelements.com\/wp-content\/plugins\/elementor\/assets\/images\/placeholder.png"},"icon_text":"","_id":"3f664c6"}],"list_items_alignment":"center","pp_display_conditions":[{"pp_condition_key":"authentication","pp_condition_operator":"is","pp_condition_authentication_value":"authenticated","_id":"504c13d","pp_condition_user_value":"","pp_condition_role_value":"subscriber","pp_condition_page_value":"","pp_condition_post_value":"","pp_condition_static_page_value":"home","pp_condition_post_type_value":"","pp_condition_taxonomy_archive_value":"","pp_condition_term_archive_value":"","pp_condition_post_type_archive_value":"","pp_condition_date_archive_value":"","pp_condition_author_archive_value":"","pp_condition_search_results_value":"","pp_condition_date_value":"2020-07-04 to 2020-07-10","pp_condition_date_time_before_value":"2020-07-10 11:15","pp_condition_time_value":"","pp_condition_day_value":"1","pp_condition_os_value":"iphone","pp_condition_browser_value":"ie","pp_condition_search-bot_value":"all_search_bots"}],"items_background_position":"bottom center","items_background_repeat":"no-repeat","items_background_size":"cover","text_color":"#FFFFFF","text_typography_typography":"custom","text_typography_font_family":"Rubik","text_typography_font_size":{"unit":"px","size":16,"sizes":[]},"text_typography_font_weight":"400","items_spacing":{"unit":"px","size":10,"sizes":[]},"_margin":{"unit":"%","top":"0","right":"0","bottom":"0","left":"0","isLinked":false},"_padding":{"unit":"px","top":"15","right":"0","bottom":"50","left":"0","isLinked":false},"_background_background":"classic","_background_image":{"url":"https:\/\/demo.powerpackelements.com\/wp-content\/uploads\/2020\/07\/price-3-feturebg.png","id":1373},"_background_position":"top center","_background_size":"cover"},"elements":[],"widgetType":"pp-icon-list"},{"id":"658a5a62","elType":"widget","settings":{"text":"Buy now","align":"justify","typography_typography":"custom","typography_font_family":"Poppins","typography_font_size":{"unit":"px","size":16,"sizes":[]},"typography_font_weight":"700","typography_text_transform":"uppercase","button_text_color":"#000000","background_color":"#FFFFFF","hover_color":"#FFFFFF","button_background_hover_color":"#FAC200","border_radius":{"unit":"px","top":"0","right":"0","bottom":"20","left":"20","isLinked":false},"button_box_shadow_box_shadow_type":"yes","button_box_shadow_box_shadow":{"horizontal":0,"vertical":0,"blur":40,"spread":0,"color":"rgba(0, 0, 0, 0.1)"},"text_padding":{"unit":"px","top":"28","right":"0","bottom":"28","left":"0","isLinked":false},"_margin":{"unit":"px","top":"-20","right":"0","bottom":"0","left":"0","isLinked":false},"_z_index":0,"pp_display_conditions":[{"pp_condition_key":"authentication","pp_condition_operator":"is","pp_condition_authentication_value":"authenticated","_id":"dfd9cfd","pp_condition_user_value":"","pp_condition_role_value":"subscriber","pp_condition_page_value":"","pp_condition_post_value":"","pp_condition_static_page_value":"home","pp_condition_post_type_value":"","pp_condition_taxonomy_archive_value":"","pp_condition_term_archive_value":"","pp_condition_post_type_archive_value":"","pp_condition_date_archive_value":"","pp_condition_author_archive_value":"","pp_condition_search_results_value":"","pp_condition_date_value":"2020-07-05 to 2020-07-11","pp_condition_date_time_before_value":"2020-07-11 11:30","pp_condition_time_value":"","pp_condition_day_value":"1","pp_condition_os_value":"iphone","pp_condition_browser_value":"ie","pp_condition_search-bot_value":"all_search_bots"}]},"elements":[],"widgetType":"button"}],"isInner":true}],"isInner":true}],"isInner":false}],"isInner":false}]}