{"content":[{"id":"30a41f2c","elType":"section","settings":{"background_background":"classic","background_color":"#E8E8E8","padding":{"unit":"px","top":"50","right":"0","bottom":"50","left":"0","isLinked":false},"pp_display_conditions":[{"pp_condition_key":"authentication","pp_condition_operator":"is","pp_condition_authentication_value":"authenticated","_id":"2f1053c","pp_condition_user_value":"","pp_condition_role_value":"subscriber","pp_condition_page_value":"","pp_condition_post_value":"","pp_condition_static_page_value":"home","pp_condition_post_type_value":"","pp_condition_taxonomy_archive_value":"","pp_condition_term_archive_value":"","pp_condition_post_type_archive_value":"","pp_condition_date_archive_value":"","pp_condition_author_archive_value":"","pp_condition_search_results_value":"","pp_condition_date_value":"2020-07-04 to 2020-07-10","pp_condition_date_time_before_value":"2020-07-10 11:41","pp_condition_time_value":"","pp_condition_day_value":"1","pp_condition_os_value":"iphone","pp_condition_browser_value":"ie","pp_condition_search-bot_value":"all_search_bots"}]},"elements":[{"id":"7bc08a96","elType":"column","settings":{"_column_size":100,"_inline_size":null},"elements":[{"id":"22c7bf3","elType":"widget","settings":{"title":"Services","title_color":"#080808","typography_typography":"custom","typography_font_family":"Rubik","typography_font_size":{"unit":"px","size":48,"sizes":[]},"typography_font_weight":"700","pp_display_conditions":[{"pp_condition_key":"authentication","pp_condition_operator":"is","pp_condition_authentication_value":"authenticated","_id":"ba34f77","pp_condition_user_value":"","pp_condition_role_value":"subscriber","pp_condition_page_value":"","pp_condition_post_value":"","pp_condition_static_page_value":"home","pp_condition_post_type_value":"","pp_condition_taxonomy_archive_value":"","pp_condition_term_archive_value":"","pp_condition_post_type_archive_value":"","pp_condition_date_archive_value":"","pp_condition_author_archive_value":"","pp_condition_search_results_value":"","pp_condition_date_value":"2020-07-04 to 2020-07-10","pp_condition_date_time_before_value":"2020-07-10 11:42","pp_condition_time_value":"","pp_condition_day_value":"1","pp_condition_os_value":"iphone","pp_condition_browser_value":"ie","pp_condition_search-bot_value":"all_search_bots"}]},"elements":[],"widgetType":"heading"},{"id":"14f4beba","elType":"widget","settings":{"editor":"<p>We provide ongoing property maintenance which include lawn mowing, fertilizing, spring and fall cleanups, de-thatching, aerating, seeding, mulching, edging, herbicide application, plant health care, snow plowing, pruning, and tree care and removal.<\/p>","text_color":"rgba(8, 8, 8, 0.48)","typography_typography":"custom","typography_font_family":"Rubik","typography_font_size":{"unit":"px","size":16,"sizes":[]},"typography_font_weight":"400","typography_line_height":{"unit":"em","size":1.6,"sizes":[]},"pp_display_conditions":[{"pp_condition_key":"authentication","pp_condition_operator":"is","pp_condition_authentication_value":"authenticated","_id":"9e77013","pp_condition_user_value":"","pp_condition_role_value":"subscriber","pp_condition_page_value":"","pp_condition_post_value":"","pp_condition_static_page_value":"home","pp_condition_post_type_value":"","pp_condition_taxonomy_archive_value":"","pp_condition_term_archive_value":"","pp_condition_post_type_archive_value":"","pp_condition_date_archive_value":"","pp_condition_author_archive_value":"","pp_condition_search_results_value":"","pp_condition_date_value":"2020-07-04 to 2020-07-10","pp_condition_date_time_before_value":"2020-07-10 11:42","pp_condition_time_value":"","pp_condition_day_value":"1","pp_condition_os_value":"iphone","pp_condition_browser_value":"ie","pp_condition_search-bot_value":"all_search_bots"}]},"elements":[],"widgetType":"text-editor"},{"id":"492c1a4b","elType":"section","settings":{"structure":"20","margin":{"unit":"px","top":"0","right":0,"bottom":"30","left":0,"isLinked":false},"pp_display_conditions":[{"pp_condition_key":"authentication","pp_condition_operator":"is","pp_condition_authentication_value":"authenticated","_id":"9710f84","pp_condition_user_value":"","pp_condition_role_value":"subscriber","pp_condition_page_value":"","pp_condition_post_value":"","pp_condition_static_page_value":"home","pp_condition_post_type_value":"","pp_condition_taxonomy_archive_value":"","pp_condition_term_archive_value":"","pp_condition_post_type_archive_value":"","pp_condition_date_archive_value":"","pp_condition_author_archive_value":"","pp_condition_search_results_value":"","pp_condition_date_value":"2020-07-04 to 2020-07-10","pp_condition_date_time_before_value":"2020-07-10 11:41","pp_condition_time_value":"","pp_condition_day_value":"1","pp_condition_os_value":"iphone","pp_condition_browser_value":"ie","pp_condition_search-bot_value":"all_search_bots"}]},"elements":[{"id":"584d988f","elType":"column","settings":{"_column_size":50,"_inline_size":null,"background_background":"classic","background_color":"#EFEFEF","background_hover_background":"classic","background_hover_color":"#FFFFFF","border_radius":{"unit":"px","top":"18","right":"18","bottom":"18","left":"18","isLinked":true},"box_shadow_box_shadow_type":"yes","box_shadow_box_shadow":{"horizontal":0,"vertical":0,"blur":10,"spread":0,"color":"rgba(0, 0, 0, 0)"},"border_radius_hover":{"unit":"px","top":"18","right":"18","bottom":"18","left":"18","isLinked":true},"box_shadow_hover_box_shadow_type":"yes","box_shadow_hover_box_shadow":{"horizontal":0,"vertical":7,"blur":38,"spread":0,"color":"rgba(0, 0, 0, 0.06)"},"margin":{"unit":"px","top":"0","right":"15","bottom":"0","left":"0","isLinked":false},"padding":{"unit":"px","top":"60","right":"60","bottom":"60","left":"60","isLinked":true},"margin_mobile":{"unit":"px","top":"0","right":"0","bottom":"20","left":"0","isLinked":false},"padding_mobile":{"unit":"px","top":"30","right":"30","bottom":"30","left":"30","isLinked":true}},"elements":[{"id":"32b94127","elType":"widget","settings":{"image":{"url":"https:\/\/demo.powerpackelements.com\/wp-content\/uploads\/2020\/07\/service-1-icon.png","id":1161},"title_text":"UI\/UX Design\u200b","description_text":"","position":"left","image_space":{"unit":"px","size":28,"sizes":[]},"image_size":{"unit":"%","size":22,"sizes":[]},"content_vertical_alignment":"middle","title_color":"rgba(0, 0, 0, 0.81)","title_typography_typography":"custom","title_typography_font_family":"Poppins","title_typography_font_size":{"unit":"px","size":18,"sizes":[]},"title_typography_font_weight":"600","pp_display_conditions":[{"pp_condition_key":"authentication","pp_condition_operator":"is","pp_condition_authentication_value":"authenticated","_id":"9daf392","pp_condition_user_value":"","pp_condition_role_value":"subscriber","pp_condition_page_value":"","pp_condition_post_value":"","pp_condition_static_page_value":"home","pp_condition_post_type_value":"","pp_condition_taxonomy_archive_value":"","pp_condition_term_archive_value":"","pp_condition_post_type_archive_value":"","pp_condition_date_archive_value":"","pp_condition_author_archive_value":"","pp_condition_search_results_value":"","pp_condition_date_value":"2020-07-04 to 2020-07-10","pp_condition_date_time_before_value":"2020-07-10 11:42","pp_condition_time_value":"","pp_condition_day_value":"1","pp_condition_os_value":"iphone","pp_condition_browser_value":"ie","pp_condition_search-bot_value":"all_search_bots"}]},"elements":[],"widgetType":"image-box"},{"id":"40d62fcb","elType":"widget","settings":{"editor":"<p>Lorem ipsum dolor sit amet, consectetur adipiscing elitent tristique magna sit amet purus gravida.<\/p>","text_color":"rgba(0, 0, 0, 0.5)","typography_typography":"custom","typography_font_family":"Rubik","typography_font_size":{"unit":"px","size":16,"sizes":[]},"typography_font_weight":"400","typography_line_height":{"unit":"em","size":1.5,"sizes":[]},"pp_display_conditions":[{"pp_condition_key":"authentication","pp_condition_operator":"is","pp_condition_authentication_value":"authenticated","_id":"6b5eaa7","pp_condition_user_value":"","pp_condition_role_value":"subscriber","pp_condition_page_value":"","pp_condition_post_value":"","pp_condition_static_page_value":"home","pp_condition_post_type_value":"","pp_condition_taxonomy_archive_value":"","pp_condition_term_archive_value":"","pp_condition_post_type_archive_value":"","pp_condition_date_archive_value":"","pp_condition_author_archive_value":"","pp_condition_search_results_value":"","pp_condition_date_value":"2020-07-04 to 2020-07-10","pp_condition_date_time_before_value":"2020-07-10 11:42","pp_condition_time_value":"","pp_condition_day_value":"1","pp_condition_os_value":"iphone","pp_condition_browser_value":"ie","pp_condition_search-bot_value":"all_search_bots"}]},"elements":[],"widgetType":"text-editor"},{"id":"67c71100","elType":"widget","settings":{"text":"Read more","align":"right","typography_typography":"custom","typography_font_family":"Rubik","typography_font_size":{"unit":"px","size":16,"sizes":[]},"typography_font_weight":"400","typography_text_decoration":"underline","button_text_color":"#000000","background_color":"rgba(2, 1, 1, 0)","text_padding":{"unit":"px","top":"0","right":"0","bottom":"0","left":"0","isLinked":true},"pp_display_conditions":[{"pp_condition_key":"authentication","pp_condition_operator":"is","pp_condition_authentication_value":"authenticated","_id":"6bc7fbb","pp_condition_user_value":"","pp_condition_role_value":"subscriber","pp_condition_page_value":"","pp_condition_post_value":"","pp_condition_static_page_value":"home","pp_condition_post_type_value":"","pp_condition_taxonomy_archive_value":"","pp_condition_term_archive_value":"","pp_condition_post_type_archive_value":"","pp_condition_date_archive_value":"","pp_condition_author_archive_value":"","pp_condition_search_results_value":"","pp_condition_date_value":"2020-07-04 to 2020-07-10","pp_condition_date_time_before_value":"2020-07-10 11:42","pp_condition_time_value":"","pp_condition_day_value":"1","pp_condition_os_value":"iphone","pp_condition_browser_value":"ie","pp_condition_search-bot_value":"all_search_bots"}]},"elements":[],"widgetType":"button"}],"isInner":true},{"id":"24313f3b","elType":"column","settings":{"_column_size":50,"_inline_size":null,"background_background":"classic","background_color":"#EFEFEF","background_hover_background":"classic","background_hover_color":"#FFFFFF","border_radius":{"unit":"px","top":"18","right":"18","bottom":"18","left":"18","isLinked":true},"box_shadow_box_shadow_type":"yes","box_shadow_box_shadow":{"horizontal":0,"vertical":0,"blur":10,"spread":0,"color":"rgba(0, 0, 0, 0)"},"border_radius_hover":{"unit":"px","top":"18","right":"18","bottom":"18","left":"18","isLinked":true},"box_shadow_hover_box_shadow_type":"yes","box_shadow_hover_box_shadow":{"horizontal":0,"vertical":7,"blur":38,"spread":0,"color":"rgba(0, 0, 0, 0.06)"},"margin":{"unit":"px","top":"0","right":"0","bottom":"0","left":"15","isLinked":false},"padding":{"unit":"px","top":"60","right":"60","bottom":"60","left":"60","isLinked":true},"margin_mobile":{"unit":"px","top":"0","right":"0","bottom":"0","left":"0","isLinked":true},"padding_mobile":{"unit":"px","top":"30","right":"30","bottom":"30","left":"30","isLinked":true}},"elements":[{"id":"37dfa78a","elType":"widget","settings":{"image":{"url":"https:\/\/demo.powerpackelements.com\/wp-content\/uploads\/2020\/07\/service-1-icon.png","id":1161},"title_text":"Web Design","description_text":"","position":"left","image_space":{"unit":"px","size":28,"sizes":[]},"image_size":{"unit":"%","size":22,"sizes":[]},"content_vertical_alignment":"middle","title_color":"rgba(0, 0, 0, 0.81)","title_typography_typography":"custom","title_typography_font_family":"Poppins","title_typography_font_size":{"unit":"px","size":18,"sizes":[]},"title_typography_font_weight":"600","pp_display_conditions":[{"pp_condition_key":"authentication","pp_condition_operator":"is","pp_condition_authentication_value":"authenticated","_id":"9daf392","pp_condition_user_value":"","pp_condition_role_value":"subscriber","pp_condition_page_value":"","pp_condition_post_value":"","pp_condition_static_page_value":"home","pp_condition_post_type_value":"","pp_condition_taxonomy_archive_value":"","pp_condition_term_archive_value":"","pp_condition_post_type_archive_value":"","pp_condition_date_archive_value":"","pp_condition_author_archive_value":"","pp_condition_search_results_value":"","pp_condition_date_value":"2020-07-04 to 2020-07-10","pp_condition_date_time_before_value":"2020-07-10 11:42","pp_condition_time_value":"","pp_condition_day_value":"1","pp_condition_os_value":"iphone","pp_condition_browser_value":"ie","pp_condition_search-bot_value":"all_search_bots"}]},"elements":[],"widgetType":"image-box"},{"id":"4329c233","elType":"widget","settings":{"editor":"<p>Lorem ipsum dolor sit amet, consectetur adipiscing elitent tristique magna sit amet purus gravida.<\/p>","text_color":"rgba(0, 0, 0, 0.5)","typography_typography":"custom","typography_font_family":"Rubik","typography_font_size":{"unit":"px","size":16,"sizes":[]},"typography_font_weight":"400","typography_line_height":{"unit":"em","size":1.5,"sizes":[]},"pp_display_conditions":[{"pp_condition_key":"authentication","pp_condition_operator":"is","pp_condition_authentication_value":"authenticated","_id":"6b5eaa7","pp_condition_user_value":"","pp_condition_role_value":"subscriber","pp_condition_page_value":"","pp_condition_post_value":"","pp_condition_static_page_value":"home","pp_condition_post_type_value":"","pp_condition_taxonomy_archive_value":"","pp_condition_term_archive_value":"","pp_condition_post_type_archive_value":"","pp_condition_date_archive_value":"","pp_condition_author_archive_value":"","pp_condition_search_results_value":"","pp_condition_date_value":"2020-07-04 to 2020-07-10","pp_condition_date_time_before_value":"2020-07-10 11:42","pp_condition_time_value":"","pp_condition_day_value":"1","pp_condition_os_value":"iphone","pp_condition_browser_value":"ie","pp_condition_search-bot_value":"all_search_bots"}]},"elements":[],"widgetType":"text-editor"},{"id":"7fbc4989","elType":"widget","settings":{"text":"Read more","align":"right","typography_typography":"custom","typography_font_family":"Rubik","typography_font_size":{"unit":"px","size":16,"sizes":[]},"typography_font_weight":"400","typography_text_decoration":"underline","button_text_color":"#000000","background_color":"rgba(2, 1, 1, 0)","text_padding":{"unit":"px","top":"0","right":"0","bottom":"0","left":"0","isLinked":true},"pp_display_conditions":[{"pp_condition_key":"authentication","pp_condition_operator":"is","pp_condition_authentication_value":"authenticated","_id":"6bc7fbb","pp_condition_user_value":"","pp_condition_role_value":"subscriber","pp_condition_page_value":"","pp_condition_post_value":"","pp_condition_static_page_value":"home","pp_condition_post_type_value":"","pp_condition_taxonomy_archive_value":"","pp_condition_term_archive_value":"","pp_condition_post_type_archive_value":"","pp_condition_date_archive_value":"","pp_condition_author_archive_value":"","pp_condition_search_results_value":"","pp_condition_date_value":"2020-07-04 to 2020-07-10","pp_condition_date_time_before_value":"2020-07-10 11:42","pp_condition_time_value":"","pp_condition_day_value":"1","pp_condition_os_value":"iphone","pp_condition_browser_value":"ie","pp_condition_search-bot_value":"all_search_bots"}]},"elements":[],"widgetType":"button"}],"isInner":true}],"isInner":true},{"id":"63add835","elType":"section","settings":{"structure":"20","pp_display_conditions":[{"pp_condition_key":"authentication","pp_condition_operator":"is","pp_condition_authentication_value":"authenticated","_id":"9710f84","pp_condition_user_value":"","pp_condition_role_value":"subscriber","pp_condition_page_value":"","pp_condition_post_value":"","pp_condition_static_page_value":"home","pp_condition_post_type_value":"","pp_condition_taxonomy_archive_value":"","pp_condition_term_archive_value":"","pp_condition_post_type_archive_value":"","pp_condition_date_archive_value":"","pp_condition_author_archive_value":"","pp_condition_search_results_value":"","pp_condition_date_value":"2020-07-04 to 2020-07-10","pp_condition_date_time_before_value":"2020-07-10 11:41","pp_condition_time_value":"","pp_condition_day_value":"1","pp_condition_os_value":"iphone","pp_condition_browser_value":"ie","pp_condition_search-bot_value":"all_search_bots"}]},"elements":[{"id":"52d45318","elType":"column","settings":{"_column_size":50,"_inline_size":null,"background_background":"classic","background_color":"#EFEFEF","background_hover_background":"classic","background_hover_color":"#FFFFFF","border_radius":{"unit":"px","top":"18","right":"18","bottom":"18","left":"18","isLinked":true},"box_shadow_box_shadow_type":"yes","box_shadow_box_shadow":{"horizontal":0,"vertical":0,"blur":10,"spread":0,"color":"rgba(0, 0, 0, 0)"},"border_radius_hover":{"unit":"px","top":"18","right":"18","bottom":"18","left":"18","isLinked":true},"box_shadow_hover_box_shadow_type":"yes","box_shadow_hover_box_shadow":{"horizontal":0,"vertical":7,"blur":38,"spread":0,"color":"rgba(0, 0, 0, 0.06)"},"margin":{"unit":"px","top":"0","right":"15","bottom":"0","left":"0","isLinked":false},"padding":{"unit":"px","top":"60","right":"60","bottom":"60","left":"60","isLinked":true},"margin_mobile":{"unit":"px","top":"0","right":"0","bottom":"20","left":"0","isLinked":false},"padding_mobile":{"unit":"px","top":"30","right":"30","bottom":"30","left":"30","isLinked":true}},"elements":[{"id":"3295b60b","elType":"widget","settings":{"image":{"url":"https:\/\/demo.powerpackelements.com\/wp-content\/uploads\/2020\/07\/service-1-icon.png","id":1161},"title_text":"Web Development","description_text":"","position":"left","image_space":{"unit":"px","size":28,"sizes":[]},"image_size":{"unit":"%","size":22,"sizes":[]},"content_vertical_alignment":"middle","title_color":"rgba(0, 0, 0, 0.81)","title_typography_typography":"custom","title_typography_font_family":"Poppins","title_typography_font_size":{"unit":"px","size":18,"sizes":[]},"title_typography_font_weight":"600","pp_display_conditions":[{"pp_condition_key":"authentication","pp_condition_operator":"is","pp_condition_authentication_value":"authenticated","_id":"9daf392","pp_condition_user_value":"","pp_condition_role_value":"subscriber","pp_condition_page_value":"","pp_condition_post_value":"","pp_condition_static_page_value":"home","pp_condition_post_type_value":"","pp_condition_taxonomy_archive_value":"","pp_condition_term_archive_value":"","pp_condition_post_type_archive_value":"","pp_condition_date_archive_value":"","pp_condition_author_archive_value":"","pp_condition_search_results_value":"","pp_condition_date_value":"2020-07-04 to 2020-07-10","pp_condition_date_time_before_value":"2020-07-10 11:42","pp_condition_time_value":"","pp_condition_day_value":"1","pp_condition_os_value":"iphone","pp_condition_browser_value":"ie","pp_condition_search-bot_value":"all_search_bots"}]},"elements":[],"widgetType":"image-box"},{"id":"21f9553","elType":"widget","settings":{"editor":"<p>Lorem ipsum dolor sit amet, consectetur adipiscing elitent tristique magna sit amet purus gravida.<\/p>","text_color":"rgba(0, 0, 0, 0.5)","typography_typography":"custom","typography_font_family":"Rubik","typography_font_size":{"unit":"px","size":16,"sizes":[]},"typography_font_weight":"400","typography_line_height":{"unit":"em","size":1.5,"sizes":[]},"pp_display_conditions":[{"pp_condition_key":"authentication","pp_condition_operator":"is","pp_condition_authentication_value":"authenticated","_id":"6b5eaa7","pp_condition_user_value":"","pp_condition_role_value":"subscriber","pp_condition_page_value":"","pp_condition_post_value":"","pp_condition_static_page_value":"home","pp_condition_post_type_value":"","pp_condition_taxonomy_archive_value":"","pp_condition_term_archive_value":"","pp_condition_post_type_archive_value":"","pp_condition_date_archive_value":"","pp_condition_author_archive_value":"","pp_condition_search_results_value":"","pp_condition_date_value":"2020-07-04 to 2020-07-10","pp_condition_date_time_before_value":"2020-07-10 11:42","pp_condition_time_value":"","pp_condition_day_value":"1","pp_condition_os_value":"iphone","pp_condition_browser_value":"ie","pp_condition_search-bot_value":"all_search_bots"}]},"elements":[],"widgetType":"text-editor"},{"id":"4493cd4c","elType":"widget","settings":{"text":"Read more","align":"right","typography_typography":"custom","typography_font_family":"Rubik","typography_font_size":{"unit":"px","size":16,"sizes":[]},"typography_font_weight":"400","typography_text_decoration":"underline","button_text_color":"#000000","background_color":"rgba(2, 1, 1, 0)","text_padding":{"unit":"px","top":"0","right":"0","bottom":"0","left":"0","isLinked":true},"pp_display_conditions":[{"pp_condition_key":"authentication","pp_condition_operator":"is","pp_condition_authentication_value":"authenticated","_id":"6bc7fbb","pp_condition_user_value":"","pp_condition_role_value":"subscriber","pp_condition_page_value":"","pp_condition_post_value":"","pp_condition_static_page_value":"home","pp_condition_post_type_value":"","pp_condition_taxonomy_archive_value":"","pp_condition_term_archive_value":"","pp_condition_post_type_archive_value":"","pp_condition_date_archive_value":"","pp_condition_author_archive_value":"","pp_condition_search_results_value":"","pp_condition_date_value":"2020-07-04 to 2020-07-10","pp_condition_date_time_before_value":"2020-07-10 11:42","pp_condition_time_value":"","pp_condition_day_value":"1","pp_condition_os_value":"iphone","pp_condition_browser_value":"ie","pp_condition_search-bot_value":"all_search_bots"}]},"elements":[],"widgetType":"button"}],"isInner":true},{"id":"1b6cd0a7","elType":"column","settings":{"_column_size":50,"_inline_size":null,"background_background":"classic","background_color":"#EFEFEF","background_hover_background":"classic","background_hover_color":"#FFFFFF","border_radius":{"unit":"px","top":"18","right":"18","bottom":"18","left":"18","isLinked":true},"box_shadow_box_shadow_type":"yes","box_shadow_box_shadow":{"horizontal":0,"vertical":0,"blur":10,"spread":0,"color":"rgba(0, 0, 0, 0)"},"border_radius_hover":{"unit":"px","top":"18","right":"18","bottom":"18","left":"18","isLinked":true},"box_shadow_hover_box_shadow_type":"yes","box_shadow_hover_box_shadow":{"horizontal":0,"vertical":7,"blur":38,"spread":0,"color":"rgba(0, 0, 0, 0.06)"},"margin":{"unit":"px","top":"0","right":"0","bottom":"0","left":"15","isLinked":false},"padding":{"unit":"px","top":"60","right":"60","bottom":"60","left":"60","isLinked":true},"margin_mobile":{"unit":"px","top":"0","right":"0","bottom":"0","left":"0","isLinked":true},"padding_mobile":{"unit":"px","top":"30","right":"30","bottom":"30","left":"30","isLinked":true}},"elements":[{"id":"65699f6f","elType":"widget","settings":{"image":{"url":"https:\/\/demo.powerpackelements.com\/wp-content\/uploads\/2020\/07\/service-1-icon.png","id":1161},"title_text":"Wire Framing","description_text":"","position":"left","image_space":{"unit":"px","size":28,"sizes":[]},"image_size":{"unit":"%","size":22,"sizes":[]},"content_vertical_alignment":"middle","title_color":"rgba(0, 0, 0, 0.81)","title_typography_typography":"custom","title_typography_font_family":"Poppins","title_typography_font_size":{"unit":"px","size":18,"sizes":[]},"title_typography_font_weight":"600","pp_display_conditions":[{"pp_condition_key":"authentication","pp_condition_operator":"is","pp_condition_authentication_value":"authenticated","_id":"9daf392","pp_condition_user_value":"","pp_condition_role_value":"subscriber","pp_condition_page_value":"","pp_condition_post_value":"","pp_condition_static_page_value":"home","pp_condition_post_type_value":"","pp_condition_taxonomy_archive_value":"","pp_condition_term_archive_value":"","pp_condition_post_type_archive_value":"","pp_condition_date_archive_value":"","pp_condition_author_archive_value":"","pp_condition_search_results_value":"","pp_condition_date_value":"2020-07-04 to 2020-07-10","pp_condition_date_time_before_value":"2020-07-10 11:42","pp_condition_time_value":"","pp_condition_day_value":"1","pp_condition_os_value":"iphone","pp_condition_browser_value":"ie","pp_condition_search-bot_value":"all_search_bots"}]},"elements":[],"widgetType":"image-box"},{"id":"74198620","elType":"widget","settings":{"editor":"<p>Lorem ipsum dolor sit amet, consectetur adipiscing elitent tristique magna sit amet purus gravida.<\/p>","text_color":"rgba(0, 0, 0, 0.5)","typography_typography":"custom","typography_font_family":"Rubik","typography_font_size":{"unit":"px","size":16,"sizes":[]},"typography_font_weight":"400","typography_line_height":{"unit":"em","size":1.5,"sizes":[]},"pp_display_conditions":[{"pp_condition_key":"authentication","pp_condition_operator":"is","pp_condition_authentication_value":"authenticated","_id":"6b5eaa7","pp_condition_user_value":"","pp_condition_role_value":"subscriber","pp_condition_page_value":"","pp_condition_post_value":"","pp_condition_static_page_value":"home","pp_condition_post_type_value":"","pp_condition_taxonomy_archive_value":"","pp_condition_term_archive_value":"","pp_condition_post_type_archive_value":"","pp_condition_date_archive_value":"","pp_condition_author_archive_value":"","pp_condition_search_results_value":"","pp_condition_date_value":"2020-07-04 to 2020-07-10","pp_condition_date_time_before_value":"2020-07-10 11:42","pp_condition_time_value":"","pp_condition_day_value":"1","pp_condition_os_value":"iphone","pp_condition_browser_value":"ie","pp_condition_search-bot_value":"all_search_bots"}]},"elements":[],"widgetType":"text-editor"},{"id":"3dad6a96","elType":"widget","settings":{"text":"Read more","align":"right","typography_typography":"custom","typography_font_family":"Rubik","typography_font_size":{"unit":"px","size":16,"sizes":[]},"typography_font_weight":"400","typography_text_decoration":"underline","button_text_color":"#000000","background_color":"rgba(2, 1, 1, 0)","text_padding":{"unit":"px","top":"0","right":"0","bottom":"0","left":"0","isLinked":true},"pp_display_conditions":[{"pp_condition_key":"authentication","pp_condition_operator":"is","pp_condition_authentication_value":"authenticated","_id":"6bc7fbb","pp_condition_user_value":"","pp_condition_role_value":"subscriber","pp_condition_page_value":"","pp_condition_post_value":"","pp_condition_static_page_value":"home","pp_condition_post_type_value":"","pp_condition_taxonomy_archive_value":"","pp_condition_term_archive_value":"","pp_condition_post_type_archive_value":"","pp_condition_date_archive_value":"","pp_condition_author_archive_value":"","pp_condition_search_results_value":"","pp_condition_date_value":"2020-07-04 to 2020-07-10","pp_condition_date_time_before_value":"2020-07-10 11:42","pp_condition_time_value":"","pp_condition_day_value":"1","pp_condition_os_value":"iphone","pp_condition_browser_value":"ie","pp_condition_search-bot_value":"all_search_bots"}]},"elements":[],"widgetType":"button"}],"isInner":true}],"isInner":true}],"isInner":false}],"isInner":false}]}