{"content":[{"id":"4f7b070f","elType":"section","settings":{"height":"full","background_background":"classic","background_color":"#FFFFFF","background_image":{"url":"https:\/\/demo.powerpackelements.com\/wp-content\/uploads\/2020\/07\/pricing-4-bg.png","id":1488},"background_position":"center center","background_repeat":"no-repeat","background_size":"cover","pp_display_conditions":[{"pp_condition_key":"authentication","pp_condition_operator":"is","pp_condition_authentication_value":"authenticated","_id":"9435fe7","pp_condition_user_value":"","pp_condition_role_value":"subscriber","pp_condition_page_value":"","pp_condition_post_value":"","pp_condition_static_page_value":"home","pp_condition_post_type_value":"","pp_condition_taxonomy_archive_value":"","pp_condition_term_archive_value":"","pp_condition_post_type_archive_value":"","pp_condition_date_archive_value":"","pp_condition_author_archive_value":"","pp_condition_search_results_value":"","pp_condition_date_value":"2020-07-06 to 2020-07-12","pp_condition_date_time_before_value":"2020-07-12 02:36","pp_condition_time_value":"","pp_condition_day_value":"1","pp_condition_os_value":"iphone","pp_condition_browser_value":"ie","pp_condition_search-bot_value":"all_search_bots"}]},"elements":[{"id":"573ca3f8","elType":"column","settings":{"_column_size":100,"_inline_size":null},"elements":[{"id":"e000135","elType":"widget","settings":{"title":"Pricing","align":"center","title_color":"#000000","typography_typography":"custom","typography_font_family":"Rubik","typography_font_size":{"unit":"px","size":36,"sizes":[]},"typography_font_weight":"700","_margin":{"unit":"px","top":"0","right":"0","bottom":"55","left":"0","isLinked":false},"pp_display_conditions":[{"pp_condition_key":"authentication","pp_condition_operator":"is","pp_condition_authentication_value":"authenticated","_id":"59275b3","pp_condition_user_value":"","pp_condition_role_value":"subscriber","pp_condition_page_value":"","pp_condition_post_value":"","pp_condition_static_page_value":"home","pp_condition_post_type_value":"","pp_condition_taxonomy_archive_value":"","pp_condition_term_archive_value":"","pp_condition_post_type_archive_value":"","pp_condition_date_archive_value":"","pp_condition_author_archive_value":"","pp_condition_search_results_value":"","pp_condition_date_value":"2020-07-06 to 2020-07-12","pp_condition_date_time_before_value":"2020-07-12 02:36","pp_condition_time_value":"","pp_condition_day_value":"1","pp_condition_os_value":"iphone","pp_condition_browser_value":"ie","pp_condition_search-bot_value":"all_search_bots"}]},"elements":[],"widgetType":"heading"},{"id":"7a11d56","elType":"section","settings":{"content_width":{"unit":"px","size":710,"sizes":[]},"structure":"20","pp_display_conditions":[{"pp_condition_key":"authentication","pp_condition_operator":"is","pp_condition_authentication_value":"authenticated","_id":"39821f2","pp_condition_user_value":"","pp_condition_role_value":"subscriber","pp_condition_page_value":"","pp_condition_post_value":"","pp_condition_static_page_value":"home","pp_condition_post_type_value":"","pp_condition_taxonomy_archive_value":"","pp_condition_term_archive_value":"","pp_condition_post_type_archive_value":"","pp_condition_date_archive_value":"","pp_condition_author_archive_value":"","pp_condition_search_results_value":"","pp_condition_date_value":"2020-07-06 to 2020-07-12","pp_condition_date_time_before_value":"2020-07-12 02:36","pp_condition_time_value":"","pp_condition_day_value":"1","pp_condition_os_value":"iphone","pp_condition_browser_value":"ie","pp_condition_search-bot_value":"all_search_bots"}]},"elements":[{"id":"58267de6","elType":"column","settings":{"_column_size":50,"_inline_size":null,"background_background":"classic","background_color":"#FFFFFF","border_border":"solid","border_width":{"unit":"px","top":"1","right":"1","bottom":"1","left":"1","isLinked":true},"border_color":"#2E8FFF","margin":{"unit":"px","top":"0","right":"15","bottom":"0","left":"0","isLinked":false},"margin_mobile":{"unit":"px","top":"0","right":"0","bottom":"30","left":"0","isLinked":false},"padding":{"unit":"px","top":"0","right":"0","bottom":"0","left":"0","isLinked":true}},"elements":[{"id":"20099336","elType":"widget","settings":{"icon_type":"none","icon_text":"1","heading":"$29","sub_heading":"Extended License","description":"<p>Unlimited Traffic<\/p><p>5 Sub-Domains<\/p><p>Free Support<\/p><p>Database Download<\/p><p>Maintenance Email<\/p>","divider_title_switch":"yes","button_text":"Get Started","info_box_shadow_box_shadow_type":"yes","info_box_shadow_box_shadow":{"horizontal":0,"vertical":8,"blur":15,"spread":0,"color":"rgba(0, 0, 0, 0.1)"},"info_box_padding":{"unit":"px","top":"45","right":"30","bottom":"45","left":"30","isLinked":false},"title_color":"#000000","title_typography_typography":"custom","title_typography_font_family":"Rubik","title_typography_font_size":{"unit":"px","size":60,"sizes":[]},"title_typography_font_weight":"400","title_typography_line_height":{"unit":"em","size":1.1,"sizes":[]},"title_margin":{"unit":"px","size":10,"sizes":[]},"subtitle_color":"#939393","subtitle_typography_typography":"custom","subtitle_typography_font_family":"Rubik","subtitle_typography_font_size":{"unit":"px","size":16,"sizes":[]},"subtitle_typography_font_weight":"400","subtitle_typography_line_height":{"unit":"em","size":1,"sizes":[]},"subtitle_margin":{"unit":"px","size":40,"sizes":[]},"divider_title_width":{"unit":"%","size":100,"sizes":[]},"divider_title_border_height":{"unit":"px","size":1,"sizes":[]},"divider_title_border_color":"#CCCCCC","divider_title_margin":{"unit":"px","size":40,"sizes":[]},"description_color":"#666666","description_typography_typography":"custom","description_typography_font_family":"Rubik","description_typography_font_size":{"unit":"px","size":16,"sizes":[]},"description_typography_font_weight":"400","description_typography_line_height":{"unit":"em","size":1.2,"sizes":[]},"description_margin":{"unit":"px","size":0,"sizes":[]},"_margin":{"unit":"px","top":"0","right":"0","bottom":"-20","left":"0","isLinked":false},"_z_index":1,"pp_display_conditions":[{"pp_condition_key":"authentication","pp_condition_operator":"is","pp_condition_authentication_value":"authenticated","_id":"0ce35e0","pp_condition_user_value":"","pp_condition_role_value":"subscriber","pp_condition_page_value":"","pp_condition_post_value":"","pp_condition_static_page_value":"home","pp_condition_post_type_value":"","pp_condition_taxonomy_archive_value":"","pp_condition_term_archive_value":"","pp_condition_post_type_archive_value":"","pp_condition_date_archive_value":"","pp_condition_author_archive_value":"","pp_condition_search_results_value":"","pp_condition_date_value":"2020-07-06 to 2020-07-12","pp_condition_date_time_before_value":"2020-07-12 02:36","pp_condition_time_value":"","pp_condition_day_value":"1","pp_condition_os_value":"iphone","pp_condition_browser_value":"ie","pp_condition_search-bot_value":"all_search_bots"}]},"elements":[],"widgetType":"pp-info-box"},{"id":"4d0238b1","elType":"widget","settings":{"text":"Purchase","align":"justify","typography_typography":"custom","typography_font_family":"Rubik","typography_font_size":{"unit":"px","size":16,"sizes":[]},"typography_font_weight":"400","typography_text_transform":"uppercase","button_text_color":"#FFFFFF","background_color":"#2E8FFF","border_radius":{"unit":"px","top":"0","right":"0","bottom":"0","left":"0","isLinked":true},"text_padding":{"unit":"px","top":"28","right":"10","bottom":"28","left":"10","isLinked":false},"pp_display_conditions":[{"pp_condition_key":"authentication","pp_condition_operator":"is","pp_condition_authentication_value":"authenticated","_id":"da650c4","pp_condition_user_value":"","pp_condition_role_value":"subscriber","pp_condition_page_value":"","pp_condition_post_value":"","pp_condition_static_page_value":"home","pp_condition_post_type_value":"","pp_condition_taxonomy_archive_value":"","pp_condition_term_archive_value":"","pp_condition_post_type_archive_value":"","pp_condition_date_archive_value":"","pp_condition_author_archive_value":"","pp_condition_search_results_value":"","pp_condition_date_value":"2020-07-06 to 2020-07-12","pp_condition_date_time_before_value":"2020-07-12 02:36","pp_condition_time_value":"","pp_condition_day_value":"1","pp_condition_os_value":"iphone","pp_condition_browser_value":"ie","pp_condition_search-bot_value":"all_search_bots"}]},"elements":[],"widgetType":"button"}],"isInner":true},{"id":"24c3499e","elType":"column","settings":{"_column_size":50,"_inline_size":null,"background_background":"classic","background_color":"#FFFFFF","border_border":"solid","border_width":{"unit":"px","top":"1","right":"1","bottom":"1","left":"1","isLinked":true},"border_color":"#717578","margin":{"unit":"px","top":"0","right":"0","bottom":"0","left":"15","isLinked":false},"margin_mobile":{"unit":"px","top":"0","right":"0","bottom":"30","left":"0","isLinked":false},"padding":{"unit":"px","top":"0","right":"0","bottom":"0","left":"0","isLinked":true}},"elements":[{"id":"563c5c39","elType":"widget","settings":{"icon_type":"none","icon_text":"1","heading":"$69","sub_heading":"Simple License","description":"<p>Unlimited Traffic<\/p><p>12 Sub-Domains<\/p><p>Free Support<\/p><p>Database Download<\/p><p>Maintenance Email<\/p>","divider_title_switch":"yes","button_text":"Get Started","info_box_shadow_box_shadow_type":"yes","info_box_shadow_box_shadow":{"horizontal":0,"vertical":8,"blur":15,"spread":0,"color":"rgba(0, 0, 0, 0.1)"},"info_box_padding":{"unit":"px","top":"45","right":"30","bottom":"45","left":"30","isLinked":false},"title_color":"#000000","title_typography_typography":"custom","title_typography_font_family":"Rubik","title_typography_font_size":{"unit":"px","size":60,"sizes":[]},"title_typography_font_weight":"400","title_typography_line_height":{"unit":"em","size":1.1,"sizes":[]},"title_margin":{"unit":"px","size":10,"sizes":[]},"subtitle_color":"#939393","subtitle_typography_typography":"custom","subtitle_typography_font_family":"Rubik","subtitle_typography_font_size":{"unit":"px","size":16,"sizes":[]},"subtitle_typography_font_weight":"400","subtitle_typography_line_height":{"unit":"em","size":1,"sizes":[]},"subtitle_margin":{"unit":"px","size":40,"sizes":[]},"divider_title_width":{"unit":"%","size":100,"sizes":[]},"divider_title_border_height":{"unit":"px","size":1,"sizes":[]},"divider_title_border_color":"#CCCCCC","divider_title_margin":{"unit":"px","size":40,"sizes":[]},"description_color":"#666666","description_typography_typography":"custom","description_typography_font_family":"Rubik","description_typography_font_size":{"unit":"px","size":16,"sizes":[]},"description_typography_font_weight":"400","description_typography_line_height":{"unit":"em","size":1.2,"sizes":[]},"description_margin":{"unit":"px","size":0,"sizes":[]},"_margin":{"unit":"px","top":"0","right":"0","bottom":"-20","left":"0","isLinked":false},"_z_index":1,"pp_display_conditions":[{"pp_condition_key":"authentication","pp_condition_operator":"is","pp_condition_authentication_value":"authenticated","_id":"0ce35e0","pp_condition_user_value":"","pp_condition_role_value":"subscriber","pp_condition_page_value":"","pp_condition_post_value":"","pp_condition_static_page_value":"home","pp_condition_post_type_value":"","pp_condition_taxonomy_archive_value":"","pp_condition_term_archive_value":"","pp_condition_post_type_archive_value":"","pp_condition_date_archive_value":"","pp_condition_author_archive_value":"","pp_condition_search_results_value":"","pp_condition_date_value":"2020-07-06 to 2020-07-12","pp_condition_date_time_before_value":"2020-07-12 02:36","pp_condition_time_value":"","pp_condition_day_value":"1","pp_condition_os_value":"iphone","pp_condition_browser_value":"ie","pp_condition_search-bot_value":"all_search_bots"}]},"elements":[],"widgetType":"pp-info-box"},{"id":"aafda01","elType":"widget","settings":{"text":"Purchase","align":"justify","typography_typography":"custom","typography_font_family":"Rubik","typography_font_size":{"unit":"px","size":16,"sizes":[]},"typography_font_weight":"400","typography_text_transform":"uppercase","button_text_color":"#FFFFFF","background_color":"#717578","border_radius":{"unit":"px","top":"0","right":"0","bottom":"0","left":"0","isLinked":true},"text_padding":{"unit":"px","top":"28","right":"10","bottom":"28","left":"10","isLinked":false},"pp_display_conditions":[{"pp_condition_key":"authentication","pp_condition_operator":"is","pp_condition_authentication_value":"authenticated","_id":"da650c4","pp_condition_user_value":"","pp_condition_role_value":"subscriber","pp_condition_page_value":"","pp_condition_post_value":"","pp_condition_static_page_value":"home","pp_condition_post_type_value":"","pp_condition_taxonomy_archive_value":"","pp_condition_term_archive_value":"","pp_condition_post_type_archive_value":"","pp_condition_date_archive_value":"","pp_condition_author_archive_value":"","pp_condition_search_results_value":"","pp_condition_date_value":"2020-07-06 to 2020-07-12","pp_condition_date_time_before_value":"2020-07-12 02:36","pp_condition_time_value":"","pp_condition_day_value":"1","pp_condition_os_value":"iphone","pp_condition_browser_value":"ie","pp_condition_search-bot_value":"all_search_bots"}]},"elements":[],"widgetType":"button"}],"isInner":true}],"isInner":true}],"isInner":false}],"isInner":false}]}