{"content":[{"id":"4a159f47","elType":"section","settings":{"height":"full","structure":"30","background_background":"classic","background_color":"#632589","pp_display_conditions":[{"pp_condition_key":"authentication","pp_condition_operator":"is","pp_condition_authentication_value":"authenticated","_id":"350ed98","pp_condition_user_value":"","pp_condition_role_value":"subscriber","pp_condition_page_value":"","pp_condition_post_value":"","pp_condition_static_page_value":"home","pp_condition_post_type_value":"","pp_condition_taxonomy_archive_value":"","pp_condition_term_archive_value":"","pp_condition_post_type_archive_value":"","pp_condition_date_archive_value":"","pp_condition_author_archive_value":"","pp_condition_search_results_value":"","pp_condition_date_value":"2020-07-05 to 2020-07-11","pp_condition_date_time_before_value":"2020-07-11 03:23","pp_condition_time_value":"","pp_condition_day_value":"1","pp_condition_os_value":"iphone","pp_condition_browser_value":"ie","pp_condition_search-bot_value":"all_search_bots"}]},"elements":[{"id":"2873d182","elType":"column","settings":{"_column_size":33,"_inline_size":null},"elements":[{"id":"5b798487","elType":"section","settings":{"background_background":"classic","background_color":"#FFFFFF","padding":{"unit":"px","top":"240","right":"60","bottom":"40","left":"60","isLinked":false},"pp_display_conditions":[{"pp_condition_key":"authentication","pp_condition_operator":"is","pp_condition_authentication_value":"authenticated","_id":"51ca917","pp_condition_user_value":"","pp_condition_role_value":"subscriber","pp_condition_page_value":"","pp_condition_post_value":"","pp_condition_static_page_value":"home","pp_condition_post_type_value":"","pp_condition_taxonomy_archive_value":"","pp_condition_term_archive_value":"","pp_condition_post_type_archive_value":"","pp_condition_date_archive_value":"","pp_condition_author_archive_value":"","pp_condition_search_results_value":"","pp_condition_date_value":"2020-07-05 to 2020-07-11","pp_condition_date_time_before_value":"2020-07-11 03:23","pp_condition_time_value":"","pp_condition_day_value":"1","pp_condition_os_value":"iphone","pp_condition_browser_value":"ie","pp_condition_search-bot_value":"all_search_bots"}],"background_image":{"url":"https:\/\/demo.powerpackelements.com\/wp-content\/uploads\/2020\/07\/pricing-5-1-bg.png","id":1207},"background_position":"top center","background_repeat":"no-repeat","border_radius":{"unit":"px","top":"20","right":"20","bottom":"20","left":"20","isLinked":true},"padding_tablet":{"unit":"px","top":"260","right":"10","bottom":"30","left":"10","isLinked":false}},"elements":[{"id":"78292815","elType":"column","settings":{"_column_size":100,"_inline_size":null},"elements":[{"id":"af82104","elType":"widget","settings":{"title":"$20.9","header_size":"div","align":"left","title_color":"#8E5DD3","typography_typography":"custom","typography_font_family":"Raleway","typography_font_size":{"unit":"px","size":60,"sizes":[]},"typography_font_weight":"400","pp_display_conditions":[{"pp_condition_key":"authentication","pp_condition_operator":"is","pp_condition_authentication_value":"authenticated","_id":"339b0df","pp_condition_user_value":"","pp_condition_role_value":"subscriber","pp_condition_page_value":"","pp_condition_post_value":"","pp_condition_static_page_value":"home","pp_condition_post_type_value":"","pp_condition_taxonomy_archive_value":"","pp_condition_term_archive_value":"","pp_condition_post_type_archive_value":"","pp_condition_date_archive_value":"","pp_condition_author_archive_value":"","pp_condition_search_results_value":"","pp_condition_date_value":"2020-07-05 to 2020-07-11","pp_condition_date_time_before_value":"2020-07-11 03:23","pp_condition_time_value":"","pp_condition_day_value":"1","pp_condition_os_value":"iphone","pp_condition_browser_value":"ie","pp_condition_search-bot_value":"all_search_bots"}]},"elements":[],"widgetType":"heading"},{"id":"5e38af70","elType":"widget","settings":{"list_items":[{"text":"Complete Documentation","icon":{"value":"fas fa-check","library":"fa-solid"},"_id":"f827dd4","pp_icon_type":"none","list_image":{"url":"https:\/\/demo.powerpackelements.com\/wp-content\/plugins\/elementor\/assets\/images\/placeholder.png"},"icon_text":""},{"text":"3 Months Access","icon":{"value":"fas fa-check","library":"fa-solid"},"pp_icon_type":"none","list_image":{"url":"https:\/\/demo.powerpackelements.com\/wp-content\/plugins\/elementor\/assets\/images\/placeholder.png"},"icon_text":"","_id":"5424f87"}],"pp_display_conditions":[{"pp_condition_key":"authentication","pp_condition_operator":"is","pp_condition_authentication_value":"authenticated","_id":"f3792f1","pp_condition_user_value":"","pp_condition_role_value":"subscriber","pp_condition_page_value":"","pp_condition_post_value":"","pp_condition_static_page_value":"home","pp_condition_post_type_value":"","pp_condition_taxonomy_archive_value":"","pp_condition_term_archive_value":"","pp_condition_post_type_archive_value":"","pp_condition_date_archive_value":"","pp_condition_author_archive_value":"","pp_condition_search_results_value":"","pp_condition_date_value":"2020-07-05 to 2020-07-11","pp_condition_date_time_before_value":"2020-07-11 03:23","pp_condition_time_value":"","pp_condition_day_value":"1","pp_condition_os_value":"iphone","pp_condition_browser_value":"ie","pp_condition_search-bot_value":"all_search_bots"}],"text_typography_typography":"custom","text_typography_font_family":"Raleway","text_typography_font_size":{"unit":"px","size":18,"sizes":[]},"text_typography_font_weight":"400","_margin":{"unit":"px","top":"0","right":"0","bottom":"10","left":"0","isLinked":false}},"elements":[],"widgetType":"pp-icon-list"},{"id":"4aac405c","elType":"widget","settings":{"text":"Sign Up","align":"justify","button_text_color":"#FFFFFF","background_color":"#8E5DD3","pp_display_conditions":[{"pp_condition_key":"authentication","pp_condition_operator":"is","pp_condition_authentication_value":"authenticated","_id":"b3533bc","pp_condition_user_value":"","pp_condition_role_value":"subscriber","pp_condition_page_value":"","pp_condition_post_value":"","pp_condition_static_page_value":"home","pp_condition_post_type_value":"","pp_condition_taxonomy_archive_value":"","pp_condition_term_archive_value":"","pp_condition_post_type_archive_value":"","pp_condition_date_archive_value":"","pp_condition_author_archive_value":"","pp_condition_search_results_value":"","pp_condition_date_value":"2020-07-05 to 2020-07-11","pp_condition_date_time_before_value":"2020-07-11 03:23","pp_condition_time_value":"","pp_condition_day_value":"1","pp_condition_os_value":"iphone","pp_condition_browser_value":"ie","pp_condition_search-bot_value":"all_search_bots"}],"typography_typography":"custom","typography_font_family":"Raleway","typography_font_size":{"unit":"px","size":18,"sizes":[]},"typography_font_weight":"500","typography_text_transform":"uppercase","border_radius":{"unit":"px","top":"40","right":"40","bottom":"40","left":"40","isLinked":true},"text_padding":{"unit":"px","top":"20","right":"20","bottom":"20","left":"20","isLinked":true}},"elements":[],"widgetType":"button"}],"isInner":true}],"isInner":true}],"isInner":false},{"id":"3d9912c6","elType":"column","settings":{"_column_size":33,"_inline_size":null},"elements":[{"id":"65ffef36","elType":"section","settings":{"background_background":"classic","background_color":"#FFFFFF","padding":{"unit":"px","top":"240","right":"60","bottom":"40","left":"60","isLinked":false},"pp_display_conditions":[{"pp_condition_key":"authentication","pp_condition_operator":"is","pp_condition_authentication_value":"authenticated","_id":"51ca917","pp_condition_user_value":"","pp_condition_role_value":"subscriber","pp_condition_page_value":"","pp_condition_post_value":"","pp_condition_static_page_value":"home","pp_condition_post_type_value":"","pp_condition_taxonomy_archive_value":"","pp_condition_term_archive_value":"","pp_condition_post_type_archive_value":"","pp_condition_date_archive_value":"","pp_condition_author_archive_value":"","pp_condition_search_results_value":"","pp_condition_date_value":"2020-07-05 to 2020-07-11","pp_condition_date_time_before_value":"2020-07-11 03:23","pp_condition_time_value":"","pp_condition_day_value":"1","pp_condition_os_value":"iphone","pp_condition_browser_value":"ie","pp_condition_search-bot_value":"all_search_bots"}],"background_image":{"url":"https:\/\/demo.powerpackelements.com\/wp-content\/uploads\/2020\/07\/pricing-5-2-bg.png","id":1219},"background_position":"top center","background_repeat":"no-repeat","border_radius":{"unit":"px","top":"20","right":"20","bottom":"20","left":"20","isLinked":true},"padding_tablet":{"unit":"px","top":"260","right":"10","bottom":"30","left":"10","isLinked":false}},"elements":[{"id":"1793145a","elType":"column","settings":{"_column_size":100,"_inline_size":null},"elements":[{"id":"560c65b3","elType":"widget","settings":{"title":"$50.9","header_size":"div","align":"left","title_color":"#D36293","typography_typography":"custom","typography_font_family":"Raleway","typography_font_size":{"unit":"px","size":60,"sizes":[]},"typography_font_weight":"400","pp_display_conditions":[{"pp_condition_key":"authentication","pp_condition_operator":"is","pp_condition_authentication_value":"authenticated","_id":"339b0df","pp_condition_user_value":"","pp_condition_role_value":"subscriber","pp_condition_page_value":"","pp_condition_post_value":"","pp_condition_static_page_value":"home","pp_condition_post_type_value":"","pp_condition_taxonomy_archive_value":"","pp_condition_term_archive_value":"","pp_condition_post_type_archive_value":"","pp_condition_date_archive_value":"","pp_condition_author_archive_value":"","pp_condition_search_results_value":"","pp_condition_date_value":"2020-07-05 to 2020-07-11","pp_condition_date_time_before_value":"2020-07-11 03:23","pp_condition_time_value":"","pp_condition_day_value":"1","pp_condition_os_value":"iphone","pp_condition_browser_value":"ie","pp_condition_search-bot_value":"all_search_bots"}]},"elements":[],"widgetType":"heading"},{"id":"343b1bef","elType":"widget","settings":{"list_items":[{"text":"Complete Documentation","icon":{"value":"fas fa-check","library":"fa-solid"},"_id":"f827dd4","pp_icon_type":"none","list_image":{"url":"https:\/\/demo.powerpackelements.com\/wp-content\/plugins\/elementor\/assets\/images\/placeholder.png"},"icon_text":""},{"text":"6 Months Access","icon":{"value":"fas fa-check","library":"fa-solid"},"pp_icon_type":"none","list_image":{"url":"https:\/\/demo.powerpackelements.com\/wp-content\/plugins\/elementor\/assets\/images\/placeholder.png"},"icon_text":"","_id":"5424f87"}],"pp_display_conditions":[{"pp_condition_key":"authentication","pp_condition_operator":"is","pp_condition_authentication_value":"authenticated","_id":"f3792f1","pp_condition_user_value":"","pp_condition_role_value":"subscriber","pp_condition_page_value":"","pp_condition_post_value":"","pp_condition_static_page_value":"home","pp_condition_post_type_value":"","pp_condition_taxonomy_archive_value":"","pp_condition_term_archive_value":"","pp_condition_post_type_archive_value":"","pp_condition_date_archive_value":"","pp_condition_author_archive_value":"","pp_condition_search_results_value":"","pp_condition_date_value":"2020-07-05 to 2020-07-11","pp_condition_date_time_before_value":"2020-07-11 03:23","pp_condition_time_value":"","pp_condition_day_value":"1","pp_condition_os_value":"iphone","pp_condition_browser_value":"ie","pp_condition_search-bot_value":"all_search_bots"}],"text_typography_typography":"custom","text_typography_font_family":"Raleway","text_typography_font_size":{"unit":"px","size":18,"sizes":[]},"text_typography_font_weight":"400","_margin":{"unit":"px","top":"0","right":"0","bottom":"10","left":"0","isLinked":false}},"elements":[],"widgetType":"pp-icon-list"},{"id":"5f0a4a98","elType":"widget","settings":{"text":"Sign Up","align":"justify","button_text_color":"#FFFFFF","background_color":"#D26393","pp_display_conditions":[{"pp_condition_key":"authentication","pp_condition_operator":"is","pp_condition_authentication_value":"authenticated","_id":"b3533bc","pp_condition_user_value":"","pp_condition_role_value":"subscriber","pp_condition_page_value":"","pp_condition_post_value":"","pp_condition_static_page_value":"home","pp_condition_post_type_value":"","pp_condition_taxonomy_archive_value":"","pp_condition_term_archive_value":"","pp_condition_post_type_archive_value":"","pp_condition_date_archive_value":"","pp_condition_author_archive_value":"","pp_condition_search_results_value":"","pp_condition_date_value":"2020-07-05 to 2020-07-11","pp_condition_date_time_before_value":"2020-07-11 03:23","pp_condition_time_value":"","pp_condition_day_value":"1","pp_condition_os_value":"iphone","pp_condition_browser_value":"ie","pp_condition_search-bot_value":"all_search_bots"}],"typography_typography":"custom","typography_font_family":"Raleway","typography_font_size":{"unit":"px","size":18,"sizes":[]},"typography_font_weight":"500","typography_text_transform":"uppercase","border_radius":{"unit":"px","top":"40","right":"40","bottom":"40","left":"40","isLinked":true},"text_padding":{"unit":"px","top":"20","right":"20","bottom":"20","left":"20","isLinked":true}},"elements":[],"widgetType":"button"}],"isInner":true}],"isInner":true}],"isInner":false},{"id":"225ca4a6","elType":"column","settings":{"_column_size":33,"_inline_size":null},"elements":[{"id":"38fbcaf9","elType":"section","settings":{"background_background":"classic","background_color":"#FFFFFF","padding":{"unit":"px","top":"240","right":"60","bottom":"40","left":"60","isLinked":false},"pp_display_conditions":[{"pp_condition_key":"authentication","pp_condition_operator":"is","pp_condition_authentication_value":"authenticated","_id":"51ca917","pp_condition_user_value":"","pp_condition_role_value":"subscriber","pp_condition_page_value":"","pp_condition_post_value":"","pp_condition_static_page_value":"home","pp_condition_post_type_value":"","pp_condition_taxonomy_archive_value":"","pp_condition_term_archive_value":"","pp_condition_post_type_archive_value":"","pp_condition_date_archive_value":"","pp_condition_author_archive_value":"","pp_condition_search_results_value":"","pp_condition_date_value":"2020-07-05 to 2020-07-11","pp_condition_date_time_before_value":"2020-07-11 03:23","pp_condition_time_value":"","pp_condition_day_value":"1","pp_condition_os_value":"iphone","pp_condition_browser_value":"ie","pp_condition_search-bot_value":"all_search_bots"}],"background_image":{"url":"https:\/\/demo.powerpackelements.com\/wp-content\/uploads\/2020\/07\/pricing-5-3-bg.png","id":1221},"background_position":"top center","background_repeat":"no-repeat","border_radius":{"unit":"px","top":"20","right":"20","bottom":"20","left":"20","isLinked":true},"padding_tablet":{"unit":"px","top":"260","right":"10","bottom":"30","left":"10","isLinked":false}},"elements":[{"id":"7391de7a","elType":"column","settings":{"_column_size":100,"_inline_size":null},"elements":[{"id":"6faa901a","elType":"widget","settings":{"title":"$60.9","header_size":"div","align":"left","title_color":"#55D093","typography_typography":"custom","typography_font_family":"Raleway","typography_font_size":{"unit":"px","size":60,"sizes":[]},"typography_font_weight":"400","pp_display_conditions":[{"pp_condition_key":"authentication","pp_condition_operator":"is","pp_condition_authentication_value":"authenticated","_id":"339b0df","pp_condition_user_value":"","pp_condition_role_value":"subscriber","pp_condition_page_value":"","pp_condition_post_value":"","pp_condition_static_page_value":"home","pp_condition_post_type_value":"","pp_condition_taxonomy_archive_value":"","pp_condition_term_archive_value":"","pp_condition_post_type_archive_value":"","pp_condition_date_archive_value":"","pp_condition_author_archive_value":"","pp_condition_search_results_value":"","pp_condition_date_value":"2020-07-05 to 2020-07-11","pp_condition_date_time_before_value":"2020-07-11 03:23","pp_condition_time_value":"","pp_condition_day_value":"1","pp_condition_os_value":"iphone","pp_condition_browser_value":"ie","pp_condition_search-bot_value":"all_search_bots"}]},"elements":[],"widgetType":"heading"},{"id":"36f0e08e","elType":"widget","settings":{"list_items":[{"text":"Complete Documentation","icon":{"value":"fas fa-check","library":"fa-solid"},"_id":"f827dd4","pp_icon_type":"none","list_image":{"url":"https:\/\/demo.powerpackelements.com\/wp-content\/plugins\/elementor\/assets\/images\/placeholder.png"},"icon_text":""},{"text":"12 Months Access","icon":{"value":"fas fa-check","library":"fa-solid"},"pp_icon_type":"none","list_image":{"url":"https:\/\/demo.powerpackelements.com\/wp-content\/plugins\/elementor\/assets\/images\/placeholder.png"},"icon_text":"","_id":"5424f87"}],"pp_display_conditions":[{"pp_condition_key":"authentication","pp_condition_operator":"is","pp_condition_authentication_value":"authenticated","_id":"f3792f1","pp_condition_user_value":"","pp_condition_role_value":"subscriber","pp_condition_page_value":"","pp_condition_post_value":"","pp_condition_static_page_value":"home","pp_condition_post_type_value":"","pp_condition_taxonomy_archive_value":"","pp_condition_term_archive_value":"","pp_condition_post_type_archive_value":"","pp_condition_date_archive_value":"","pp_condition_author_archive_value":"","pp_condition_search_results_value":"","pp_condition_date_value":"2020-07-05 to 2020-07-11","pp_condition_date_time_before_value":"2020-07-11 03:23","pp_condition_time_value":"","pp_condition_day_value":"1","pp_condition_os_value":"iphone","pp_condition_browser_value":"ie","pp_condition_search-bot_value":"all_search_bots"}],"text_typography_typography":"custom","text_typography_font_family":"Raleway","text_typography_font_size":{"unit":"px","size":18,"sizes":[]},"text_typography_font_weight":"400","_margin":{"unit":"px","top":"0","right":"0","bottom":"10","left":"0","isLinked":false}},"elements":[],"widgetType":"pp-icon-list"},{"id":"32665629","elType":"widget","settings":{"text":"Sign Up","align":"justify","button_text_color":"#FFFFFF","background_color":"#55D093","pp_display_conditions":[{"pp_condition_key":"authentication","pp_condition_operator":"is","pp_condition_authentication_value":"authenticated","_id":"b3533bc","pp_condition_user_value":"","pp_condition_role_value":"subscriber","pp_condition_page_value":"","pp_condition_post_value":"","pp_condition_static_page_value":"home","pp_condition_post_type_value":"","pp_condition_taxonomy_archive_value":"","pp_condition_term_archive_value":"","pp_condition_post_type_archive_value":"","pp_condition_date_archive_value":"","pp_condition_author_archive_value":"","pp_condition_search_results_value":"","pp_condition_date_value":"2020-07-05 to 2020-07-11","pp_condition_date_time_before_value":"2020-07-11 03:23","pp_condition_time_value":"","pp_condition_day_value":"1","pp_condition_os_value":"iphone","pp_condition_browser_value":"ie","pp_condition_search-bot_value":"all_search_bots"}],"typography_typography":"custom","typography_font_family":"Raleway","typography_font_size":{"unit":"px","size":18,"sizes":[]},"typography_font_weight":"500","typography_text_transform":"uppercase","border_radius":{"unit":"px","top":"40","right":"40","bottom":"40","left":"40","isLinked":true},"text_padding":{"unit":"px","top":"20","right":"20","bottom":"20","left":"20","isLinked":true}},"elements":[],"widgetType":"button"}],"isInner":true}],"isInner":true}],"isInner":false}],"isInner":false}]}