{"content":[{"id":"69c28918","elType":"section","settings":{"gap":"extended","height":"full","structure":"30","background_background":"classic","background_image":{"url":"https:\/\/demo.powerpackelements.com\/wp-content\/uploads\/2020\/07\/pricing-6-bg.png","id":1227},"background_position":"center center","background_repeat":"no-repeat","background_size":"cover","pp_display_conditions":[{"pp_condition_key":"authentication","pp_condition_operator":"is","pp_condition_authentication_value":"authenticated","_id":"cff12be","pp_condition_user_value":"","pp_condition_role_value":"subscriber","pp_condition_page_value":"","pp_condition_post_value":"","pp_condition_static_page_value":"home","pp_condition_post_type_value":"","pp_condition_taxonomy_archive_value":"","pp_condition_term_archive_value":"","pp_condition_post_type_archive_value":"","pp_condition_date_archive_value":"","pp_condition_author_archive_value":"","pp_condition_search_results_value":"","pp_condition_date_value":"2020-07-05 to 2020-07-11","pp_condition_date_time_before_value":"2020-07-11 06:46","pp_condition_time_value":"","pp_condition_day_value":"1","pp_condition_os_value":"iphone","pp_condition_browser_value":"ie","pp_condition_search-bot_value":"all_search_bots"}]},"elements":[{"id":"4ce96cb5","elType":"column","settings":{"_column_size":33,"_inline_size":null,"content_position":"bottom"},"elements":[{"id":"2e115d98","elType":"section","settings":{"background_background":"classic","background_color":"#FFFFFF","border_radius":{"unit":"px","top":"30","right":"30","bottom":"30","left":"30","isLinked":true},"box_shadow_box_shadow_type":"yes","box_shadow_box_shadow":{"horizontal":0,"vertical":40,"blur":30,"spread":0,"color":"rgba(17, 17, 17, 0.1)"},"padding":{"unit":"px","top":"45","right":"40","bottom":"45","left":"40","isLinked":false},"pp_display_conditions":[{"pp_condition_key":"authentication","pp_condition_operator":"is","pp_condition_authentication_value":"authenticated","_id":"61024b9","pp_condition_user_value":"","pp_condition_role_value":"subscriber","pp_condition_page_value":"","pp_condition_post_value":"","pp_condition_static_page_value":"home","pp_condition_post_type_value":"","pp_condition_taxonomy_archive_value":"","pp_condition_term_archive_value":"","pp_condition_post_type_archive_value":"","pp_condition_date_archive_value":"","pp_condition_author_archive_value":"","pp_condition_search_results_value":"","pp_condition_date_value":"2020-07-05 to 2020-07-11","pp_condition_date_time_before_value":"2020-07-11 06:46","pp_condition_time_value":"","pp_condition_day_value":"1","pp_condition_os_value":"iphone","pp_condition_browser_value":"ie","pp_condition_search-bot_value":"all_search_bots"}]},"elements":[{"id":"1f4f0671","elType":"column","settings":{"_column_size":100,"_inline_size":null},"elements":[{"id":"11fb4d83","elType":"widget","settings":{"image":{"url":"https:\/\/demo.powerpackelements.com\/wp-content\/uploads\/2020\/07\/pricing-6-icon.png","id":1231},"_margin":{"unit":"px","top":"0","right":"0","bottom":"5","left":"0","isLinked":false},"pp_display_conditions":[{"pp_condition_key":"authentication","pp_condition_operator":"is","pp_condition_authentication_value":"authenticated","_id":"bd6ec2a","pp_condition_user_value":"","pp_condition_role_value":"subscriber","pp_condition_page_value":"","pp_condition_post_value":"","pp_condition_static_page_value":"home","pp_condition_post_type_value":"","pp_condition_taxonomy_archive_value":"","pp_condition_term_archive_value":"","pp_condition_post_type_archive_value":"","pp_condition_date_archive_value":"","pp_condition_author_archive_value":"","pp_condition_search_results_value":"","pp_condition_date_value":"2020-07-05 to 2020-07-11","pp_condition_date_time_before_value":"2020-07-11 06:46","pp_condition_time_value":"","pp_condition_day_value":"1","pp_condition_os_value":"iphone","pp_condition_browser_value":"ie","pp_condition_search-bot_value":"all_search_bots"}]},"elements":[],"widgetType":"image"},{"id":"34df1eb8","elType":"widget","settings":{"title":"Premium","header_size":"div","align":"center","title_color":"#2B3252","typography_typography":"custom","typography_font_family":"Arial","typography_font_size":{"unit":"px","size":24,"sizes":[]},"typography_font_weight":"400","_margin":{"unit":"px","top":"0","right":"0","bottom":"10","left":"0","isLinked":false},"pp_display_conditions":[{"pp_condition_key":"authentication","pp_condition_operator":"is","pp_condition_authentication_value":"authenticated","_id":"b72e168","pp_condition_user_value":"","pp_condition_role_value":"subscriber","pp_condition_page_value":"","pp_condition_post_value":"","pp_condition_static_page_value":"home","pp_condition_post_type_value":"","pp_condition_taxonomy_archive_value":"","pp_condition_term_archive_value":"","pp_condition_post_type_archive_value":"","pp_condition_date_archive_value":"","pp_condition_author_archive_value":"","pp_condition_search_results_value":"","pp_condition_date_value":"2020-07-05 to 2020-07-11","pp_condition_date_time_before_value":"2020-07-11 06:46","pp_condition_time_value":"","pp_condition_day_value":"1","pp_condition_os_value":"iphone","pp_condition_browser_value":"ie","pp_condition_search-bot_value":"all_search_bots"}]},"elements":[],"widgetType":"heading"},{"id":"e07fdba","elType":"widget","settings":{"list_items":[{"text":"2.5 GB Internet","icon":{"value":"fas fa-check","library":"fa-solid"},"_id":"a3b0cb1","pp_icon_type":"none","list_image":{"url":"https:\/\/demo.powerpackelements.com\/wp-content\/plugins\/elementor\/assets\/images\/placeholder.png"},"icon_text":""},{"text":"Unlimited calls on network","icon":{"value":"fas fa-check","library":"fa-solid"},"pp_icon_type":"none","list_image":{"url":"https:\/\/demo.powerpackelements.com\/wp-content\/plugins\/elementor\/assets\/images\/placeholder.png"},"icon_text":"","_id":"835761d"},{"text":"200 SMS Per Month","icon":{"value":"fas fa-check","library":"fa-solid"},"pp_icon_type":"none","list_image":{"url":"https:\/\/demo.powerpackelements.com\/wp-content\/plugins\/elementor\/assets\/images\/placeholder.png"},"icon_text":"","_id":"1852fc0"},{"text":"250 Minutes","icon":{"value":"fas fa-check","library":"fa-solid"},"pp_icon_type":"none","list_image":{"url":"https:\/\/demo.powerpackelements.com\/wp-content\/plugins\/elementor\/assets\/images\/placeholder.png"},"icon_text":"","_id":"c1a3d28"}],"items_spacing":{"unit":"px","size":10,"sizes":[]},"list_items_alignment":"center","text_color":"#818493","_margin":{"unit":"px","top":"0","right":"0","bottom":"25","left":"0","isLinked":false},"pp_display_conditions":[{"pp_condition_key":"authentication","pp_condition_operator":"is","pp_condition_authentication_value":"authenticated","_id":"92bc9ec","pp_condition_user_value":"","pp_condition_role_value":"subscriber","pp_condition_page_value":"","pp_condition_post_value":"","pp_condition_static_page_value":"home","pp_condition_post_type_value":"","pp_condition_taxonomy_archive_value":"","pp_condition_term_archive_value":"","pp_condition_post_type_archive_value":"","pp_condition_date_archive_value":"","pp_condition_author_archive_value":"","pp_condition_search_results_value":"","pp_condition_date_value":"2020-07-05 to 2020-07-11","pp_condition_date_time_before_value":"2020-07-11 06:46","pp_condition_time_value":"","pp_condition_day_value":"1","pp_condition_os_value":"iphone","pp_condition_browser_value":"ie","pp_condition_search-bot_value":"all_search_bots"}]},"elements":[],"widgetType":"pp-icon-list"},{"id":"5242a8ca","elType":"widget","settings":{"text":"Buy Now","align":"justify","typography_typography":"custom","typography_font_family":"Arial","typography_font_size":{"unit":"px","size":16,"sizes":[]},"typography_font_weight":"700","typography_text_transform":"uppercase","button_text_color":"#2B3252","background_color":"#FFFFFF","border_border":"solid","border_width":{"unit":"px","top":"1","right":"1","bottom":"1","left":"1","isLinked":true},"border_color":"#A1A1A1","border_radius":{"unit":"px","top":"30","right":"30","bottom":"30","left":"30","isLinked":true},"text_padding":{"unit":"px","top":"20","right":"20","bottom":"20","left":"20","isLinked":true},"pp_display_conditions":[{"pp_condition_key":"authentication","pp_condition_operator":"is","pp_condition_authentication_value":"authenticated","_id":"ea1ae64","pp_condition_user_value":"","pp_condition_role_value":"subscriber","pp_condition_page_value":"","pp_condition_post_value":"","pp_condition_static_page_value":"home","pp_condition_post_type_value":"","pp_condition_taxonomy_archive_value":"","pp_condition_term_archive_value":"","pp_condition_post_type_archive_value":"","pp_condition_date_archive_value":"","pp_condition_author_archive_value":"","pp_condition_search_results_value":"","pp_condition_date_value":"2020-07-05 to 2020-07-11","pp_condition_date_time_before_value":"2020-07-11 06:46","pp_condition_time_value":"","pp_condition_day_value":"1","pp_condition_os_value":"iphone","pp_condition_browser_value":"ie","pp_condition_search-bot_value":"all_search_bots"}]},"elements":[],"widgetType":"button"}],"isInner":true}],"isInner":true}],"isInner":false},{"id":"dd22940","elType":"column","settings":{"_column_size":33,"_inline_size":null},"elements":[{"id":"13aa423d","elType":"section","settings":{"background_background":"classic","background_color":"#2B3252","border_radius":{"unit":"px","top":"30","right":"30","bottom":"30","left":"30","isLinked":true},"box_shadow_box_shadow_type":"yes","box_shadow_box_shadow":{"horizontal":0,"vertical":40,"blur":30,"spread":0,"color":"rgba(17, 17, 17, 0.1)"},"padding":{"unit":"px","top":"45","right":"40","bottom":"45","left":"40","isLinked":false},"pp_display_conditions":[{"pp_condition_key":"authentication","pp_condition_operator":"is","pp_condition_authentication_value":"authenticated","_id":"61024b9","pp_condition_user_value":"","pp_condition_role_value":"subscriber","pp_condition_page_value":"","pp_condition_post_value":"","pp_condition_static_page_value":"home","pp_condition_post_type_value":"","pp_condition_taxonomy_archive_value":"","pp_condition_term_archive_value":"","pp_condition_post_type_archive_value":"","pp_condition_date_archive_value":"","pp_condition_author_archive_value":"","pp_condition_search_results_value":"","pp_condition_date_value":"2020-07-05 to 2020-07-11","pp_condition_date_time_before_value":"2020-07-11 06:46","pp_condition_time_value":"","pp_condition_day_value":"1","pp_condition_os_value":"iphone","pp_condition_browser_value":"ie","pp_condition_search-bot_value":"all_search_bots"}]},"elements":[{"id":"2c2e030a","elType":"column","settings":{"_column_size":100,"_inline_size":null},"elements":[{"id":"56464856","elType":"widget","settings":{"image":{"url":"https:\/\/demo.powerpackelements.com\/wp-content\/uploads\/2020\/07\/pricing-6-icon.png","id":1231},"_margin":{"unit":"px","top":"0","right":"0","bottom":"5","left":"0","isLinked":false},"pp_display_conditions":[{"pp_condition_key":"authentication","pp_condition_operator":"is","pp_condition_authentication_value":"authenticated","_id":"bd6ec2a","pp_condition_user_value":"","pp_condition_role_value":"subscriber","pp_condition_page_value":"","pp_condition_post_value":"","pp_condition_static_page_value":"home","pp_condition_post_type_value":"","pp_condition_taxonomy_archive_value":"","pp_condition_term_archive_value":"","pp_condition_post_type_archive_value":"","pp_condition_date_archive_value":"","pp_condition_author_archive_value":"","pp_condition_search_results_value":"","pp_condition_date_value":"2020-07-05 to 2020-07-11","pp_condition_date_time_before_value":"2020-07-11 06:46","pp_condition_time_value":"","pp_condition_day_value":"1","pp_condition_os_value":"iphone","pp_condition_browser_value":"ie","pp_condition_search-bot_value":"all_search_bots"}]},"elements":[],"widgetType":"image"},{"id":"7b0f64ea","elType":"widget","settings":{"title":"Premium","header_size":"div","align":"center","title_color":"#FFFFFF","typography_typography":"custom","typography_font_family":"Arial","typography_font_size":{"unit":"px","size":24,"sizes":[]},"typography_font_weight":"400","_margin":{"unit":"px","top":"0","right":"0","bottom":"10","left":"0","isLinked":false},"pp_display_conditions":[{"pp_condition_key":"authentication","pp_condition_operator":"is","pp_condition_authentication_value":"authenticated","_id":"b72e168","pp_condition_user_value":"","pp_condition_role_value":"subscriber","pp_condition_page_value":"","pp_condition_post_value":"","pp_condition_static_page_value":"home","pp_condition_post_type_value":"","pp_condition_taxonomy_archive_value":"","pp_condition_term_archive_value":"","pp_condition_post_type_archive_value":"","pp_condition_date_archive_value":"","pp_condition_author_archive_value":"","pp_condition_search_results_value":"","pp_condition_date_value":"2020-07-05 to 2020-07-11","pp_condition_date_time_before_value":"2020-07-11 06:46","pp_condition_time_value":"","pp_condition_day_value":"1","pp_condition_os_value":"iphone","pp_condition_browser_value":"ie","pp_condition_search-bot_value":"all_search_bots"}]},"elements":[],"widgetType":"heading"},{"id":"275cefc0","elType":"widget","settings":{"list_items":[{"text":"10 GB Internet","icon":{"value":"fas fa-check","library":"fa-solid"},"_id":"a3b0cb1","pp_icon_type":"none","list_image":{"url":"https:\/\/demo.powerpackelements.com\/wp-content\/plugins\/elementor\/assets\/images\/placeholder.png"},"icon_text":""},{"text":"Unlimited calls on network","icon":{"value":"fas fa-check","library":"fa-solid"},"pp_icon_type":"none","list_image":{"url":"https:\/\/demo.powerpackelements.com\/wp-content\/plugins\/elementor\/assets\/images\/placeholder.png"},"icon_text":"","_id":"835761d"},{"text":"Free Roaming","icon":{"value":"fas fa-check","library":"fa-solid"},"pp_icon_type":"none","list_image":{"url":"https:\/\/demo.powerpackelements.com\/wp-content\/plugins\/elementor\/assets\/images\/placeholder.png"},"icon_text":"","_id":"9e37d0a"},{"text":"1000 SMS Per Month","icon":{"value":"fas fa-check","library":"fa-solid"},"pp_icon_type":"none","list_image":{"url":"https:\/\/demo.powerpackelements.com\/wp-content\/plugins\/elementor\/assets\/images\/placeholder.png"},"icon_text":"","_id":"1852fc0"},{"text":"1500 Minutes","icon":{"value":"fas fa-check","library":"fa-solid"},"pp_icon_type":"none","list_image":{"url":"https:\/\/demo.powerpackelements.com\/wp-content\/plugins\/elementor\/assets\/images\/placeholder.png"},"icon_text":"","_id":"c1a3d28"}],"items_spacing":{"unit":"px","size":10,"sizes":[]},"list_items_alignment":"center","text_color":"#FFFFFF","_margin":{"unit":"px","top":"0","right":"0","bottom":"25","left":"0","isLinked":false},"pp_display_conditions":[{"pp_condition_key":"authentication","pp_condition_operator":"is","pp_condition_authentication_value":"authenticated","_id":"92bc9ec","pp_condition_user_value":"","pp_condition_role_value":"subscriber","pp_condition_page_value":"","pp_condition_post_value":"","pp_condition_static_page_value":"home","pp_condition_post_type_value":"","pp_condition_taxonomy_archive_value":"","pp_condition_term_archive_value":"","pp_condition_post_type_archive_value":"","pp_condition_date_archive_value":"","pp_condition_author_archive_value":"","pp_condition_search_results_value":"","pp_condition_date_value":"2020-07-05 to 2020-07-11","pp_condition_date_time_before_value":"2020-07-11 06:46","pp_condition_time_value":"","pp_condition_day_value":"1","pp_condition_os_value":"iphone","pp_condition_browser_value":"ie","pp_condition_search-bot_value":"all_search_bots"}]},"elements":[],"widgetType":"pp-icon-list"},{"id":"76f11659","elType":"widget","settings":{"text":"Buy Now","align":"justify","typography_typography":"custom","typography_font_family":"Arial","typography_font_size":{"unit":"px","size":16,"sizes":[]},"typography_font_weight":"700","typography_text_transform":"uppercase","button_text_color":"#FFFFFF","background_color":"#EF5454","border_border":"solid","border_width":{"unit":"px","top":"1","right":"1","bottom":"1","left":"1","isLinked":true},"border_color":"#EF5454","border_radius":{"unit":"px","top":"30","right":"30","bottom":"30","left":"30","isLinked":true},"button_box_shadow_box_shadow_type":"yes","button_box_shadow_box_shadow":{"horizontal":0,"vertical":3,"blur":10,"spread":0,"color":"rgba(0, 0, 0, 0.15)"},"text_padding":{"unit":"px","top":"20","right":"20","bottom":"20","left":"20","isLinked":true},"pp_display_conditions":[{"pp_condition_key":"authentication","pp_condition_operator":"is","pp_condition_authentication_value":"authenticated","_id":"ea1ae64","pp_condition_user_value":"","pp_condition_role_value":"subscriber","pp_condition_page_value":"","pp_condition_post_value":"","pp_condition_static_page_value":"home","pp_condition_post_type_value":"","pp_condition_taxonomy_archive_value":"","pp_condition_term_archive_value":"","pp_condition_post_type_archive_value":"","pp_condition_date_archive_value":"","pp_condition_author_archive_value":"","pp_condition_search_results_value":"","pp_condition_date_value":"2020-07-05 to 2020-07-11","pp_condition_date_time_before_value":"2020-07-11 06:46","pp_condition_time_value":"","pp_condition_day_value":"1","pp_condition_os_value":"iphone","pp_condition_browser_value":"ie","pp_condition_search-bot_value":"all_search_bots"}]},"elements":[],"widgetType":"button"}],"isInner":true}],"isInner":true}],"isInner":false},{"id":"7d5ae31c","elType":"column","settings":{"_column_size":33,"_inline_size":null,"content_position":"bottom"},"elements":[{"id":"831afa6","elType":"section","settings":{"background_background":"classic","background_color":"#FFFFFF","border_radius":{"unit":"px","top":"30","right":"30","bottom":"30","left":"30","isLinked":true},"box_shadow_box_shadow_type":"yes","box_shadow_box_shadow":{"horizontal":0,"vertical":40,"blur":30,"spread":0,"color":"rgba(17, 17, 17, 0.1)"},"padding":{"unit":"px","top":"45","right":"40","bottom":"45","left":"40","isLinked":false},"pp_display_conditions":[{"pp_condition_key":"authentication","pp_condition_operator":"is","pp_condition_authentication_value":"authenticated","_id":"61024b9","pp_condition_user_value":"","pp_condition_role_value":"subscriber","pp_condition_page_value":"","pp_condition_post_value":"","pp_condition_static_page_value":"home","pp_condition_post_type_value":"","pp_condition_taxonomy_archive_value":"","pp_condition_term_archive_value":"","pp_condition_post_type_archive_value":"","pp_condition_date_archive_value":"","pp_condition_author_archive_value":"","pp_condition_search_results_value":"","pp_condition_date_value":"2020-07-05 to 2020-07-11","pp_condition_date_time_before_value":"2020-07-11 06:46","pp_condition_time_value":"","pp_condition_day_value":"1","pp_condition_os_value":"iphone","pp_condition_browser_value":"ie","pp_condition_search-bot_value":"all_search_bots"}]},"elements":[{"id":"5f63b806","elType":"column","settings":{"_column_size":100,"_inline_size":null},"elements":[{"id":"50b00b86","elType":"widget","settings":{"image":{"url":"https:\/\/demo.powerpackelements.com\/wp-content\/uploads\/2020\/07\/pricing-6-icon.png","id":1231},"_margin":{"unit":"px","top":"0","right":"0","bottom":"5","left":"0","isLinked":false},"pp_display_conditions":[{"pp_condition_key":"authentication","pp_condition_operator":"is","pp_condition_authentication_value":"authenticated","_id":"bd6ec2a","pp_condition_user_value":"","pp_condition_role_value":"subscriber","pp_condition_page_value":"","pp_condition_post_value":"","pp_condition_static_page_value":"home","pp_condition_post_type_value":"","pp_condition_taxonomy_archive_value":"","pp_condition_term_archive_value":"","pp_condition_post_type_archive_value":"","pp_condition_date_archive_value":"","pp_condition_author_archive_value":"","pp_condition_search_results_value":"","pp_condition_date_value":"2020-07-05 to 2020-07-11","pp_condition_date_time_before_value":"2020-07-11 06:46","pp_condition_time_value":"","pp_condition_day_value":"1","pp_condition_os_value":"iphone","pp_condition_browser_value":"ie","pp_condition_search-bot_value":"all_search_bots"}]},"elements":[],"widgetType":"image"},{"id":"2cc281b5","elType":"widget","settings":{"title":"Premium","header_size":"div","align":"center","title_color":"#2B3252","typography_typography":"custom","typography_font_family":"Arial","typography_font_size":{"unit":"px","size":24,"sizes":[]},"typography_font_weight":"400","_margin":{"unit":"px","top":"0","right":"0","bottom":"10","left":"0","isLinked":false},"pp_display_conditions":[{"pp_condition_key":"authentication","pp_condition_operator":"is","pp_condition_authentication_value":"authenticated","_id":"b72e168","pp_condition_user_value":"","pp_condition_role_value":"subscriber","pp_condition_page_value":"","pp_condition_post_value":"","pp_condition_static_page_value":"home","pp_condition_post_type_value":"","pp_condition_taxonomy_archive_value":"","pp_condition_term_archive_value":"","pp_condition_post_type_archive_value":"","pp_condition_date_archive_value":"","pp_condition_author_archive_value":"","pp_condition_search_results_value":"","pp_condition_date_value":"2020-07-05 to 2020-07-11","pp_condition_date_time_before_value":"2020-07-11 06:46","pp_condition_time_value":"","pp_condition_day_value":"1","pp_condition_os_value":"iphone","pp_condition_browser_value":"ie","pp_condition_search-bot_value":"all_search_bots"}]},"elements":[],"widgetType":"heading"},{"id":"4243628f","elType":"widget","settings":{"list_items":[{"text":"5 GB Internet","icon":{"value":"fas fa-check","library":"fa-solid"},"_id":"a3b0cb1","pp_icon_type":"none","list_image":{"url":"https:\/\/demo.powerpackelements.com\/wp-content\/plugins\/elementor\/assets\/images\/placeholder.png"},"icon_text":""},{"text":"Unlimited calls on network","icon":{"value":"fas fa-check","library":"fa-solid"},"pp_icon_type":"none","list_image":{"url":"https:\/\/demo.powerpackelements.com\/wp-content\/plugins\/elementor\/assets\/images\/placeholder.png"},"icon_text":"","_id":"835761d"},{"text":"500 SMS Per Month","icon":{"value":"fas fa-check","library":"fa-solid"},"pp_icon_type":"none","list_image":{"url":"https:\/\/demo.powerpackelements.com\/wp-content\/plugins\/elementor\/assets\/images\/placeholder.png"},"icon_text":"","_id":"1852fc0"},{"text":"500 Minutes","icon":{"value":"fas fa-check","library":"fa-solid"},"pp_icon_type":"none","list_image":{"url":"https:\/\/demo.powerpackelements.com\/wp-content\/plugins\/elementor\/assets\/images\/placeholder.png"},"icon_text":"","_id":"c1a3d28"}],"items_spacing":{"unit":"px","size":10,"sizes":[]},"list_items_alignment":"center","text_color":"#818493","_margin":{"unit":"px","top":"0","right":"0","bottom":"25","left":"0","isLinked":false},"pp_display_conditions":[{"pp_condition_key":"authentication","pp_condition_operator":"is","pp_condition_authentication_value":"authenticated","_id":"92bc9ec","pp_condition_user_value":"","pp_condition_role_value":"subscriber","pp_condition_page_value":"","pp_condition_post_value":"","pp_condition_static_page_value":"home","pp_condition_post_type_value":"","pp_condition_taxonomy_archive_value":"","pp_condition_term_archive_value":"","pp_condition_post_type_archive_value":"","pp_condition_date_archive_value":"","pp_condition_author_archive_value":"","pp_condition_search_results_value":"","pp_condition_date_value":"2020-07-05 to 2020-07-11","pp_condition_date_time_before_value":"2020-07-11 06:46","pp_condition_time_value":"","pp_condition_day_value":"1","pp_condition_os_value":"iphone","pp_condition_browser_value":"ie","pp_condition_search-bot_value":"all_search_bots"}]},"elements":[],"widgetType":"pp-icon-list"},{"id":"7ac31363","elType":"widget","settings":{"text":"Buy Now","align":"justify","typography_typography":"custom","typography_font_family":"Arial","typography_font_size":{"unit":"px","size":16,"sizes":[]},"typography_font_weight":"700","typography_text_transform":"uppercase","button_text_color":"#2B3252","background_color":"#FFFFFF","border_border":"solid","border_width":{"unit":"px","top":"1","right":"1","bottom":"1","left":"1","isLinked":true},"border_color":"#A1A1A1","border_radius":{"unit":"px","top":"30","right":"30","bottom":"30","left":"30","isLinked":true},"text_padding":{"unit":"px","top":"20","right":"20","bottom":"20","left":"20","isLinked":true},"pp_display_conditions":[{"pp_condition_key":"authentication","pp_condition_operator":"is","pp_condition_authentication_value":"authenticated","_id":"ea1ae64","pp_condition_user_value":"","pp_condition_role_value":"subscriber","pp_condition_page_value":"","pp_condition_post_value":"","pp_condition_static_page_value":"home","pp_condition_post_type_value":"","pp_condition_taxonomy_archive_value":"","pp_condition_term_archive_value":"","pp_condition_post_type_archive_value":"","pp_condition_date_archive_value":"","pp_condition_author_archive_value":"","pp_condition_search_results_value":"","pp_condition_date_value":"2020-07-05 to 2020-07-11","pp_condition_date_time_before_value":"2020-07-11 06:46","pp_condition_time_value":"","pp_condition_day_value":"1","pp_condition_os_value":"iphone","pp_condition_browser_value":"ie","pp_condition_search-bot_value":"all_search_bots"}]},"elements":[],"widgetType":"button"}],"isInner":true}],"isInner":true}],"isInner":false}],"isInner":false}]}