{"content":[{"id":"662eedb3","elType":"section","settings":{"height":"full","background_background":"classic","background_position":"center center","background_repeat":"no-repeat","background_size":"cover","pp_display_conditions":[{"pp_condition_key":"authentication","pp_condition_operator":"is","pp_condition_authentication_value":"authenticated","_id":"a72c73b","pp_condition_user_value":"","pp_condition_role_value":"subscriber","pp_condition_page_value":"","pp_condition_post_value":"","pp_condition_static_page_value":"home","pp_condition_post_type_value":"","pp_condition_taxonomy_archive_value":"","pp_condition_term_archive_value":"","pp_condition_post_type_archive_value":"","pp_condition_date_archive_value":"","pp_condition_author_archive_value":"","pp_condition_search_results_value":"","pp_condition_date_value":"2020-07-05 to 2020-07-11","pp_condition_date_time_before_value":"2020-07-11 17:17","pp_condition_time_value":"","pp_condition_day_value":"1","pp_condition_os_value":"iphone","pp_condition_browser_value":"ie","pp_condition_search-bot_value":"all_search_bots"}],"content_position":"middle","structure":"30","background_color":"#202020","gap":"extended"},"elements":[{"id":"64240cec","elType":"column","settings":{"_column_size":33,"_inline_size":null},"elements":[{"id":"2c9a8652","elType":"widget","settings":{"title":"Pricing Table","title_color":"#FFFFFF","typography_typography":"custom","typography_font_family":"Montserrat","typography_font_size":{"unit":"px","size":60,"sizes":[]},"typography_font_weight":"700","pp_display_conditions":[{"pp_condition_key":"authentication","pp_condition_operator":"is","pp_condition_authentication_value":"authenticated","_id":"7a4ee77","pp_condition_user_value":"","pp_condition_role_value":"subscriber","pp_condition_page_value":"","pp_condition_post_value":"","pp_condition_static_page_value":"home","pp_condition_post_type_value":"","pp_condition_taxonomy_archive_value":"","pp_condition_term_archive_value":"","pp_condition_post_type_archive_value":"","pp_condition_date_archive_value":"","pp_condition_author_archive_value":"","pp_condition_search_results_value":"","pp_condition_date_value":"2020-07-05 to 2020-07-11","pp_condition_date_time_before_value":"2020-07-11 17:17","pp_condition_time_value":"","pp_condition_day_value":"1","pp_condition_os_value":"iphone","pp_condition_browser_value":"ie","pp_condition_search-bot_value":"all_search_bots"}],"typography_line_height":{"unit":"em","size":1.2,"sizes":[]}},"elements":[],"widgetType":"heading"}],"isInner":false},{"id":"1e31eaa4","elType":"column","settings":{"_column_size":33,"_inline_size":null},"elements":[{"id":"775222c2","elType":"widget","settings":{"icon_type":"image","icon_image":{"url":"https:\/\/demo.powerpackelements.com\/wp-content\/uploads\/2020\/07\/pricing-8-2.png","id":1462},"table_title":"","table_subtitle":"","table_price":"59","table_original_price":"69","table_duration":"\/month","table_features":[{"feature_text":"03 Users","select_feature_icon":{"value":"","library":""},"_id":"453e947","exclude":"","feature_icon_color":"","feature_text_color":"","feature_bg_color":""},{"feature_text":"01 Package","select_feature_icon":{"value":"","library":""},"exclude":"","feature_icon_color":"","feature_text_color":"","feature_bg_color":"","_id":"388dc54"},{"feature_text":"Email Support","select_feature_icon":{"value":"","library":""},"exclude":"","feature_icon_color":"","feature_text_color":"","feature_bg_color":"","_id":"7563098"},{"feature_text":"Telephone Support","select_feature_icon":{"value":"","library":""},"exclude":"","feature_icon_color":"","feature_text_color":"#737373","feature_bg_color":"","_id":"8eb5278"},{"feature_text":"Unlimited Storage","select_feature_icon":{"value":"","library":""},"exclude":"","feature_icon_color":"","feature_text_color":"#737373","feature_bg_color":"","_id":"3ca3a98"}],"ribbon_title":"New","table_button_text":"Get Now","table_additional_info":"","table_align":"center","table_title_bg_color":"rgba(2, 1, 1, 0)","table_title_padding":{"unit":"px","top":"0","right":"0","bottom":"0","left":"0","isLinked":true},"table_pricing_typography_typography":"custom","table_pricing_typography_font_family":"Montserrat","table_pricing_typography_font_size":{"unit":"px","size":40,"sizes":[]},"table_pricing_typography_font_weight":"500","table_price_color_normal":"#FFFFFF","table_price_bg_color_normal":"","currency_size":{"unit":"px","size":100,"sizes":[]},"currency_vertical_position":"middle","table_features_text_color":"#FFFFFF","table_features_padding":{"unit":"px","top":"0","right":"0","bottom":"00","left":"0","isLinked":false},"table_features_margin":{"unit":"px","size":40,"sizes":[]},"table_features_typography_typography":"custom","table_features_typography_font_family":"Montserrat","table_features_typography_font_size":{"unit":"px","size":16,"sizes":[]},"table_features_typography_font_weight":"500","button_bg_color_normal":"#363636","button_text_color_normal":"#FFFFFF","button_border_normal_border":"solid","button_border_normal_width":{"unit":"px","top":"2","right":"2","bottom":"2","left":"2","isLinked":true},"button_typography_typography":"custom","button_typography_font_family":"Montserrat","button_typography_font_size":{"unit":"px","size":18,"sizes":[]},"button_typography_text_transform":"uppercase","table_button_padding":{"unit":"px","top":"16","right":"42","bottom":"16","left":"42","isLinked":false},"table_button_padding_tablet":{"unit":"px","top":"16","right":"22","bottom":"16","left":"22","isLinked":false},"button_border_radius":{"unit":"px","top":"30","right":"30","bottom":"30","left":"30","isLinked":true},"_padding":{"unit":"px","top":"30","right":"30","bottom":"30","left":"30","isLinked":true},"_background_background":"classic","_background_color":"#363636","_box_shadow_box_shadow_type":"yes","_box_shadow_box_shadow":{"horizontal":0,"vertical":0,"blur":30,"spread":0,"color":"rgba(0, 0, 0, 0.08)"},"pp_display_conditions":[{"pp_condition_key":"authentication","pp_condition_operator":"is","pp_condition_authentication_value":"authenticated","_id":"6ac38a5","pp_condition_user_value":"","pp_condition_role_value":"subscriber","pp_condition_page_value":"","pp_condition_post_value":"","pp_condition_static_page_value":"home","pp_condition_post_type_value":"","pp_condition_taxonomy_archive_value":"","pp_condition_term_archive_value":"","pp_condition_post_type_archive_value":"","pp_condition_date_archive_value":"","pp_condition_author_archive_value":"","pp_condition_search_results_value":"","pp_condition_date_value":"2020-07-05 to 2020-07-11","pp_condition_date_time_before_value":"2020-07-11 17:17","pp_condition_time_value":"","pp_condition_day_value":"1","pp_condition_os_value":"iphone","pp_condition_browser_value":"ie","pp_condition_search-bot_value":"all_search_bots"}],"duration_typography_typography":"custom","duration_typography_font_family":"Montserrat","duration_typography_font_weight":"300"},"elements":[],"widgetType":"pp-pricing-table"}],"isInner":false},{"id":"70a64b35","elType":"column","settings":{"_column_size":33,"_inline_size":null},"elements":[{"id":"724711bd","elType":"widget","settings":{"icon_type":"image","icon_image":{"url":"https:\/\/demo.powerpackelements.com\/wp-content\/uploads\/2020\/07\/pricing-8-2.png","id":1462},"table_title":"","table_subtitle":"","table_price":"99","table_original_price":"69","table_duration":"\/month","table_features":[{"feature_text":"10 Users","select_feature_icon":{"value":"","library":""},"_id":"453e947","exclude":"","feature_icon_color":"","feature_text_color":"","feature_bg_color":""},{"feature_text":"10 Package","select_feature_icon":{"value":"","library":""},"exclude":"","feature_icon_color":"","feature_text_color":"","feature_bg_color":"","_id":"388dc54"},{"feature_text":"Email Support","select_feature_icon":{"value":"","library":""},"exclude":"","feature_icon_color":"","feature_text_color":"","feature_bg_color":"","_id":"7563098"},{"feature_text":"Telephone Support","select_feature_icon":{"value":"","library":""},"exclude":"","feature_icon_color":"","feature_text_color":"","feature_bg_color":"","_id":"8eb5278"},{"feature_text":"Unlimited Storage","select_feature_icon":{"value":"","library":""},"exclude":"","feature_icon_color":"","feature_text_color":"","feature_bg_color":"","_id":"3ca3a98"}],"ribbon_title":"New","table_button_text":"Get Now","table_additional_info":"","table_align":"center","table_title_bg_color":"rgba(2, 1, 1, 0)","table_title_padding":{"unit":"px","top":"0","right":"0","bottom":"0","left":"0","isLinked":true},"table_pricing_typography_typography":"custom","table_pricing_typography_font_family":"Montserrat","table_pricing_typography_font_size":{"unit":"px","size":40,"sizes":[]},"table_pricing_typography_font_weight":"500","table_price_color_normal":"#FFFFFF","table_price_bg_color_normal":"","currency_size":{"unit":"px","size":100,"sizes":[]},"currency_vertical_position":"middle","table_features_text_color":"#FFFFFF","table_features_padding":{"unit":"px","top":"0","right":"0","bottom":"00","left":"0","isLinked":false},"table_features_margin":{"unit":"px","size":40,"sizes":[]},"table_features_typography_typography":"custom","table_features_typography_font_family":"Montserrat","table_features_typography_font_size":{"unit":"px","size":16,"sizes":[]},"table_features_typography_font_weight":"500","button_bg_color_normal":"#FFFFFF","button_text_color_normal":"#E15151","button_border_normal_border":"solid","button_border_normal_width":{"unit":"px","top":"2","right":"2","bottom":"2","left":"2","isLinked":true},"button_typography_typography":"custom","button_typography_font_family":"Montserrat","button_typography_font_size":{"unit":"px","size":18,"sizes":[]},"button_typography_text_transform":"uppercase","table_button_padding":{"unit":"px","top":"16","right":"42","bottom":"16","left":"42","isLinked":false},"table_button_padding_tablet":{"unit":"px","top":"16","right":"22","bottom":"16","left":"22","isLinked":false},"button_border_radius":{"unit":"px","top":"30","right":"30","bottom":"30","left":"30","isLinked":true},"_padding":{"unit":"px","top":"30","right":"30","bottom":"30","left":"30","isLinked":true},"_background_background":"classic","_background_color":"#F05D5D","_box_shadow_box_shadow_type":"yes","_box_shadow_box_shadow":{"horizontal":0,"vertical":0,"blur":30,"spread":0,"color":"rgba(0, 0, 0, 0.08)"},"pp_display_conditions":[{"pp_condition_key":"authentication","pp_condition_operator":"is","pp_condition_authentication_value":"authenticated","_id":"6ac38a5","pp_condition_user_value":"","pp_condition_role_value":"subscriber","pp_condition_page_value":"","pp_condition_post_value":"","pp_condition_static_page_value":"home","pp_condition_post_type_value":"","pp_condition_taxonomy_archive_value":"","pp_condition_term_archive_value":"","pp_condition_post_type_archive_value":"","pp_condition_date_archive_value":"","pp_condition_author_archive_value":"","pp_condition_search_results_value":"","pp_condition_date_value":"2020-07-05 to 2020-07-11","pp_condition_date_time_before_value":"2020-07-11 17:17","pp_condition_time_value":"","pp_condition_day_value":"1","pp_condition_os_value":"iphone","pp_condition_browser_value":"ie","pp_condition_search-bot_value":"all_search_bots"}],"duration_typography_typography":"custom","duration_typography_font_family":"Montserrat","duration_typography_font_weight":"300"},"elements":[],"widgetType":"pp-pricing-table"}],"isInner":false}],"isInner":false}]}