{"content":[{"id":"3f7eb607","elType":"section","settings":{"height":"full","background_background":"classic","background_image":{"url":"https:\/\/demo.powerpackelements.com\/wp-content\/uploads\/2020\/07\/pricing-8-bg.jpg","id":1467},"background_position":"center center","background_repeat":"no-repeat","background_size":"cover","pp_display_conditions":[{"pp_condition_key":"authentication","pp_condition_operator":"is","pp_condition_authentication_value":"authenticated","_id":"a72c73b","pp_condition_user_value":"","pp_condition_role_value":"subscriber","pp_condition_page_value":"","pp_condition_post_value":"","pp_condition_static_page_value":"home","pp_condition_post_type_value":"","pp_condition_taxonomy_archive_value":"","pp_condition_term_archive_value":"","pp_condition_post_type_archive_value":"","pp_condition_date_archive_value":"","pp_condition_author_archive_value":"","pp_condition_search_results_value":"","pp_condition_date_value":"2020-07-05 to 2020-07-11","pp_condition_date_time_before_value":"2020-07-11 17:17","pp_condition_time_value":"","pp_condition_day_value":"1","pp_condition_os_value":"iphone","pp_condition_browser_value":"ie","pp_condition_search-bot_value":"all_search_bots"}]},"elements":[{"id":"161806a9","elType":"column","settings":{"_column_size":100,"_inline_size":null},"elements":[{"id":"4bf7c3ce","elType":"section","settings":{"gap":"extended","margin":{"unit":"px","top":"0","right":0,"bottom":"25","left":0,"isLinked":false},"pp_display_conditions":[{"pp_condition_key":"authentication","pp_condition_operator":"is","pp_condition_authentication_value":"authenticated","_id":"2b49b84","pp_condition_user_value":"","pp_condition_role_value":"subscriber","pp_condition_page_value":"","pp_condition_post_value":"","pp_condition_static_page_value":"home","pp_condition_post_type_value":"","pp_condition_taxonomy_archive_value":"","pp_condition_term_archive_value":"","pp_condition_post_type_archive_value":"","pp_condition_date_archive_value":"","pp_condition_author_archive_value":"","pp_condition_search_results_value":"","pp_condition_date_value":"2020-07-05 to 2020-07-11","pp_condition_date_time_before_value":"2020-07-11 17:17","pp_condition_time_value":"","pp_condition_day_value":"1","pp_condition_os_value":"iphone","pp_condition_browser_value":"ie","pp_condition_search-bot_value":"all_search_bots"}]},"elements":[{"id":"63c7a4e7","elType":"column","settings":{"_column_size":100,"_inline_size":null},"elements":[{"id":"6caeec2b","elType":"widget","settings":{"title":"Pricing","title_color":"#000000","typography_typography":"custom","typography_font_family":"Oswald","typography_font_size":{"unit":"px","size":60,"sizes":[]},"typography_font_weight":"700","pp_display_conditions":[{"pp_condition_key":"authentication","pp_condition_operator":"is","pp_condition_authentication_value":"authenticated","_id":"7a4ee77","pp_condition_user_value":"","pp_condition_role_value":"subscriber","pp_condition_page_value":"","pp_condition_post_value":"","pp_condition_static_page_value":"home","pp_condition_post_type_value":"","pp_condition_taxonomy_archive_value":"","pp_condition_term_archive_value":"","pp_condition_post_type_archive_value":"","pp_condition_date_archive_value":"","pp_condition_author_archive_value":"","pp_condition_search_results_value":"","pp_condition_date_value":"2020-07-05 to 2020-07-11","pp_condition_date_time_before_value":"2020-07-11 17:17","pp_condition_time_value":"","pp_condition_day_value":"1","pp_condition_os_value":"iphone","pp_condition_browser_value":"ie","pp_condition_search-bot_value":"all_search_bots"}]},"elements":[],"widgetType":"heading"}],"isInner":true}],"isInner":true},{"id":"500d23e3","elType":"section","settings":{"gap":"extended","structure":"30","pp_display_conditions":[{"pp_condition_key":"authentication","pp_condition_operator":"is","pp_condition_authentication_value":"authenticated","_id":"2b49b84","pp_condition_user_value":"","pp_condition_role_value":"subscriber","pp_condition_page_value":"","pp_condition_post_value":"","pp_condition_static_page_value":"home","pp_condition_post_type_value":"","pp_condition_taxonomy_archive_value":"","pp_condition_term_archive_value":"","pp_condition_post_type_archive_value":"","pp_condition_date_archive_value":"","pp_condition_author_archive_value":"","pp_condition_search_results_value":"","pp_condition_date_value":"2020-07-05 to 2020-07-11","pp_condition_date_time_before_value":"2020-07-11 17:17","pp_condition_time_value":"","pp_condition_day_value":"1","pp_condition_os_value":"iphone","pp_condition_browser_value":"ie","pp_condition_search-bot_value":"all_search_bots"}]},"elements":[{"id":"17aacbd6","elType":"column","settings":{"_column_size":33,"_inline_size":null,"_inline_size_tablet":50},"elements":[{"id":"646837ea","elType":"widget","settings":{"icon_type":"image","icon_image":{"url":"https:\/\/demo.powerpackelements.com\/wp-content\/uploads\/2020\/07\/pricing-8-1.png","id":1461},"table_title":"","table_subtitle":"","table_price":"29","table_original_price":"69","table_duration":"\/month","table_features":[{"feature_text":"Single trainer","select_feature_icon":{"value":"","library":""},"_id":"453e947","exclude":"","feature_icon_color":"","feature_text_color":"","feature_bg_color":""},{"feature_text":"Acess to 2 Classes","select_feature_icon":{"value":"","library":""},"exclude":"","feature_icon_color":"","feature_text_color":"","feature_bg_color":"","_id":"388dc54"},{"feature_text":"Diet Chart","select_feature_icon":{"value":"","library":""},"exclude":"","feature_icon_color":"","feature_text_color":"","feature_bg_color":"","_id":"7563098"},{"feature_text":"Cardio","select_feature_icon":{"value":"","library":""},"exclude":"","feature_icon_color":"","feature_text_color":"#62A2B2","feature_bg_color":"","_id":"8eb5278"},{"feature_text":"2 Workouts Per Week","select_feature_icon":{"value":"","library":""},"exclude":"","feature_icon_color":"","feature_text_color":"#62A2B2","feature_bg_color":"","_id":"3ca3a98"}],"ribbon_title":"New","table_button_text":"Get Now","table_additional_info":"","table_align":"center","table_title_bg_color":"rgba(2, 1, 1, 0)","table_title_padding":{"unit":"px","top":"0","right":"0","bottom":"0","left":"0","isLinked":true},"table_pricing_typography_typography":"custom","table_pricing_typography_font_family":"Montserrat","table_pricing_typography_font_size":{"unit":"px","size":40,"sizes":[]},"table_pricing_typography_font_weight":"500","table_price_color_normal":"#000000","table_price_bg_color_normal":"","currency_size":{"unit":"px","size":100,"sizes":[]},"currency_vertical_position":"middle","table_features_text_color":"#000000","table_features_padding":{"unit":"px","top":"0","right":"0","bottom":"00","left":"0","isLinked":false},"table_features_margin":{"unit":"px","size":40,"sizes":[]},"table_features_typography_typography":"custom","table_features_typography_font_family":"Montserrat","table_features_typography_font_size":{"unit":"px","size":16,"sizes":[]},"table_features_typography_font_weight":"500","button_bg_color_normal":"rgba(2, 1, 1, 0)","button_text_color_normal":"#000000","button_border_normal_border":"solid","button_border_normal_width":{"unit":"px","top":"2","right":"2","bottom":"2","left":"2","isLinked":true},"button_typography_typography":"custom","button_typography_font_family":"Montserrat","button_typography_font_size":{"unit":"px","size":18,"sizes":[]},"button_typography_text_transform":"uppercase","table_button_padding":{"unit":"px","top":"16","right":"42","bottom":"16","left":"42","isLinked":false},"table_button_padding_tablet":{"unit":"px","top":"16","right":"22","bottom":"16","left":"22","isLinked":false},"button_border_radius":{"unit":"px","top":"30","right":"30","bottom":"30","left":"30","isLinked":true},"_padding":{"unit":"px","top":"30","right":"30","bottom":"30","left":"30","isLinked":true},"_background_background":"classic","_background_color":"#8DE8FF","_box_shadow_box_shadow_type":"yes","_box_shadow_box_shadow":{"horizontal":0,"vertical":0,"blur":30,"spread":0,"color":"rgba(0, 0, 0, 0.08)"},"pp_display_conditions":[{"pp_condition_key":"authentication","pp_condition_operator":"is","pp_condition_authentication_value":"authenticated","_id":"6ac38a5","pp_condition_user_value":"","pp_condition_role_value":"subscriber","pp_condition_page_value":"","pp_condition_post_value":"","pp_condition_static_page_value":"home","pp_condition_post_type_value":"","pp_condition_taxonomy_archive_value":"","pp_condition_term_archive_value":"","pp_condition_post_type_archive_value":"","pp_condition_date_archive_value":"","pp_condition_author_archive_value":"","pp_condition_search_results_value":"","pp_condition_date_value":"2020-07-05 to 2020-07-11","pp_condition_date_time_before_value":"2020-07-11 17:17","pp_condition_time_value":"","pp_condition_day_value":"1","pp_condition_os_value":"iphone","pp_condition_browser_value":"ie","pp_condition_search-bot_value":"all_search_bots"}]},"elements":[],"widgetType":"pp-pricing-table"}],"isInner":true},{"id":"70824bc6","elType":"column","settings":{"_column_size":33,"_inline_size":null,"_inline_size_tablet":50},"elements":[{"id":"4a08a4ae","elType":"widget","settings":{"icon_type":"image","icon_image":{"url":"https:\/\/demo.powerpackelements.com\/wp-content\/uploads\/2020\/07\/pricing-8-2.png","id":1462},"table_title":"","table_subtitle":"","table_price":"69","table_original_price":"69","table_duration":"\/month","table_features":[{"feature_text":"Single trainer","select_feature_icon":{"value":"","library":""},"_id":"453e947","exclude":"","feature_icon_color":"","feature_text_color":"","feature_bg_color":""},{"feature_text":"Acess to 2 Classes","select_feature_icon":{"value":"","library":""},"exclude":"","feature_icon_color":"","feature_text_color":"","feature_bg_color":"","_id":"388dc54"},{"feature_text":"Diet Chart","select_feature_icon":{"value":"","library":""},"exclude":"","feature_icon_color":"","feature_text_color":"","feature_bg_color":"","_id":"7563098"},{"feature_text":"Cardio","select_feature_icon":{"value":"","library":""},"exclude":"","feature_icon_color":"","feature_text_color":"","feature_bg_color":"","_id":"8eb5278"},{"feature_text":"2 Workouts Per Week","select_feature_icon":{"value":"","library":""},"exclude":"","feature_icon_color":"","feature_text_color":"","feature_bg_color":"","_id":"3ca3a98"}],"ribbon_title":"New","table_button_text":"Get Now","table_additional_info":"","table_align":"center","table_title_bg_color":"rgba(2, 1, 1, 0)","table_title_padding":{"unit":"px","top":"0","right":"0","bottom":"0","left":"0","isLinked":true},"table_pricing_typography_typography":"custom","table_pricing_typography_font_family":"Montserrat","table_pricing_typography_font_size":{"unit":"px","size":40,"sizes":[]},"table_pricing_typography_font_weight":"500","table_price_color_normal":"#FFFFFF","table_price_bg_color_normal":"","currency_size":{"unit":"px","size":100,"sizes":[]},"currency_vertical_position":"middle","table_features_text_color":"#FFFFFF","table_features_padding":{"unit":"px","top":"0","right":"0","bottom":"00","left":"0","isLinked":false},"table_features_margin":{"unit":"px","size":40,"sizes":[]},"table_features_typography_typography":"custom","table_features_typography_font_family":"Montserrat","table_features_typography_font_size":{"unit":"px","size":16,"sizes":[]},"table_features_typography_font_weight":"500","button_bg_color_normal":"#FFFFFF","button_text_color_normal":"#E15151","button_border_normal_border":"solid","button_border_normal_width":{"unit":"px","top":"2","right":"2","bottom":"2","left":"2","isLinked":true},"button_typography_typography":"custom","button_typography_font_family":"Montserrat","button_typography_font_size":{"unit":"px","size":18,"sizes":[]},"button_typography_text_transform":"uppercase","table_button_padding":{"unit":"px","top":"16","right":"42","bottom":"16","left":"42","isLinked":false},"table_button_padding_tablet":{"unit":"px","top":"16","right":"22","bottom":"16","left":"22","isLinked":false},"button_border_radius":{"unit":"px","top":"30","right":"30","bottom":"30","left":"30","isLinked":true},"_padding":{"unit":"px","top":"30","right":"30","bottom":"30","left":"30","isLinked":true},"_background_background":"classic","_background_color":"#FF0000","_box_shadow_box_shadow_type":"yes","_box_shadow_box_shadow":{"horizontal":0,"vertical":0,"blur":30,"spread":0,"color":"rgba(0, 0, 0, 0.08)"},"pp_display_conditions":[{"pp_condition_key":"authentication","pp_condition_operator":"is","pp_condition_authentication_value":"authenticated","_id":"6ac38a5","pp_condition_user_value":"","pp_condition_role_value":"subscriber","pp_condition_page_value":"","pp_condition_post_value":"","pp_condition_static_page_value":"home","pp_condition_post_type_value":"","pp_condition_taxonomy_archive_value":"","pp_condition_term_archive_value":"","pp_condition_post_type_archive_value":"","pp_condition_date_archive_value":"","pp_condition_author_archive_value":"","pp_condition_search_results_value":"","pp_condition_date_value":"2020-07-05 to 2020-07-11","pp_condition_date_time_before_value":"2020-07-11 17:17","pp_condition_time_value":"","pp_condition_day_value":"1","pp_condition_os_value":"iphone","pp_condition_browser_value":"ie","pp_condition_search-bot_value":"all_search_bots"}]},"elements":[],"widgetType":"pp-pricing-table"}],"isInner":true},{"id":"4f7fea1d","elType":"column","settings":{"_column_size":33,"_inline_size":null,"_inline_size_tablet":100},"elements":[],"isInner":true}],"isInner":true}],"isInner":false}],"isInner":false}]}