{"content":[{"id":"586cb7c9","elType":"section","settings":{"gap":"extended","height":"full","structure":"33","pp_display_conditions":[{"pp_condition_key":"authentication","pp_condition_operator":"is","pp_condition_authentication_value":"authenticated","_id":"9541f6b","pp_condition_user_value":"","pp_condition_role_value":"subscriber","pp_condition_page_value":"","pp_condition_post_value":"","pp_condition_static_page_value":"home","pp_condition_post_type_value":"","pp_condition_taxonomy_archive_value":"","pp_condition_term_archive_value":"","pp_condition_post_type_archive_value":"","pp_condition_date_archive_value":"","pp_condition_author_archive_value":"","pp_condition_search_results_value":"","pp_condition_date_value":"2020-07-05 to 2020-07-11","pp_condition_date_time_before_value":"2020-07-11 07:12","pp_condition_time_value":"","pp_condition_day_value":"1","pp_condition_os_value":"iphone","pp_condition_browser_value":"ie","pp_condition_search-bot_value":"all_search_bots"}],"content_position":"middle","background_background":"classic","background_image":{"url":"https:\/\/demo.powerpackelements.com\/wp-content\/uploads\/2020\/07\/pricing-9-bg.png","id":1267},"background_position":"center center","background_repeat":"no-repeat","background_size":"cover"},"elements":[{"id":"98f15c5","elType":"column","settings":{"_column_size":25,"_inline_size":32},"elements":[{"id":"915d055","elType":"section","settings":{"border_radius":{"unit":"px","top":"10","right":"10","bottom":"10","left":"10","isLinked":true},"box_shadow_box_shadow_type":"yes","box_shadow_box_shadow":{"horizontal":0,"vertical":8,"blur":27,"spread":0,"color":"rgba(0, 0, 0, 0.08)"},"padding":{"unit":"px","top":"45","right":"35","bottom":"45","left":"35","isLinked":false},"padding_tablet":{"unit":"px","top":"58","right":"10","bottom":"58","left":"10","isLinked":false},"pp_display_conditions":[{"pp_condition_key":"authentication","pp_condition_operator":"is","pp_condition_authentication_value":"authenticated","_id":"fb17993","pp_condition_user_value":"","pp_condition_role_value":"subscriber","pp_condition_page_value":"","pp_condition_post_value":"","pp_condition_static_page_value":"home","pp_condition_post_type_value":"","pp_condition_taxonomy_archive_value":"","pp_condition_term_archive_value":"","pp_condition_post_type_archive_value":"","pp_condition_date_archive_value":"","pp_condition_author_archive_value":"","pp_condition_search_results_value":"","pp_condition_date_value":"2020-07-05 to 2020-07-11","pp_condition_date_time_before_value":"2020-07-11 07:12","pp_condition_time_value":"","pp_condition_day_value":"1","pp_condition_os_value":"iphone","pp_condition_browser_value":"ie","pp_condition_search-bot_value":"all_search_bots"}],"background_background":"classic","background_color":"#FFFFFF"},"elements":[{"id":"72769f9a","elType":"column","settings":{"_column_size":100,"_inline_size":null},"elements":[{"id":"31e57cb8","elType":"widget","settings":{"image":{"url":"https:\/\/demo.powerpackelements.com\/wp-content\/uploads\/2020\/07\/pricing-9-1-icon.png","id":1272},"_margin":{"unit":"px","top":"0","right":"0","bottom":"5","left":"0","isLinked":false},"pp_display_conditions":[{"pp_condition_key":"authentication","pp_condition_operator":"is","pp_condition_authentication_value":"authenticated","_id":"7686ed3","pp_condition_user_value":"","pp_condition_role_value":"subscriber","pp_condition_page_value":"","pp_condition_post_value":"","pp_condition_static_page_value":"home","pp_condition_post_type_value":"","pp_condition_taxonomy_archive_value":"","pp_condition_term_archive_value":"","pp_condition_post_type_archive_value":"","pp_condition_date_archive_value":"","pp_condition_author_archive_value":"","pp_condition_search_results_value":"","pp_condition_date_value":"2020-07-05 to 2020-07-11","pp_condition_date_time_before_value":"2020-07-11 07:12","pp_condition_time_value":"","pp_condition_day_value":"1","pp_condition_os_value":"iphone","pp_condition_browser_value":"ie","pp_condition_search-bot_value":"all_search_bots"}]},"elements":[],"widgetType":"image"},{"id":"7963dc75","elType":"widget","settings":{"list_items":[{"text":"One Room","icon":{"value":"fas fa-check","library":"fa-solid"},"_id":"3275e9e","pp_icon_type":"none","list_image":{"url":"https:\/\/demo.powerpackelements.com\/wp-content\/plugins\/elementor\/assets\/images\/placeholder.png"},"icon_text":""},{"text":"One Kitchen","icon":{"value":"fas fa-check","library":"fa-solid"},"pp_icon_type":"none","list_image":{"url":"https:\/\/demo.powerpackelements.com\/wp-content\/plugins\/elementor\/assets\/images\/placeholder.png"},"icon_text":"","_id":"14a0615"},{"text":"One Bathroom","icon":{"value":"fas fa-check","library":"fa-solid"},"pp_icon_type":"none","list_image":{"url":"https:\/\/demo.powerpackelements.com\/wp-content\/plugins\/elementor\/assets\/images\/placeholder.png"},"icon_text":"","_id":"bd706f8"}],"items_spacing":{"unit":"px","size":5,"sizes":[]},"list_items_alignment":"center","text_color":"#0B8DD9","text_typography_typography":"custom","text_typography_font_family":"Montserrat","text_typography_font_size":{"unit":"px","size":16,"sizes":[]},"text_typography_font_weight":"500","_margin":{"unit":"px","top":"0","right":"0","bottom":"10","left":"0","isLinked":false},"pp_display_conditions":[{"pp_condition_key":"authentication","pp_condition_operator":"is","pp_condition_authentication_value":"authenticated","_id":"98c622e","pp_condition_user_value":"","pp_condition_role_value":"subscriber","pp_condition_page_value":"","pp_condition_post_value":"","pp_condition_static_page_value":"home","pp_condition_post_type_value":"","pp_condition_taxonomy_archive_value":"","pp_condition_term_archive_value":"","pp_condition_post_type_archive_value":"","pp_condition_date_archive_value":"","pp_condition_author_archive_value":"","pp_condition_search_results_value":"","pp_condition_date_value":"2020-07-05 to 2020-07-11","pp_condition_date_time_before_value":"2020-07-11 07:12","pp_condition_time_value":"","pp_condition_day_value":"1","pp_condition_os_value":"iphone","pp_condition_browser_value":"ie","pp_condition_search-bot_value":"all_search_bots"}]},"elements":[],"widgetType":"pp-icon-list"},{"id":"3c434461","elType":"widget","settings":{"text":"Buy Now","align":"center","typography_typography":"custom","typography_font_family":"Montserrat","typography_font_size":{"unit":"px","size":16,"sizes":[]},"typography_font_weight":"500","button_text_color":"#0B8DD9","background_color":"#FFFFFF","border_border":"solid","border_width":{"unit":"px","top":"2","right":"2","bottom":"2","left":"2","isLinked":true},"border_color":"#0B8DD9","border_radius":{"unit":"px","top":"4","right":"4","bottom":"4","left":"4","isLinked":true},"pp_display_conditions":[{"pp_condition_key":"authentication","pp_condition_operator":"is","pp_condition_authentication_value":"authenticated","_id":"f357b81","pp_condition_user_value":"","pp_condition_role_value":"subscriber","pp_condition_page_value":"","pp_condition_post_value":"","pp_condition_static_page_value":"home","pp_condition_post_type_value":"","pp_condition_taxonomy_archive_value":"","pp_condition_term_archive_value":"","pp_condition_post_type_archive_value":"","pp_condition_date_archive_value":"","pp_condition_author_archive_value":"","pp_condition_search_results_value":"","pp_condition_date_value":"2020-07-05 to 2020-07-11","pp_condition_date_time_before_value":"2020-07-11 07:12","pp_condition_time_value":"","pp_condition_day_value":"1","pp_condition_os_value":"iphone","pp_condition_browser_value":"ie","pp_condition_search-bot_value":"all_search_bots"}],"hover_color":"#FFFFFF","button_background_hover_color":"#0B8DD9"},"elements":[],"widgetType":"button"}],"isInner":true}],"isInner":true}],"isInner":false},{"id":"4c6349c3","elType":"column","settings":{"_column_size":50,"_inline_size":36},"elements":[{"id":"90681ba","elType":"section","settings":{"height_inner":"min-height","custom_height_inner":{"unit":"px","size":300,"sizes":[]},"content_position":"bottom","border_radius":{"unit":"px","top":"10","right":"10","bottom":"10","left":"10","isLinked":true},"box_shadow_box_shadow_type":"yes","box_shadow_box_shadow":{"horizontal":0,"vertical":8,"blur":27,"spread":0,"color":"rgba(0, 0, 0, 0.08)"},"padding":{"unit":"px","top":"58","right":"35","bottom":"58","left":"35","isLinked":false},"padding_tablet":{"unit":"px","top":"58","right":"10","bottom":"58","left":"10","isLinked":false},"pp_display_conditions":[{"pp_condition_key":"authentication","pp_condition_operator":"is","pp_condition_authentication_value":"authenticated","_id":"fb17993","pp_condition_user_value":"","pp_condition_role_value":"subscriber","pp_condition_page_value":"","pp_condition_post_value":"","pp_condition_static_page_value":"home","pp_condition_post_type_value":"","pp_condition_taxonomy_archive_value":"","pp_condition_term_archive_value":"","pp_condition_post_type_archive_value":"","pp_condition_date_archive_value":"","pp_condition_author_archive_value":"","pp_condition_search_results_value":"","pp_condition_date_value":"2020-07-05 to 2020-07-11","pp_condition_date_time_before_value":"2020-07-11 07:12","pp_condition_time_value":"","pp_condition_day_value":"1","pp_condition_os_value":"iphone","pp_condition_browser_value":"ie","pp_condition_search-bot_value":"all_search_bots"}],"background_background":"classic","background_color":"#FFFFFF"},"elements":[{"id":"6c5a9b00","elType":"column","settings":{"_column_size":100,"_inline_size":null},"elements":[{"id":"5eb2d897","elType":"widget","settings":{"image":{"url":"https:\/\/demo.powerpackelements.com\/wp-content\/uploads\/2020\/07\/pricing-10-2-icon.png","id":1254},"_margin":{"unit":"px","top":"0","right":"0","bottom":"5","left":"0","isLinked":false},"pp_display_conditions":[{"pp_condition_key":"authentication","pp_condition_operator":"is","pp_condition_authentication_value":"authenticated","_id":"7686ed3","pp_condition_user_value":"","pp_condition_role_value":"subscriber","pp_condition_page_value":"","pp_condition_post_value":"","pp_condition_static_page_value":"home","pp_condition_post_type_value":"","pp_condition_taxonomy_archive_value":"","pp_condition_term_archive_value":"","pp_condition_post_type_archive_value":"","pp_condition_date_archive_value":"","pp_condition_author_archive_value":"","pp_condition_search_results_value":"","pp_condition_date_value":"2020-07-05 to 2020-07-11","pp_condition_date_time_before_value":"2020-07-11 07:12","pp_condition_time_value":"","pp_condition_day_value":"1","pp_condition_os_value":"iphone","pp_condition_browser_value":"ie","pp_condition_search-bot_value":"all_search_bots"}]},"elements":[],"widgetType":"image"},{"id":"3f68ad9","elType":"widget","settings":{"list_items":[{"text":"Two Room","icon":{"value":"fas fa-check","library":"fa-solid"},"_id":"3275e9e","pp_icon_type":"none","list_image":{"url":"https:\/\/demo.powerpackelements.com\/wp-content\/plugins\/elementor\/assets\/images\/placeholder.png"},"icon_text":""},{"text":"One Kitchen","icon":{"value":"fas fa-check","library":"fa-solid"},"pp_icon_type":"none","list_image":{"url":"https:\/\/demo.powerpackelements.com\/wp-content\/plugins\/elementor\/assets\/images\/placeholder.png"},"icon_text":"","_id":"14a0615"},{"text":"Two Bathroom","icon":{"value":"fas fa-check","library":"fa-solid"},"pp_icon_type":"none","list_image":{"url":"https:\/\/demo.powerpackelements.com\/wp-content\/plugins\/elementor\/assets\/images\/placeholder.png"},"icon_text":"","_id":"bd706f8"}],"items_spacing":{"unit":"px","size":5,"sizes":[]},"list_items_alignment":"center","text_color":"#0B8DD9","text_typography_typography":"custom","text_typography_font_family":"Montserrat","text_typography_font_size":{"unit":"px","size":16,"sizes":[]},"text_typography_font_weight":"500","_margin":{"unit":"px","top":"0","right":"0","bottom":"10","left":"0","isLinked":false},"pp_display_conditions":[{"pp_condition_key":"authentication","pp_condition_operator":"is","pp_condition_authentication_value":"authenticated","_id":"98c622e","pp_condition_user_value":"","pp_condition_role_value":"subscriber","pp_condition_page_value":"","pp_condition_post_value":"","pp_condition_static_page_value":"home","pp_condition_post_type_value":"","pp_condition_taxonomy_archive_value":"","pp_condition_term_archive_value":"","pp_condition_post_type_archive_value":"","pp_condition_date_archive_value":"","pp_condition_author_archive_value":"","pp_condition_search_results_value":"","pp_condition_date_value":"2020-07-05 to 2020-07-11","pp_condition_date_time_before_value":"2020-07-11 07:12","pp_condition_time_value":"","pp_condition_day_value":"1","pp_condition_os_value":"iphone","pp_condition_browser_value":"ie","pp_condition_search-bot_value":"all_search_bots"}]},"elements":[],"widgetType":"pp-icon-list"},{"id":"59f5d3f5","elType":"widget","settings":{"text":"Buy Now","align":"center","typography_typography":"custom","typography_font_family":"Montserrat","typography_font_size":{"unit":"px","size":16,"sizes":[]},"typography_font_weight":"500","button_text_color":"#FFFFFF","background_color":"#0B8DD9","border_border":"solid","border_width":{"unit":"px","top":"2","right":"2","bottom":"2","left":"2","isLinked":true},"border_color":"#0B8DD9","border_radius":{"unit":"px","top":"4","right":"4","bottom":"4","left":"4","isLinked":true},"pp_display_conditions":[{"pp_condition_key":"authentication","pp_condition_operator":"is","pp_condition_authentication_value":"authenticated","_id":"f357b81","pp_condition_user_value":"","pp_condition_role_value":"subscriber","pp_condition_page_value":"","pp_condition_post_value":"","pp_condition_static_page_value":"home","pp_condition_post_type_value":"","pp_condition_taxonomy_archive_value":"","pp_condition_term_archive_value":"","pp_condition_post_type_archive_value":"","pp_condition_date_archive_value":"","pp_condition_author_archive_value":"","pp_condition_search_results_value":"","pp_condition_date_value":"2020-07-05 to 2020-07-11","pp_condition_date_time_before_value":"2020-07-11 07:12","pp_condition_time_value":"","pp_condition_day_value":"1","pp_condition_os_value":"iphone","pp_condition_browser_value":"ie","pp_condition_search-bot_value":"all_search_bots"}]},"elements":[],"widgetType":"button"}],"isInner":true}],"isInner":true}],"isInner":false},{"id":"5e57f9a1","elType":"column","settings":{"_column_size":25,"_inline_size":32},"elements":[{"id":"6e2766e1","elType":"section","settings":{"border_radius":{"unit":"px","top":"10","right":"10","bottom":"10","left":"10","isLinked":true},"box_shadow_box_shadow_type":"yes","box_shadow_box_shadow":{"horizontal":0,"vertical":8,"blur":27,"spread":0,"color":"rgba(0, 0, 0, 0.08)"},"padding":{"unit":"px","top":"45","right":"35","bottom":"45","left":"35","isLinked":false},"padding_tablet":{"unit":"px","top":"58","right":"10","bottom":"58","left":"10","isLinked":false},"pp_display_conditions":[{"pp_condition_key":"authentication","pp_condition_operator":"is","pp_condition_authentication_value":"authenticated","_id":"fb17993","pp_condition_user_value":"","pp_condition_role_value":"subscriber","pp_condition_page_value":"","pp_condition_post_value":"","pp_condition_static_page_value":"home","pp_condition_post_type_value":"","pp_condition_taxonomy_archive_value":"","pp_condition_term_archive_value":"","pp_condition_post_type_archive_value":"","pp_condition_date_archive_value":"","pp_condition_author_archive_value":"","pp_condition_search_results_value":"","pp_condition_date_value":"2020-07-05 to 2020-07-11","pp_condition_date_time_before_value":"2020-07-11 07:12","pp_condition_time_value":"","pp_condition_day_value":"1","pp_condition_os_value":"iphone","pp_condition_browser_value":"ie","pp_condition_search-bot_value":"all_search_bots"}],"background_background":"classic","background_color":"#FFFFFF"},"elements":[{"id":"958050f","elType":"column","settings":{"_column_size":100,"_inline_size":null},"elements":[{"id":"27125d1a","elType":"widget","settings":{"image":{"url":"https:\/\/demo.powerpackelements.com\/wp-content\/uploads\/2020\/07\/pricing-9-3-icon.png","id":1273},"_margin":{"unit":"px","top":"0","right":"0","bottom":"5","left":"0","isLinked":false},"pp_display_conditions":[{"pp_condition_key":"authentication","pp_condition_operator":"is","pp_condition_authentication_value":"authenticated","_id":"7686ed3","pp_condition_user_value":"","pp_condition_role_value":"subscriber","pp_condition_page_value":"","pp_condition_post_value":"","pp_condition_static_page_value":"home","pp_condition_post_type_value":"","pp_condition_taxonomy_archive_value":"","pp_condition_term_archive_value":"","pp_condition_post_type_archive_value":"","pp_condition_date_archive_value":"","pp_condition_author_archive_value":"","pp_condition_search_results_value":"","pp_condition_date_value":"2020-07-05 to 2020-07-11","pp_condition_date_time_before_value":"2020-07-11 07:12","pp_condition_time_value":"","pp_condition_day_value":"1","pp_condition_os_value":"iphone","pp_condition_browser_value":"ie","pp_condition_search-bot_value":"all_search_bots"}]},"elements":[],"widgetType":"image"},{"id":"27dc8520","elType":"widget","settings":{"list_items":[{"text":"Four Room","icon":{"value":"fas fa-check","library":"fa-solid"},"_id":"3275e9e","pp_icon_type":"none","list_image":{"url":"https:\/\/demo.powerpackelements.com\/wp-content\/plugins\/elementor\/assets\/images\/placeholder.png"},"icon_text":""},{"text":"One Kitchen Hall","icon":{"value":"fas fa-check","library":"fa-solid"},"pp_icon_type":"none","list_image":{"url":"https:\/\/demo.powerpackelements.com\/wp-content\/plugins\/elementor\/assets\/images\/placeholder.png"},"icon_text":"","_id":"14a0615"},{"text":"Four Bathroom","icon":{"value":"fas fa-check","library":"fa-solid"},"pp_icon_type":"none","list_image":{"url":"https:\/\/demo.powerpackelements.com\/wp-content\/plugins\/elementor\/assets\/images\/placeholder.png"},"icon_text":"","_id":"bd706f8"}],"items_spacing":{"unit":"px","size":5,"sizes":[]},"list_items_alignment":"center","text_color":"#0B8DD9","text_typography_typography":"custom","text_typography_font_family":"Montserrat","text_typography_font_size":{"unit":"px","size":16,"sizes":[]},"text_typography_font_weight":"500","_margin":{"unit":"px","top":"0","right":"0","bottom":"10","left":"0","isLinked":false},"pp_display_conditions":[{"pp_condition_key":"authentication","pp_condition_operator":"is","pp_condition_authentication_value":"authenticated","_id":"98c622e","pp_condition_user_value":"","pp_condition_role_value":"subscriber","pp_condition_page_value":"","pp_condition_post_value":"","pp_condition_static_page_value":"home","pp_condition_post_type_value":"","pp_condition_taxonomy_archive_value":"","pp_condition_term_archive_value":"","pp_condition_post_type_archive_value":"","pp_condition_date_archive_value":"","pp_condition_author_archive_value":"","pp_condition_search_results_value":"","pp_condition_date_value":"2020-07-05 to 2020-07-11","pp_condition_date_time_before_value":"2020-07-11 07:12","pp_condition_time_value":"","pp_condition_day_value":"1","pp_condition_os_value":"iphone","pp_condition_browser_value":"ie","pp_condition_search-bot_value":"all_search_bots"}]},"elements":[],"widgetType":"pp-icon-list"},{"id":"779cea30","elType":"widget","settings":{"text":"Buy Now","align":"center","typography_typography":"custom","typography_font_family":"Montserrat","typography_font_size":{"unit":"px","size":16,"sizes":[]},"typography_font_weight":"500","button_text_color":"#0B8DD9","background_color":"#FFFFFF","border_border":"solid","border_width":{"unit":"px","top":"2","right":"2","bottom":"2","left":"2","isLinked":true},"border_color":"#0B8DD9","border_radius":{"unit":"px","top":"4","right":"4","bottom":"4","left":"4","isLinked":true},"pp_display_conditions":[{"pp_condition_key":"authentication","pp_condition_operator":"is","pp_condition_authentication_value":"authenticated","_id":"f357b81","pp_condition_user_value":"","pp_condition_role_value":"subscriber","pp_condition_page_value":"","pp_condition_post_value":"","pp_condition_static_page_value":"home","pp_condition_post_type_value":"","pp_condition_taxonomy_archive_value":"","pp_condition_term_archive_value":"","pp_condition_post_type_archive_value":"","pp_condition_date_archive_value":"","pp_condition_author_archive_value":"","pp_condition_search_results_value":"","pp_condition_date_value":"2020-07-05 to 2020-07-11","pp_condition_date_time_before_value":"2020-07-11 07:12","pp_condition_time_value":"","pp_condition_day_value":"1","pp_condition_os_value":"iphone","pp_condition_browser_value":"ie","pp_condition_search-bot_value":"all_search_bots"}],"hover_color":"#FFFFFF","button_background_hover_color":"#0B8DD9"},"elements":[],"widgetType":"button"}],"isInner":true}],"isInner":true}],"isInner":false}],"isInner":false}]}