{"content":[{"id":"1acadf6b","elType":"section","settings":{"gap":"extended","height":"full","structure":"33","pp_display_conditions":[{"pp_condition_key":"authentication","pp_condition_operator":"is","pp_condition_authentication_value":"authenticated","_id":"9541f6b","pp_condition_user_value":"","pp_condition_role_value":"subscriber","pp_condition_page_value":"","pp_condition_post_value":"","pp_condition_static_page_value":"home","pp_condition_post_type_value":"","pp_condition_taxonomy_archive_value":"","pp_condition_term_archive_value":"","pp_condition_post_type_archive_value":"","pp_condition_date_archive_value":"","pp_condition_author_archive_value":"","pp_condition_search_results_value":"","pp_condition_date_value":"2020-07-05 to 2020-07-11","pp_condition_date_time_before_value":"2020-07-11 07:12","pp_condition_time_value":"","pp_condition_day_value":"1","pp_condition_os_value":"iphone","pp_condition_browser_value":"ie","pp_condition_search-bot_value":"all_search_bots"}]},"elements":[{"id":"118c0380","elType":"column","settings":{"_column_size":25,"_inline_size":32},"elements":[{"id":"4a9a8827","elType":"section","settings":{"height_inner":"min-height","custom_height_inner":{"unit":"px","size":300,"sizes":[]},"content_position":"bottom","border_border":"solid","border_width":{"unit":"px","top":"2","right":"2","bottom":"2","left":"2","isLinked":true},"border_color":"#E1E1E1","border_radius":{"unit":"px","top":"10","right":"10","bottom":"10","left":"10","isLinked":true},"box_shadow_box_shadow_type":"yes","box_shadow_box_shadow":{"horizontal":0,"vertical":8,"blur":27,"spread":0,"color":"rgba(0, 0, 0, 0.08)"},"padding":{"unit":"px","top":"58","right":"35","bottom":"58","left":"35","isLinked":false},"padding_tablet":{"unit":"px","top":"58","right":"10","bottom":"58","left":"10","isLinked":false},"pp_display_conditions":[{"pp_condition_key":"authentication","pp_condition_operator":"is","pp_condition_authentication_value":"authenticated","_id":"fb17993","pp_condition_user_value":"","pp_condition_role_value":"subscriber","pp_condition_page_value":"","pp_condition_post_value":"","pp_condition_static_page_value":"home","pp_condition_post_type_value":"","pp_condition_taxonomy_archive_value":"","pp_condition_term_archive_value":"","pp_condition_post_type_archive_value":"","pp_condition_date_archive_value":"","pp_condition_author_archive_value":"","pp_condition_search_results_value":"","pp_condition_date_value":"2020-07-05 to 2020-07-11","pp_condition_date_time_before_value":"2020-07-11 07:12","pp_condition_time_value":"","pp_condition_day_value":"1","pp_condition_os_value":"iphone","pp_condition_browser_value":"ie","pp_condition_search-bot_value":"all_search_bots"}]},"elements":[{"id":"78d0303a","elType":"column","settings":{"_column_size":100,"_inline_size":null},"elements":[{"id":"1ea8c381","elType":"widget","settings":{"image":{"url":"https:\/\/demo.powerpackelements.com\/wp-content\/uploads\/2020\/07\/pricing-10-1-icon.png","id":1251},"_margin":{"unit":"px","top":"0","right":"0","bottom":"5","left":"0","isLinked":false},"pp_display_conditions":[{"pp_condition_key":"authentication","pp_condition_operator":"is","pp_condition_authentication_value":"authenticated","_id":"7686ed3","pp_condition_user_value":"","pp_condition_role_value":"subscriber","pp_condition_page_value":"","pp_condition_post_value":"","pp_condition_static_page_value":"home","pp_condition_post_type_value":"","pp_condition_taxonomy_archive_value":"","pp_condition_term_archive_value":"","pp_condition_post_type_archive_value":"","pp_condition_date_archive_value":"","pp_condition_author_archive_value":"","pp_condition_search_results_value":"","pp_condition_date_value":"2020-07-05 to 2020-07-11","pp_condition_date_time_before_value":"2020-07-11 07:12","pp_condition_time_value":"","pp_condition_day_value":"1","pp_condition_os_value":"iphone","pp_condition_browser_value":"ie","pp_condition_search-bot_value":"all_search_bots"}]},"elements":[],"widgetType":"image"},{"id":"1f3ee3bf","elType":"widget","settings":{"list_items":[{"text":"One Room","icon":{"value":"fas fa-check","library":"fa-solid"},"_id":"3275e9e","pp_icon_type":"none","list_image":{"url":"https:\/\/demo.powerpackelements.com\/wp-content\/plugins\/elementor\/assets\/images\/placeholder.png"},"icon_text":""},{"text":"One Kitchen","icon":{"value":"fas fa-check","library":"fa-solid"},"pp_icon_type":"none","list_image":{"url":"https:\/\/demo.powerpackelements.com\/wp-content\/plugins\/elementor\/assets\/images\/placeholder.png"},"icon_text":"","_id":"14a0615"},{"text":"One Bathroom","icon":{"value":"fas fa-check","library":"fa-solid"},"pp_icon_type":"none","list_image":{"url":"https:\/\/demo.powerpackelements.com\/wp-content\/plugins\/elementor\/assets\/images\/placeholder.png"},"icon_text":"","_id":"bd706f8"}],"items_spacing":{"unit":"px","size":5,"sizes":[]},"list_items_alignment":"center","text_color":"#BBBBBB","text_typography_typography":"custom","text_typography_font_family":"Montserrat","text_typography_font_size":{"unit":"px","size":16,"sizes":[]},"text_typography_font_weight":"500","_margin":{"unit":"px","top":"0","right":"0","bottom":"10","left":"0","isLinked":false},"pp_display_conditions":[{"pp_condition_key":"authentication","pp_condition_operator":"is","pp_condition_authentication_value":"authenticated","_id":"98c622e","pp_condition_user_value":"","pp_condition_role_value":"subscriber","pp_condition_page_value":"","pp_condition_post_value":"","pp_condition_static_page_value":"home","pp_condition_post_type_value":"","pp_condition_taxonomy_archive_value":"","pp_condition_term_archive_value":"","pp_condition_post_type_archive_value":"","pp_condition_date_archive_value":"","pp_condition_author_archive_value":"","pp_condition_search_results_value":"","pp_condition_date_value":"2020-07-05 to 2020-07-11","pp_condition_date_time_before_value":"2020-07-11 07:12","pp_condition_time_value":"","pp_condition_day_value":"1","pp_condition_os_value":"iphone","pp_condition_browser_value":"ie","pp_condition_search-bot_value":"all_search_bots"}]},"elements":[],"widgetType":"pp-icon-list"},{"id":"6bbbb7ab","elType":"widget","settings":{"text":"$5\/month","align":"center","typography_typography":"custom","typography_font_family":"Montserrat","typography_font_size":{"unit":"px","size":16,"sizes":[]},"typography_font_weight":"500","button_text_color":"#7F7F7F","background_color":"#FFFFFF","border_border":"solid","border_width":{"unit":"px","top":"2","right":"2","bottom":"2","left":"2","isLinked":true},"border_color":"#BBBBBB","border_radius":{"unit":"px","top":"4","right":"4","bottom":"4","left":"4","isLinked":true},"pp_display_conditions":[{"pp_condition_key":"authentication","pp_condition_operator":"is","pp_condition_authentication_value":"authenticated","_id":"f357b81","pp_condition_user_value":"","pp_condition_role_value":"subscriber","pp_condition_page_value":"","pp_condition_post_value":"","pp_condition_static_page_value":"home","pp_condition_post_type_value":"","pp_condition_taxonomy_archive_value":"","pp_condition_term_archive_value":"","pp_condition_post_type_archive_value":"","pp_condition_date_archive_value":"","pp_condition_author_archive_value":"","pp_condition_search_results_value":"","pp_condition_date_value":"2020-07-05 to 2020-07-11","pp_condition_date_time_before_value":"2020-07-11 07:12","pp_condition_time_value":"","pp_condition_day_value":"1","pp_condition_os_value":"iphone","pp_condition_browser_value":"ie","pp_condition_search-bot_value":"all_search_bots"}]},"elements":[],"widgetType":"button"}],"isInner":true}],"isInner":true}],"isInner":false},{"id":"2ad7460e","elType":"column","settings":{"_column_size":50,"_inline_size":36},"elements":[{"id":"12effc0a","elType":"section","settings":{"height_inner":"min-height","custom_height_inner":{"unit":"px","size":300,"sizes":[]},"content_position":"bottom","border_border":"solid","border_width":{"unit":"px","top":"3","right":"3","bottom":"3","left":"3","isLinked":true},"border_color":"#0B8DD9","border_radius":{"unit":"px","top":"10","right":"10","bottom":"10","left":"10","isLinked":true},"box_shadow_box_shadow_type":"yes","box_shadow_box_shadow":{"horizontal":0,"vertical":8,"blur":27,"spread":0,"color":"rgba(0, 0, 0, 0.08)"},"padding":{"unit":"px","top":"57","right":"35","bottom":"57","left":"35","isLinked":false},"padding_tablet":{"unit":"px","top":"57","right":"10","bottom":"57","left":"10","isLinked":false},"pp_display_conditions":[{"pp_condition_key":"authentication","pp_condition_operator":"is","pp_condition_authentication_value":"authenticated","_id":"fb17993","pp_condition_user_value":"","pp_condition_role_value":"subscriber","pp_condition_page_value":"","pp_condition_post_value":"","pp_condition_static_page_value":"home","pp_condition_post_type_value":"","pp_condition_taxonomy_archive_value":"","pp_condition_term_archive_value":"","pp_condition_post_type_archive_value":"","pp_condition_date_archive_value":"","pp_condition_author_archive_value":"","pp_condition_search_results_value":"","pp_condition_date_value":"2020-07-05 to 2020-07-11","pp_condition_date_time_before_value":"2020-07-11 07:12","pp_condition_time_value":"","pp_condition_day_value":"1","pp_condition_os_value":"iphone","pp_condition_browser_value":"ie","pp_condition_search-bot_value":"all_search_bots"}]},"elements":[{"id":"ff95fe4","elType":"column","settings":{"_column_size":100,"_inline_size":null},"elements":[{"id":"7cdce711","elType":"widget","settings":{"image":{"url":"https:\/\/demo.powerpackelements.com\/wp-content\/uploads\/2020\/07\/pricing-10-2-icon.png","id":1254},"_margin":{"unit":"px","top":"0","right":"0","bottom":"5","left":"0","isLinked":false},"pp_display_conditions":[{"pp_condition_key":"authentication","pp_condition_operator":"is","pp_condition_authentication_value":"authenticated","_id":"7686ed3","pp_condition_user_value":"","pp_condition_role_value":"subscriber","pp_condition_page_value":"","pp_condition_post_value":"","pp_condition_static_page_value":"home","pp_condition_post_type_value":"","pp_condition_taxonomy_archive_value":"","pp_condition_term_archive_value":"","pp_condition_post_type_archive_value":"","pp_condition_date_archive_value":"","pp_condition_author_archive_value":"","pp_condition_search_results_value":"","pp_condition_date_value":"2020-07-05 to 2020-07-11","pp_condition_date_time_before_value":"2020-07-11 07:12","pp_condition_time_value":"","pp_condition_day_value":"1","pp_condition_os_value":"iphone","pp_condition_browser_value":"ie","pp_condition_search-bot_value":"all_search_bots"}]},"elements":[],"widgetType":"image"},{"id":"68adbe82","elType":"widget","settings":{"list_items":[{"text":"Two Room","icon":{"value":"fas fa-check","library":"fa-solid"},"_id":"3275e9e","pp_icon_type":"none","list_image":{"url":"https:\/\/demo.powerpackelements.com\/wp-content\/plugins\/elementor\/assets\/images\/placeholder.png"},"icon_text":""},{"text":"One Kitchen","icon":{"value":"fas fa-check","library":"fa-solid"},"pp_icon_type":"none","list_image":{"url":"https:\/\/demo.powerpackelements.com\/wp-content\/plugins\/elementor\/assets\/images\/placeholder.png"},"icon_text":"","_id":"14a0615"},{"text":"Two Bathroom","icon":{"value":"fas fa-check","library":"fa-solid"},"pp_icon_type":"none","list_image":{"url":"https:\/\/demo.powerpackelements.com\/wp-content\/plugins\/elementor\/assets\/images\/placeholder.png"},"icon_text":"","_id":"bd706f8"}],"items_spacing":{"unit":"px","size":5,"sizes":[]},"list_items_alignment":"center","text_color":"#000000","text_typography_typography":"custom","text_typography_font_family":"Montserrat","text_typography_font_size":{"unit":"px","size":16,"sizes":[]},"text_typography_font_weight":"500","_margin":{"unit":"px","top":"0","right":"0","bottom":"10","left":"0","isLinked":false},"pp_display_conditions":[{"pp_condition_key":"authentication","pp_condition_operator":"is","pp_condition_authentication_value":"authenticated","_id":"98c622e","pp_condition_user_value":"","pp_condition_role_value":"subscriber","pp_condition_page_value":"","pp_condition_post_value":"","pp_condition_static_page_value":"home","pp_condition_post_type_value":"","pp_condition_taxonomy_archive_value":"","pp_condition_term_archive_value":"","pp_condition_post_type_archive_value":"","pp_condition_date_archive_value":"","pp_condition_author_archive_value":"","pp_condition_search_results_value":"","pp_condition_date_value":"2020-07-05 to 2020-07-11","pp_condition_date_time_before_value":"2020-07-11 07:12","pp_condition_time_value":"","pp_condition_day_value":"1","pp_condition_os_value":"iphone","pp_condition_browser_value":"ie","pp_condition_search-bot_value":"all_search_bots"}]},"elements":[],"widgetType":"pp-icon-list"},{"id":"5492e0c6","elType":"widget","settings":{"text":"$9\/month","align":"center","typography_typography":"custom","typography_font_family":"Montserrat","typography_font_size":{"unit":"px","size":16,"sizes":[]},"typography_font_weight":"500","button_text_color":"#FFFFFF","background_color":"#0B8DD9","border_border":"solid","border_width":{"unit":"px","top":"2","right":"2","bottom":"2","left":"2","isLinked":true},"border_color":"#0B8DD9","border_radius":{"unit":"px","top":"4","right":"4","bottom":"4","left":"4","isLinked":true},"pp_display_conditions":[{"pp_condition_key":"authentication","pp_condition_operator":"is","pp_condition_authentication_value":"authenticated","_id":"f357b81","pp_condition_user_value":"","pp_condition_role_value":"subscriber","pp_condition_page_value":"","pp_condition_post_value":"","pp_condition_static_page_value":"home","pp_condition_post_type_value":"","pp_condition_taxonomy_archive_value":"","pp_condition_term_archive_value":"","pp_condition_post_type_archive_value":"","pp_condition_date_archive_value":"","pp_condition_author_archive_value":"","pp_condition_search_results_value":"","pp_condition_date_value":"2020-07-05 to 2020-07-11","pp_condition_date_time_before_value":"2020-07-11 07:12","pp_condition_time_value":"","pp_condition_day_value":"1","pp_condition_os_value":"iphone","pp_condition_browser_value":"ie","pp_condition_search-bot_value":"all_search_bots"}]},"elements":[],"widgetType":"button"}],"isInner":true}],"isInner":true}],"isInner":false},{"id":"610eb26f","elType":"column","settings":{"_column_size":25,"_inline_size":32},"elements":[{"id":"57c8ab3e","elType":"section","settings":{"height_inner":"min-height","custom_height_inner":{"unit":"px","size":300,"sizes":[]},"content_position":"bottom","border_border":"solid","border_width":{"unit":"px","top":"2","right":"2","bottom":"2","left":"2","isLinked":true},"border_color":"#E1E1E1","border_radius":{"unit":"px","top":"10","right":"10","bottom":"10","left":"10","isLinked":true},"box_shadow_box_shadow_type":"yes","box_shadow_box_shadow":{"horizontal":0,"vertical":8,"blur":27,"spread":0,"color":"rgba(0, 0, 0, 0.08)"},"padding":{"unit":"px","top":"58","right":"35","bottom":"58","left":"35","isLinked":false},"padding_tablet":{"unit":"px","top":"58","right":"10","bottom":"58","left":"10","isLinked":false},"pp_display_conditions":[{"pp_condition_key":"authentication","pp_condition_operator":"is","pp_condition_authentication_value":"authenticated","_id":"fb17993","pp_condition_user_value":"","pp_condition_role_value":"subscriber","pp_condition_page_value":"","pp_condition_post_value":"","pp_condition_static_page_value":"home","pp_condition_post_type_value":"","pp_condition_taxonomy_archive_value":"","pp_condition_term_archive_value":"","pp_condition_post_type_archive_value":"","pp_condition_date_archive_value":"","pp_condition_author_archive_value":"","pp_condition_search_results_value":"","pp_condition_date_value":"2020-07-05 to 2020-07-11","pp_condition_date_time_before_value":"2020-07-11 07:12","pp_condition_time_value":"","pp_condition_day_value":"1","pp_condition_os_value":"iphone","pp_condition_browser_value":"ie","pp_condition_search-bot_value":"all_search_bots"}]},"elements":[{"id":"4347d772","elType":"column","settings":{"_column_size":100,"_inline_size":null},"elements":[{"id":"1ffaf66a","elType":"widget","settings":{"image":{"url":"https:\/\/demo.powerpackelements.com\/wp-content\/uploads\/2020\/07\/pricing-10-3-icon.png","id":1255},"_margin":{"unit":"px","top":"0","right":"0","bottom":"5","left":"0","isLinked":false},"pp_display_conditions":[{"pp_condition_key":"authentication","pp_condition_operator":"is","pp_condition_authentication_value":"authenticated","_id":"7686ed3","pp_condition_user_value":"","pp_condition_role_value":"subscriber","pp_condition_page_value":"","pp_condition_post_value":"","pp_condition_static_page_value":"home","pp_condition_post_type_value":"","pp_condition_taxonomy_archive_value":"","pp_condition_term_archive_value":"","pp_condition_post_type_archive_value":"","pp_condition_date_archive_value":"","pp_condition_author_archive_value":"","pp_condition_search_results_value":"","pp_condition_date_value":"2020-07-05 to 2020-07-11","pp_condition_date_time_before_value":"2020-07-11 07:12","pp_condition_time_value":"","pp_condition_day_value":"1","pp_condition_os_value":"iphone","pp_condition_browser_value":"ie","pp_condition_search-bot_value":"all_search_bots"}]},"elements":[],"widgetType":"image"},{"id":"24eb5370","elType":"widget","settings":{"list_items":[{"text":"Four Room","icon":{"value":"fas fa-check","library":"fa-solid"},"_id":"3275e9e","pp_icon_type":"none","list_image":{"url":"https:\/\/demo.powerpackelements.com\/wp-content\/plugins\/elementor\/assets\/images\/placeholder.png"},"icon_text":""},{"text":"One Kitchen Hall","icon":{"value":"fas fa-check","library":"fa-solid"},"pp_icon_type":"none","list_image":{"url":"https:\/\/demo.powerpackelements.com\/wp-content\/plugins\/elementor\/assets\/images\/placeholder.png"},"icon_text":"","_id":"14a0615"},{"text":"Four Bathroom","icon":{"value":"fas fa-check","library":"fa-solid"},"pp_icon_type":"none","list_image":{"url":"https:\/\/demo.powerpackelements.com\/wp-content\/plugins\/elementor\/assets\/images\/placeholder.png"},"icon_text":"","_id":"bd706f8"}],"items_spacing":{"unit":"px","size":5,"sizes":[]},"list_items_alignment":"center","text_color":"#BBBBBB","text_typography_typography":"custom","text_typography_font_family":"Montserrat","text_typography_font_size":{"unit":"px","size":16,"sizes":[]},"text_typography_font_weight":"500","_margin":{"unit":"px","top":"0","right":"0","bottom":"10","left":"0","isLinked":false},"pp_display_conditions":[{"pp_condition_key":"authentication","pp_condition_operator":"is","pp_condition_authentication_value":"authenticated","_id":"98c622e","pp_condition_user_value":"","pp_condition_role_value":"subscriber","pp_condition_page_value":"","pp_condition_post_value":"","pp_condition_static_page_value":"home","pp_condition_post_type_value":"","pp_condition_taxonomy_archive_value":"","pp_condition_term_archive_value":"","pp_condition_post_type_archive_value":"","pp_condition_date_archive_value":"","pp_condition_author_archive_value":"","pp_condition_search_results_value":"","pp_condition_date_value":"2020-07-05 to 2020-07-11","pp_condition_date_time_before_value":"2020-07-11 07:12","pp_condition_time_value":"","pp_condition_day_value":"1","pp_condition_os_value":"iphone","pp_condition_browser_value":"ie","pp_condition_search-bot_value":"all_search_bots"}]},"elements":[],"widgetType":"pp-icon-list"},{"id":"1d92b97","elType":"widget","settings":{"text":"$15\/month","align":"center","typography_typography":"custom","typography_font_family":"Montserrat","typography_font_size":{"unit":"px","size":16,"sizes":[]},"typography_font_weight":"500","button_text_color":"#7F7F7F","background_color":"#FFFFFF","border_border":"solid","border_width":{"unit":"px","top":"2","right":"2","bottom":"2","left":"2","isLinked":true},"border_color":"#BBBBBB","border_radius":{"unit":"px","top":"4","right":"4","bottom":"4","left":"4","isLinked":true},"pp_display_conditions":[{"pp_condition_key":"authentication","pp_condition_operator":"is","pp_condition_authentication_value":"authenticated","_id":"f357b81","pp_condition_user_value":"","pp_condition_role_value":"subscriber","pp_condition_page_value":"","pp_condition_post_value":"","pp_condition_static_page_value":"home","pp_condition_post_type_value":"","pp_condition_taxonomy_archive_value":"","pp_condition_term_archive_value":"","pp_condition_post_type_archive_value":"","pp_condition_date_archive_value":"","pp_condition_author_archive_value":"","pp_condition_search_results_value":"","pp_condition_date_value":"2020-07-05 to 2020-07-11","pp_condition_date_time_before_value":"2020-07-11 07:12","pp_condition_time_value":"","pp_condition_day_value":"1","pp_condition_os_value":"iphone","pp_condition_browser_value":"ie","pp_condition_search-bot_value":"all_search_bots"}]},"elements":[],"widgetType":"button"}],"isInner":true}],"isInner":true}],"isInner":false}],"isInner":false}]}