{"content":[{"id":"685d3e8d","elType":"section","settings":{"structure":"20","background_background":"classic","background_image":{"url":"https:\/\/demo.powerpackelements.com\/wp-content\/uploads\/2020\/07\/services-2-bg.png","id":1407},"background_position":"center center","background_repeat":"no-repeat","background_size":"cover","padding":{"unit":"px","top":"240","right":"0","bottom":"240","left":"0","isLinked":false},"padding_mobile":{"unit":"px","top":"100","right":"0","bottom":"100","left":"0","isLinked":false},"pp_display_conditions":[{"pp_condition_key":"authentication","pp_condition_operator":"is","pp_condition_authentication_value":"authenticated","_id":"89e5153","pp_condition_user_value":"","pp_condition_role_value":"subscriber","pp_condition_page_value":"","pp_condition_post_value":"","pp_condition_static_page_value":"home","pp_condition_post_type_value":"","pp_condition_taxonomy_archive_value":"","pp_condition_term_archive_value":"","pp_condition_post_type_archive_value":"","pp_condition_date_archive_value":"","pp_condition_author_archive_value":"","pp_condition_search_results_value":"","pp_condition_date_value":"2020-07-05 to 2020-07-11","pp_condition_date_time_before_value":"2020-07-11 16:12","pp_condition_time_value":"","pp_condition_day_value":"1","pp_condition_os_value":"iphone","pp_condition_browser_value":"ie","pp_condition_search-bot_value":"all_search_bots"}]},"elements":[{"id":"3fa5484f","elType":"column","settings":{"_column_size":50,"_inline_size":null},"elements":[{"id":"3791a8fe","elType":"section","settings":{"margin":{"unit":"px","top":"0","right":0,"bottom":"10","left":0,"isLinked":false},"pp_display_conditions":[{"pp_condition_key":"authentication","pp_condition_operator":"is","pp_condition_authentication_value":"authenticated","_id":"cc5aa24","pp_condition_user_value":"","pp_condition_role_value":"subscriber","pp_condition_page_value":"","pp_condition_post_value":"","pp_condition_static_page_value":"home","pp_condition_post_type_value":"","pp_condition_taxonomy_archive_value":"","pp_condition_term_archive_value":"","pp_condition_post_type_archive_value":"","pp_condition_date_archive_value":"","pp_condition_author_archive_value":"","pp_condition_search_results_value":"","pp_condition_date_value":"2020-07-05 to 2020-07-11","pp_condition_date_time_before_value":"2020-07-11 16:12","pp_condition_time_value":"","pp_condition_day_value":"1","pp_condition_os_value":"iphone","pp_condition_browser_value":"ie","pp_condition_search-bot_value":"all_search_bots"}]},"elements":[{"id":"1ba08c6d","elType":"column","settings":{"_column_size":100,"_inline_size":null},"elements":[{"id":"1b73d18e","elType":"widget","settings":{"icon_type":"image","icon_text":"1","image":{"url":"https:\/\/demo.powerpackelements.com\/wp-content\/uploads\/2020\/07\/services-2-1-icon.png","id":1410},"icon_img_width":{"unit":"%","size":38,"sizes":[]},"icon_img_width_mobile":{"unit":"%","size":"","sizes":[]},"icon_position":"left","heading":"1170 px grid system","sub_heading":"","description":"<p>Lorem ipsum dolor sit amet, consectetur adipiscing elitent tristique magna sit amet purus gravida.<\/p>","button_text":"Get Started","info_box_bg_background":"classic","info_box_bg_color":"#FFFFFF","info_box_border_radius":{"unit":"px","top":"20","right":"20","bottom":"20","left":"20","isLinked":true},"info_box_shadow_box_shadow_type":"yes","info_box_shadow_box_shadow":{"horizontal":0,"vertical":0,"blur":30,"spread":0,"color":"rgba(0, 0, 0, 0.06)"},"info_box_padding":{"unit":"px","top":"20","right":"60","bottom":"20","left":"60","isLinked":false},"info_box_padding_tablet":{"unit":"px","top":"20","right":"20","bottom":"20","left":"20","isLinked":true},"icon_margin":{"unit":"px","top":"8","right":"20","bottom":"0","left":"0","isLinked":false},"description_color":"#7F7F7F","description_typography_typography":"custom","description_typography_font_family":"Rubik","description_typography_font_size":{"unit":"px","size":16,"sizes":[]},"description_typography_line_height":{"unit":"em","size":1.75,"sizes":[]},"pp_display_conditions":[{"pp_condition_key":"authentication","pp_condition_operator":"is","pp_condition_authentication_value":"authenticated","_id":"38f292b","pp_condition_user_value":"","pp_condition_role_value":"subscriber","pp_condition_page_value":"","pp_condition_post_value":"","pp_condition_static_page_value":"home","pp_condition_post_type_value":"","pp_condition_taxonomy_archive_value":"","pp_condition_term_archive_value":"","pp_condition_post_type_archive_value":"","pp_condition_date_archive_value":"","pp_condition_author_archive_value":"","pp_condition_search_results_value":"","pp_condition_date_value":"2020-07-05 to 2020-07-11","pp_condition_date_time_before_value":"2020-07-11 16:12","pp_condition_time_value":"","pp_condition_day_value":"1","pp_condition_os_value":"iphone","pp_condition_browser_value":"ie","pp_condition_search-bot_value":"all_search_bots"}]},"elements":[],"widgetType":"pp-info-box"}],"isInner":true}],"isInner":true},{"id":"2e38edd1","elType":"section","settings":{"margin":{"unit":"px","top":"0","right":0,"bottom":"10","left":0,"isLinked":false},"pp_display_conditions":[{"pp_condition_key":"authentication","pp_condition_operator":"is","pp_condition_authentication_value":"authenticated","_id":"cc5aa24","pp_condition_user_value":"","pp_condition_role_value":"subscriber","pp_condition_page_value":"","pp_condition_post_value":"","pp_condition_static_page_value":"home","pp_condition_post_type_value":"","pp_condition_taxonomy_archive_value":"","pp_condition_term_archive_value":"","pp_condition_post_type_archive_value":"","pp_condition_date_archive_value":"","pp_condition_author_archive_value":"","pp_condition_search_results_value":"","pp_condition_date_value":"2020-07-05 to 2020-07-11","pp_condition_date_time_before_value":"2020-07-11 16:12","pp_condition_time_value":"","pp_condition_day_value":"1","pp_condition_os_value":"iphone","pp_condition_browser_value":"ie","pp_condition_search-bot_value":"all_search_bots"}]},"elements":[{"id":"5b820c3a","elType":"column","settings":{"_column_size":100,"_inline_size":null},"elements":[{"id":"340b1d85","elType":"widget","settings":{"icon_type":"image","icon_text":"1","image":{"url":"https:\/\/demo.powerpackelements.com\/wp-content\/uploads\/2020\/07\/services-2-2-icon.png","id":1411},"icon_img_width":{"unit":"%","size":38,"sizes":[]},"icon_position":"left","heading":"Clean design","sub_heading":"","description":"<p>Lorem ipsum dolor sit amet, consectetur adipiscing elitent tristique magna sit amet purus gravida.<\/p>","button_text":"Get Started","info_box_bg_background":"classic","info_box_bg_color":"#FFFFFF","info_box_border_radius":{"unit":"px","top":"20","right":"20","bottom":"20","left":"20","isLinked":true},"info_box_shadow_box_shadow_type":"yes","info_box_shadow_box_shadow":{"horizontal":0,"vertical":0,"blur":30,"spread":0,"color":"rgba(0, 0, 0, 0.06)"},"info_box_padding":{"unit":"px","top":"20","right":"60","bottom":"20","left":"60","isLinked":false},"info_box_padding_tablet":{"unit":"px","top":"20","right":"20","bottom":"20","left":"20","isLinked":true},"icon_margin":{"unit":"px","top":"8","right":"20","bottom":"0","left":"0","isLinked":false},"description_color":"#7F7F7F","description_typography_typography":"custom","description_typography_font_family":"Rubik","description_typography_font_size":{"unit":"px","size":16,"sizes":[]},"description_typography_line_height":{"unit":"em","size":1.75,"sizes":[]},"pp_display_conditions":[{"pp_condition_key":"authentication","pp_condition_operator":"is","pp_condition_authentication_value":"authenticated","_id":"38f292b","pp_condition_user_value":"","pp_condition_role_value":"subscriber","pp_condition_page_value":"","pp_condition_post_value":"","pp_condition_static_page_value":"home","pp_condition_post_type_value":"","pp_condition_taxonomy_archive_value":"","pp_condition_term_archive_value":"","pp_condition_post_type_archive_value":"","pp_condition_date_archive_value":"","pp_condition_author_archive_value":"","pp_condition_search_results_value":"","pp_condition_date_value":"2020-07-05 to 2020-07-11","pp_condition_date_time_before_value":"2020-07-11 16:12","pp_condition_time_value":"","pp_condition_day_value":"1","pp_condition_os_value":"iphone","pp_condition_browser_value":"ie","pp_condition_search-bot_value":"all_search_bots"}]},"elements":[],"widgetType":"pp-info-box"}],"isInner":true}],"isInner":true},{"id":"7c02189","elType":"section","settings":{"margin":{"unit":"px","top":"","right":0,"bottom":"","left":0,"isLinked":true},"pp_display_conditions":[{"pp_condition_key":"authentication","pp_condition_operator":"is","pp_condition_authentication_value":"authenticated","_id":"cc5aa24","pp_condition_user_value":"","pp_condition_role_value":"subscriber","pp_condition_page_value":"","pp_condition_post_value":"","pp_condition_static_page_value":"home","pp_condition_post_type_value":"","pp_condition_taxonomy_archive_value":"","pp_condition_term_archive_value":"","pp_condition_post_type_archive_value":"","pp_condition_date_archive_value":"","pp_condition_author_archive_value":"","pp_condition_search_results_value":"","pp_condition_date_value":"2020-07-05 to 2020-07-11","pp_condition_date_time_before_value":"2020-07-11 16:12","pp_condition_time_value":"","pp_condition_day_value":"1","pp_condition_os_value":"iphone","pp_condition_browser_value":"ie","pp_condition_search-bot_value":"all_search_bots"}]},"elements":[{"id":"5a71a73f","elType":"column","settings":{"_column_size":100,"_inline_size":null},"elements":[{"id":"8f4c13e","elType":"widget","settings":{"icon_type":"image","icon_text":"1","image":{"url":"https:\/\/demo.powerpackelements.com\/wp-content\/uploads\/2020\/07\/services-2-3-icon.png","id":1412},"icon_img_width":{"unit":"%","size":38,"sizes":[]},"icon_position":"left","heading":"Elementor compatible","sub_heading":"","description":"<p>Lorem ipsum dolor sit amet, consectetur adipiscing elitent tristique magna sit amet purus gravida.<\/p>","button_text":"Get Started","info_box_bg_background":"classic","info_box_bg_color":"#FFFFFF","info_box_border_radius":{"unit":"px","top":"20","right":"20","bottom":"20","left":"20","isLinked":true},"info_box_shadow_box_shadow_type":"yes","info_box_shadow_box_shadow":{"horizontal":0,"vertical":0,"blur":30,"spread":0,"color":"rgba(0, 0, 0, 0.06)"},"info_box_padding":{"unit":"px","top":"20","right":"60","bottom":"20","left":"60","isLinked":false},"info_box_padding_tablet":{"unit":"px","top":"20","right":"20","bottom":"20","left":"20","isLinked":true},"icon_margin":{"unit":"px","top":"8","right":"20","bottom":"0","left":"0","isLinked":false},"description_color":"#7F7F7F","description_typography_typography":"custom","description_typography_font_family":"Rubik","description_typography_font_size":{"unit":"px","size":16,"sizes":[]},"description_typography_line_height":{"unit":"em","size":1.75,"sizes":[]},"pp_display_conditions":[{"pp_condition_key":"authentication","pp_condition_operator":"is","pp_condition_authentication_value":"authenticated","_id":"38f292b","pp_condition_user_value":"","pp_condition_role_value":"subscriber","pp_condition_page_value":"","pp_condition_post_value":"","pp_condition_static_page_value":"home","pp_condition_post_type_value":"","pp_condition_taxonomy_archive_value":"","pp_condition_term_archive_value":"","pp_condition_post_type_archive_value":"","pp_condition_date_archive_value":"","pp_condition_author_archive_value":"","pp_condition_search_results_value":"","pp_condition_date_value":"2020-07-05 to 2020-07-11","pp_condition_date_time_before_value":"2020-07-11 16:12","pp_condition_time_value":"","pp_condition_day_value":"1","pp_condition_os_value":"iphone","pp_condition_browser_value":"ie","pp_condition_search-bot_value":"all_search_bots"}]},"elements":[],"widgetType":"pp-info-box"}],"isInner":true}],"isInner":true}],"isInner":false},{"id":"464c361d","elType":"column","settings":{"_column_size":50,"_inline_size":null,"background_background":"classic","background_image":{"url":"https:\/\/demo.powerpackelements.com\/wp-content\/uploads\/2020\/07\/services-2-img.jpg","id":1415},"background_position":"center center","background_repeat":"no-repeat","background_size":"cover","border_radius":{"unit":"px","top":"20","right":"20","bottom":"20","left":"20","isLinked":true},"box_shadow_box_shadow_type":"yes","box_shadow_box_shadow":{"horizontal":0,"vertical":8,"blur":30,"spread":0,"color":"rgba(0, 0, 0, 0.08)"},"margin":{"unit":"px","top":"20","right":"20","bottom":"20","left":"20","isLinked":true}},"elements":[{"id":"117be40e","elType":"widget","settings":{"space_mobile":{"unit":"px","size":200,"sizes":[]},"pp_display_conditions":[{"pp_condition_key":"authentication","pp_condition_operator":"is","pp_condition_authentication_value":"authenticated","_id":"d0c4bfc","pp_condition_user_value":"","pp_condition_role_value":"subscriber","pp_condition_page_value":"","pp_condition_post_value":"","pp_condition_static_page_value":"home","pp_condition_post_type_value":"","pp_condition_taxonomy_archive_value":"","pp_condition_term_archive_value":"","pp_condition_post_type_archive_value":"","pp_condition_date_archive_value":"","pp_condition_author_archive_value":"","pp_condition_search_results_value":"","pp_condition_date_value":"2020-07-05 to 2020-07-11","pp_condition_date_time_before_value":"2020-07-11 16:12","pp_condition_time_value":"","pp_condition_day_value":"1","pp_condition_os_value":"iphone","pp_condition_browser_value":"ie","pp_condition_search-bot_value":"all_search_bots"}]},"elements":[],"widgetType":"spacer"}],"isInner":false}],"isInner":false}]}