{"content":[{"id":"85a6f7d","elType":"section","settings":{"height":"full","structure":"20","background_background":"classic","background_image":{"url":"https:\/\/demo.powerpackelements.com\/wp-content\/uploads\/2020\/06\/about-3.jpg","id":143},"background_position":"center center","background_repeat":"no-repeat","background_size":"cover","padding":{"unit":"px","top":"100","right":"0","bottom":"100","left":"0","isLinked":false},"pp_display_conditions":[{"pp_condition_key":"authentication","pp_condition_operator":"is","pp_condition_authentication_value":"authenticated","_id":"5ae1e06","pp_condition_user_value":"","pp_condition_role_value":"subscriber","pp_condition_page_value":"","pp_condition_post_value":"","pp_condition_static_page_value":"home","pp_condition_post_type_value":"","pp_condition_taxonomy_archive_value":"","pp_condition_term_archive_value":"","pp_condition_post_type_archive_value":"","pp_condition_date_archive_value":"","pp_condition_author_archive_value":"","pp_condition_search_results_value":"","pp_condition_date_value":"2020-06-26 to 2020-07-02","pp_condition_date_time_before_value":"2020-07-02 07:44","pp_condition_time_value":"","pp_condition_day_value":"1","pp_condition_os_value":"iphone","pp_condition_browser_value":"ie","pp_condition_search-bot_value":"all_search_bots"}]},"elements":[{"id":"654c4ed6","elType":"column","settings":{"_column_size":50,"_inline_size":44.298,"_inline_size_tablet":65},"elements":[{"id":"32c06397","elType":"widget","settings":{"title":"My Story","title_color":"#252525","typography_typography":"custom","typography_font_family":"Rubik","typography_font_size":{"unit":"px","size":100,"sizes":[]},"typography_font_weight":"400","typography_text_decoration":"underline","_margin":{"unit":"px","top":"0","right":"0","bottom":"20","left":"0","isLinked":false},"pp_display_conditions":[{"pp_condition_key":"authentication","pp_condition_operator":"is","pp_condition_authentication_value":"authenticated","_id":"1ad5041","pp_condition_user_value":"","pp_condition_role_value":"subscriber","pp_condition_page_value":"","pp_condition_post_value":"","pp_condition_static_page_value":"home","pp_condition_post_type_value":"","pp_condition_taxonomy_archive_value":"","pp_condition_term_archive_value":"","pp_condition_post_type_archive_value":"","pp_condition_date_archive_value":"","pp_condition_author_archive_value":"","pp_condition_search_results_value":"","pp_condition_date_value":"2020-06-26 to 2020-07-02","pp_condition_date_time_before_value":"2020-07-02 07:44","pp_condition_time_value":"","pp_condition_day_value":"1","pp_condition_os_value":"iphone","pp_condition_browser_value":"ie","pp_condition_search-bot_value":"all_search_bots"}],"typography_font_size_mobile":{"unit":"px","size":60,"sizes":[]}},"elements":[],"widgetType":"heading"},{"id":"5b2a9279","elType":"widget","settings":{"editor":"<p>Lorem ipsum dolor sit amet, consectetur adipiscing elit, sed do eiusmod tempor incididunt ut labore et dolore magna aliqua. Ut enim ad minim veniam, quis nostrud exercitation ullamco laboris nisi ut aliquip ex ea commodo consequat.<\/p>","text_color":"#1C1C1C","typography_typography":"custom","typography_font_family":"Rubik","typography_font_size":{"unit":"px","size":24,"sizes":[]},"typography_font_weight":"400","typography_line_height":{"unit":"em","size":1.5,"sizes":[]},"_margin":{"unit":"px","top":"0","right":"0","bottom":"250","left":"0","isLinked":false},"_margin_tablet":{"unit":"px","top":"0","right":"0","bottom":"0","left":"0","isLinked":false},"pp_display_conditions":[{"pp_condition_key":"authentication","pp_condition_operator":"is","pp_condition_authentication_value":"authenticated","_id":"227e285","pp_condition_user_value":"","pp_condition_role_value":"subscriber","pp_condition_page_value":"","pp_condition_post_value":"","pp_condition_static_page_value":"home","pp_condition_post_type_value":"","pp_condition_taxonomy_archive_value":"","pp_condition_term_archive_value":"","pp_condition_post_type_archive_value":"","pp_condition_date_archive_value":"","pp_condition_author_archive_value":"","pp_condition_search_results_value":"","pp_condition_date_value":"2020-06-26 to 2020-07-02","pp_condition_date_time_before_value":"2020-07-02 07:44","pp_condition_time_value":"","pp_condition_day_value":"1","pp_condition_os_value":"iphone","pp_condition_browser_value":"ie","pp_condition_search-bot_value":"all_search_bots"}]},"elements":[],"widgetType":"text-editor"}],"isInner":false},{"id":"6170b9cb","elType":"column","settings":{"_column_size":50,"_inline_size":55.702},"elements":[],"isInner":false}],"isInner":false}]}