{"content":[{"id":"1bb65dd5","elType":"section","settings":{"height":"full","background_background":"classic","background_image":{"url":"https:\/\/demo.powerpackelements.com\/wp-content\/uploads\/2020\/07\/services-3-bg.jpg","id":1424},"background_position":"center center","background_repeat":"no-repeat","background_size":"cover","pp_display_conditions":[{"pp_condition_key":"authentication","pp_condition_operator":"is","pp_condition_authentication_value":"authenticated","_id":"85abd00","pp_condition_user_value":"","pp_condition_role_value":"subscriber","pp_condition_page_value":"","pp_condition_post_value":"","pp_condition_static_page_value":"home","pp_condition_post_type_value":"","pp_condition_taxonomy_archive_value":"","pp_condition_term_archive_value":"","pp_condition_post_type_archive_value":"","pp_condition_date_archive_value":"","pp_condition_author_archive_value":"","pp_condition_search_results_value":"","pp_condition_date_value":"2020-07-05 to 2020-07-11","pp_condition_date_time_before_value":"2020-07-11 16:32","pp_condition_time_value":"","pp_condition_day_value":"1","pp_condition_os_value":"iphone","pp_condition_browser_value":"ie","pp_condition_search-bot_value":"all_search_bots"}]},"elements":[{"id":"e29ea3","elType":"column","settings":{"_column_size":100,"_inline_size":null},"elements":[{"id":"1c6049ab","elType":"widget","settings":{"title":"TAILORED FOR YOU","header_size":"h3","align":"center","title_color":"#7F7F7F","typography_typography":"custom","typography_font_family":"Poppins","typography_font_size":{"unit":"px","size":18,"sizes":[]},"typography_font_weight":"400","typography_text_transform":"uppercase","pp_display_conditions":[{"pp_condition_key":"authentication","pp_condition_operator":"is","pp_condition_authentication_value":"authenticated","_id":"38cb07c","pp_condition_user_value":"","pp_condition_role_value":"subscriber","pp_condition_page_value":"","pp_condition_post_value":"","pp_condition_static_page_value":"home","pp_condition_post_type_value":"","pp_condition_taxonomy_archive_value":"","pp_condition_term_archive_value":"","pp_condition_post_type_archive_value":"","pp_condition_date_archive_value":"","pp_condition_author_archive_value":"","pp_condition_search_results_value":"","pp_condition_date_value":"2020-07-05 to 2020-07-11","pp_condition_date_time_before_value":"2020-07-11 16:32","pp_condition_time_value":"","pp_condition_day_value":"1","pp_condition_os_value":"iphone","pp_condition_browser_value":"ie","pp_condition_search-bot_value":"all_search_bots"}]},"elements":[],"widgetType":"heading"},{"id":"75508e72","elType":"widget","settings":{"title":"Best of our services","align":"center","title_color":"#000000","typography_typography":"custom","typography_font_family":"Helvetica","typography_font_size":{"unit":"px","size":72,"sizes":[]},"typography_font_weight":"300","pp_display_conditions":[{"pp_condition_key":"authentication","pp_condition_operator":"is","pp_condition_authentication_value":"authenticated","_id":"38cb07c","pp_condition_user_value":"","pp_condition_role_value":"subscriber","pp_condition_page_value":"","pp_condition_post_value":"","pp_condition_static_page_value":"home","pp_condition_post_type_value":"","pp_condition_taxonomy_archive_value":"","pp_condition_term_archive_value":"","pp_condition_post_type_archive_value":"","pp_condition_date_archive_value":"","pp_condition_author_archive_value":"","pp_condition_search_results_value":"","pp_condition_date_value":"2020-07-05 to 2020-07-11","pp_condition_date_time_before_value":"2020-07-11 16:32","pp_condition_time_value":"","pp_condition_day_value":"1","pp_condition_os_value":"iphone","pp_condition_browser_value":"ie","pp_condition_search-bot_value":"all_search_bots"}]},"elements":[],"widgetType":"heading"},{"id":"f7780f0","elType":"widget","settings":{"editor":"<p>Lorem ipsum dolor sit amet, consectetur adipiscing elitent tristique magna sit amet purus gravida.<\/p>","align":"center","text_color":"#7F7F7F","typography_typography":"custom","typography_font_family":"Rubik","typography_font_size":{"unit":"px","size":16,"sizes":[]},"typography_font_weight":"400","pp_display_conditions":[{"pp_condition_key":"authentication","pp_condition_operator":"is","pp_condition_authentication_value":"authenticated","_id":"15c673f","pp_condition_user_value":"","pp_condition_role_value":"subscriber","pp_condition_page_value":"","pp_condition_post_value":"","pp_condition_static_page_value":"home","pp_condition_post_type_value":"","pp_condition_taxonomy_archive_value":"","pp_condition_term_archive_value":"","pp_condition_post_type_archive_value":"","pp_condition_date_archive_value":"","pp_condition_author_archive_value":"","pp_condition_search_results_value":"","pp_condition_date_value":"2020-07-05 to 2020-07-11","pp_condition_date_time_before_value":"2020-07-11 16:32","pp_condition_time_value":"","pp_condition_day_value":"1","pp_condition_os_value":"iphone","pp_condition_browser_value":"ie","pp_condition_search-bot_value":"all_search_bots"}]},"elements":[],"widgetType":"text-editor"},{"id":"3e31e664","elType":"section","settings":{"gap":"extended","structure":"40","pp_display_conditions":[{"pp_condition_key":"authentication","pp_condition_operator":"is","pp_condition_authentication_value":"authenticated","_id":"0448995","pp_condition_user_value":"","pp_condition_role_value":"subscriber","pp_condition_page_value":"","pp_condition_post_value":"","pp_condition_static_page_value":"home","pp_condition_post_type_value":"","pp_condition_taxonomy_archive_value":"","pp_condition_term_archive_value":"","pp_condition_post_type_archive_value":"","pp_condition_date_archive_value":"","pp_condition_author_archive_value":"","pp_condition_search_results_value":"","pp_condition_date_value":"2020-07-05 to 2020-07-11","pp_condition_date_time_before_value":"2020-07-11 16:32","pp_condition_time_value":"","pp_condition_day_value":"1","pp_condition_os_value":"iphone","pp_condition_browser_value":"ie","pp_condition_search-bot_value":"all_search_bots"}]},"elements":[{"id":"5072959a","elType":"column","settings":{"_column_size":25,"_inline_size":null},"elements":[{"id":"2a18b9ec","elType":"widget","settings":{"image":{"url":"https:\/\/demo.powerpackelements.com\/wp-content\/uploads\/2020\/07\/services-3-1.png","id":1428},"width":{"unit":"%","size":100,"sizes":[]},"pp_display_conditions":[{"pp_condition_key":"authentication","pp_condition_operator":"is","pp_condition_authentication_value":"authenticated","_id":"170d144","pp_condition_user_value":"","pp_condition_role_value":"subscriber","pp_condition_page_value":"","pp_condition_post_value":"","pp_condition_static_page_value":"home","pp_condition_post_type_value":"","pp_condition_taxonomy_archive_value":"","pp_condition_term_archive_value":"","pp_condition_post_type_archive_value":"","pp_condition_date_archive_value":"","pp_condition_author_archive_value":"","pp_condition_search_results_value":"","pp_condition_date_value":"2020-07-05 to 2020-07-11","pp_condition_date_time_before_value":"2020-07-11 16:32","pp_condition_time_value":"","pp_condition_day_value":"1","pp_condition_os_value":"iphone","pp_condition_browser_value":"ie","pp_condition_search-bot_value":"all_search_bots"}]},"elements":[],"widgetType":"image"}],"isInner":true},{"id":"78da5630","elType":"column","settings":{"_column_size":25,"_inline_size":null},"elements":[{"id":"35b04301","elType":"widget","settings":{"image":{"url":"https:\/\/demo.powerpackelements.com\/wp-content\/uploads\/2020\/07\/services-3-2.png","id":1429},"width":{"unit":"%","size":100,"sizes":[]},"pp_display_conditions":[{"pp_condition_key":"authentication","pp_condition_operator":"is","pp_condition_authentication_value":"authenticated","_id":"170d144","pp_condition_user_value":"","pp_condition_role_value":"subscriber","pp_condition_page_value":"","pp_condition_post_value":"","pp_condition_static_page_value":"home","pp_condition_post_type_value":"","pp_condition_taxonomy_archive_value":"","pp_condition_term_archive_value":"","pp_condition_post_type_archive_value":"","pp_condition_date_archive_value":"","pp_condition_author_archive_value":"","pp_condition_search_results_value":"","pp_condition_date_value":"2020-07-05 to 2020-07-11","pp_condition_date_time_before_value":"2020-07-11 16:32","pp_condition_time_value":"","pp_condition_day_value":"1","pp_condition_os_value":"iphone","pp_condition_browser_value":"ie","pp_condition_search-bot_value":"all_search_bots"}]},"elements":[],"widgetType":"image"}],"isInner":true},{"id":"694da0d7","elType":"column","settings":{"_column_size":25,"_inline_size":null},"elements":[{"id":"49678a6f","elType":"widget","settings":{"image":{"url":"https:\/\/demo.powerpackelements.com\/wp-content\/uploads\/2020\/07\/services-3-3.png","id":1430},"width":{"unit":"%","size":100,"sizes":[]},"pp_display_conditions":[{"pp_condition_key":"authentication","pp_condition_operator":"is","pp_condition_authentication_value":"authenticated","_id":"170d144","pp_condition_user_value":"","pp_condition_role_value":"subscriber","pp_condition_page_value":"","pp_condition_post_value":"","pp_condition_static_page_value":"home","pp_condition_post_type_value":"","pp_condition_taxonomy_archive_value":"","pp_condition_term_archive_value":"","pp_condition_post_type_archive_value":"","pp_condition_date_archive_value":"","pp_condition_author_archive_value":"","pp_condition_search_results_value":"","pp_condition_date_value":"2020-07-05 to 2020-07-11","pp_condition_date_time_before_value":"2020-07-11 16:32","pp_condition_time_value":"","pp_condition_day_value":"1","pp_condition_os_value":"iphone","pp_condition_browser_value":"ie","pp_condition_search-bot_value":"all_search_bots"}]},"elements":[],"widgetType":"image"}],"isInner":true},{"id":"4f04165a","elType":"column","settings":{"_column_size":25,"_inline_size":null},"elements":[{"id":"38b9af1c","elType":"widget","settings":{"image":{"url":"https:\/\/demo.powerpackelements.com\/wp-content\/uploads\/2020\/07\/services-3-4.png","id":1431},"width":{"unit":"%","size":100,"sizes":[]},"pp_display_conditions":[{"pp_condition_key":"authentication","pp_condition_operator":"is","pp_condition_authentication_value":"authenticated","_id":"170d144","pp_condition_user_value":"","pp_condition_role_value":"subscriber","pp_condition_page_value":"","pp_condition_post_value":"","pp_condition_static_page_value":"home","pp_condition_post_type_value":"","pp_condition_taxonomy_archive_value":"","pp_condition_term_archive_value":"","pp_condition_post_type_archive_value":"","pp_condition_date_archive_value":"","pp_condition_author_archive_value":"","pp_condition_search_results_value":"","pp_condition_date_value":"2020-07-05 to 2020-07-11","pp_condition_date_time_before_value":"2020-07-11 16:32","pp_condition_time_value":"","pp_condition_day_value":"1","pp_condition_os_value":"iphone","pp_condition_browser_value":"ie","pp_condition_search-bot_value":"all_search_bots"}]},"elements":[],"widgetType":"image"}],"isInner":true}],"isInner":true}],"isInner":false}],"isInner":false}]}