{"content":[{"id":"d48d3bf","elType":"section","settings":{"height":"full","background_background":"classic","background_image":{"url":"https:\/\/demo.powerpackelements.com\/wp-content\/uploads\/2020\/07\/services-4-bg.png","id":1448},"background_position":"top center","background_repeat":"no-repeat","background_size":"cover","padding":{"unit":"px","top":"60","right":"0","bottom":"60","left":"0","isLinked":false},"pp_display_conditions":[{"pp_condition_key":"authentication","pp_condition_operator":"is","pp_condition_authentication_value":"authenticated","_id":"ef5aab4","pp_condition_user_value":"","pp_condition_role_value":"subscriber","pp_condition_page_value":"","pp_condition_post_value":"","pp_condition_static_page_value":"home","pp_condition_post_type_value":"","pp_condition_taxonomy_archive_value":"","pp_condition_term_archive_value":"","pp_condition_post_type_archive_value":"","pp_condition_date_archive_value":"","pp_condition_author_archive_value":"","pp_condition_search_results_value":"","pp_condition_date_value":"2020-07-05 to 2020-07-11","pp_condition_date_time_before_value":"2020-07-11 17:03","pp_condition_time_value":"","pp_condition_day_value":"1","pp_condition_os_value":"iphone","pp_condition_browser_value":"ie","pp_condition_search-bot_value":"all_search_bots"}]},"elements":[{"id":"8a1c6f8","elType":"column","settings":{"_column_size":100,"_inline_size":null},"elements":[{"id":"1493ab0b","elType":"section","settings":{"margin":{"unit":"px","top":"300","right":0,"bottom":"30","left":0,"isLinked":false},"pp_display_conditions":[{"pp_condition_key":"authentication","pp_condition_operator":"is","pp_condition_authentication_value":"authenticated","_id":"e1201e4","pp_condition_user_value":"","pp_condition_role_value":"subscriber","pp_condition_page_value":"","pp_condition_post_value":"","pp_condition_static_page_value":"home","pp_condition_post_type_value":"","pp_condition_taxonomy_archive_value":"","pp_condition_term_archive_value":"","pp_condition_post_type_archive_value":"","pp_condition_date_archive_value":"","pp_condition_author_archive_value":"","pp_condition_search_results_value":"","pp_condition_date_value":"2020-07-05 to 2020-07-11","pp_condition_date_time_before_value":"2020-07-11 17:03","pp_condition_time_value":"","pp_condition_day_value":"1","pp_condition_os_value":"iphone","pp_condition_browser_value":"ie","pp_condition_search-bot_value":"all_search_bots"}],"margin_tablet":{"unit":"px","top":"0","right":0,"bottom":"0","left":0,"isLinked":false}},"elements":[{"id":"c72e325","elType":"column","settings":{"_column_size":100,"_inline_size":null},"elements":[{"id":"9df00ae","elType":"widget","settings":{"title":"Popular Classes","title_color":"#393762","typography_typography":"custom","typography_font_family":"Poppins","typography_font_size":{"unit":"px","size":36,"sizes":[]},"typography_font_weight":"700","pp_display_conditions":[{"pp_condition_key":"authentication","pp_condition_operator":"is","pp_condition_authentication_value":"authenticated","_id":"a4e0476","pp_condition_user_value":"","pp_condition_role_value":"subscriber","pp_condition_page_value":"","pp_condition_post_value":"","pp_condition_static_page_value":"home","pp_condition_post_type_value":"","pp_condition_taxonomy_archive_value":"","pp_condition_term_archive_value":"","pp_condition_post_type_archive_value":"","pp_condition_date_archive_value":"","pp_condition_author_archive_value":"","pp_condition_search_results_value":"","pp_condition_date_value":"2020-07-05 to 2020-07-11","pp_condition_date_time_before_value":"2020-07-11 17:03","pp_condition_time_value":"","pp_condition_day_value":"1","pp_condition_os_value":"iphone","pp_condition_browser_value":"ie","pp_condition_search-bot_value":"all_search_bots"}]},"elements":[],"widgetType":"heading"}],"isInner":true}],"isInner":true},{"id":"3a458657","elType":"section","settings":{"structure":"30","pp_display_conditions":[{"pp_condition_key":"authentication","pp_condition_operator":"is","pp_condition_authentication_value":"authenticated","_id":"e1201e4","pp_condition_user_value":"","pp_condition_role_value":"subscriber","pp_condition_page_value":"","pp_condition_post_value":"","pp_condition_static_page_value":"home","pp_condition_post_type_value":"","pp_condition_taxonomy_archive_value":"","pp_condition_term_archive_value":"","pp_condition_post_type_archive_value":"","pp_condition_date_archive_value":"","pp_condition_author_archive_value":"","pp_condition_search_results_value":"","pp_condition_date_value":"2020-07-05 to 2020-07-11","pp_condition_date_time_before_value":"2020-07-11 17:03","pp_condition_time_value":"","pp_condition_day_value":"1","pp_condition_os_value":"iphone","pp_condition_browser_value":"ie","pp_condition_search-bot_value":"all_search_bots"}]},"elements":[{"id":"66689c15","elType":"column","settings":{"_column_size":33,"_inline_size":null},"elements":[{"id":"15f52f83","elType":"widget","settings":{"image":{"url":"https:\/\/demo.powerpackelements.com\/wp-content\/uploads\/2020\/07\/service-4-icon.png","id":1693},"align":"left","_margin":{"unit":"px","top":"0","right":"0","bottom":"-85","left":"68","isLinked":false},"_z_index":1,"pp_display_conditions":[{"pp_condition_key":"authentication","pp_condition_operator":"is","pp_condition_authentication_value":"authenticated","_id":"ea70b23","pp_condition_user_value":"","pp_condition_role_value":"subscriber","pp_condition_page_value":"","pp_condition_post_value":"","pp_condition_static_page_value":"home","pp_condition_post_type_value":"","pp_condition_taxonomy_archive_value":"","pp_condition_term_archive_value":"","pp_condition_post_type_archive_value":"","pp_condition_date_archive_value":"","pp_condition_author_archive_value":"","pp_condition_search_results_value":"","pp_condition_date_value":"2020-07-13 to 2020-07-19","pp_condition_date_time_before_value":"2020-07-19 05:14","pp_condition_time_value":"","pp_condition_day_value":"1","pp_condition_os_value":"iphone","pp_condition_browser_value":"ie","pp_condition_search-bot_value":"all_search_bots"}],"_margin_tablet":{"unit":"px","top":"0","right":"0","bottom":"-85","left":"30","isLinked":false}},"elements":[],"widgetType":"image"},{"id":"c1367c1","elType":"widget","settings":{"icon_type":"none","icon_text":"1","image":{"url":"https:\/\/demo.powerpackelements.com\/wp-content\/uploads\/2020\/07\/service-4-icon.png","id":1693},"heading":"Body Building Program","sub_heading":"Duration - 50 min.","description":"<p>Lorem ipsum dolor sit amet, consectetur adipiscing elitent tristique magna sit amet purus gravida.<\/p>","button_text":"Get Started","info_box_bg_background":"classic","info_box_bg_color":"#FFFFFF","info_box_border_radius":{"unit":"px","top":"23","right":"23","bottom":"23","left":"23","isLinked":true},"info_box_shadow_box_shadow_type":"yes","info_box_shadow_box_shadow":{"horizontal":0,"vertical":8,"blur":30,"spread":0,"color":"rgba(0, 0, 0, 0.08)"},"info_box_padding":{"unit":"px","top":"90","right":"60","bottom":"50","left":"70","isLinked":false},"icon_padding":{"unit":"px","top":"0","right":"0","bottom":"0","left":"0","isLinked":true},"icon_margin":{"unit":"px","top":"0","right":"0","bottom":"0","left":"0","isLinked":false},"title_color":"#393762","title_typography_typography":"custom","title_typography_font_family":"Poppins","title_typography_font_size":{"unit":"px","size":24,"sizes":[]},"title_typography_font_weight":"700","title_margin":{"unit":"px","size":15,"sizes":[]},"subtitle_color":"#393762","subtitle_typography_typography":"custom","subtitle_typography_font_family":"Rubik","subtitle_typography_font_size":{"unit":"px","size":16,"sizes":[]},"subtitle_typography_font_weight":"400","description_color":"#393762","description_typography_typography":"custom","description_typography_font_family":"Rubik","description_typography_font_size":{"unit":"px","size":16,"sizes":[]},"description_typography_font_weight":"400","description_typography_line_height":{"unit":"em","size":1.6,"sizes":[]},"description_margin":{"unit":"px","size":0,"sizes":[]},"pp_display_conditions":[{"pp_condition_key":"authentication","pp_condition_operator":"is","pp_condition_authentication_value":"authenticated","_id":"3c5639f","pp_condition_user_value":"","pp_condition_role_value":"subscriber","pp_condition_page_value":"","pp_condition_post_value":"","pp_condition_static_page_value":"home","pp_condition_post_type_value":"","pp_condition_taxonomy_archive_value":"","pp_condition_term_archive_value":"","pp_condition_post_type_archive_value":"","pp_condition_date_archive_value":"","pp_condition_author_archive_value":"","pp_condition_search_results_value":"","pp_condition_date_value":"2020-07-13 to 2020-07-19","pp_condition_date_time_before_value":"2020-07-19 05:14","pp_condition_time_value":"","pp_condition_day_value":"1","pp_condition_os_value":"iphone","pp_condition_browser_value":"ie","pp_condition_search-bot_value":"all_search_bots"}],"info_box_padding_tablet":{"unit":"px","top":"90","right":"30","bottom":"30","left":"30","isLinked":false}},"elements":[],"widgetType":"pp-info-box"}],"isInner":true},{"id":"1165d991","elType":"column","settings":{"_column_size":33,"_inline_size":null},"elements":[{"id":"4c230de3","elType":"widget","settings":{"image":{"url":"https:\/\/demo.powerpackelements.com\/wp-content\/uploads\/2020\/07\/service-4-icon.png","id":1693},"align":"left","_margin":{"unit":"px","top":"0","right":"0","bottom":"-85","left":"68","isLinked":false},"_z_index":1,"pp_display_conditions":[{"pp_condition_key":"authentication","pp_condition_operator":"is","pp_condition_authentication_value":"authenticated","_id":"ea70b23","pp_condition_user_value":"","pp_condition_role_value":"subscriber","pp_condition_page_value":"","pp_condition_post_value":"","pp_condition_static_page_value":"home","pp_condition_post_type_value":"","pp_condition_taxonomy_archive_value":"","pp_condition_term_archive_value":"","pp_condition_post_type_archive_value":"","pp_condition_date_archive_value":"","pp_condition_author_archive_value":"","pp_condition_search_results_value":"","pp_condition_date_value":"2020-07-13 to 2020-07-19","pp_condition_date_time_before_value":"2020-07-19 05:14","pp_condition_time_value":"","pp_condition_day_value":"1","pp_condition_os_value":"iphone","pp_condition_browser_value":"ie","pp_condition_search-bot_value":"all_search_bots"}],"_margin_tablet":{"unit":"px","top":"0","right":"0","bottom":"-85","left":"30","isLinked":false}},"elements":[],"widgetType":"image"},{"id":"163e9dba","elType":"widget","settings":{"icon_type":"none","icon_text":"1","image":{"url":"https:\/\/demo.powerpackelements.com\/wp-content\/uploads\/2020\/07\/service-4-icon.png","id":1693},"heading":"Wellness Program","sub_heading":"Duration - 30 min.","description":"<p>Lorem ipsum dolor sit amet, consectetur adipiscing elitent tristique magna sit amet purus gravida.<\/p>","button_text":"Get Started","info_box_bg_background":"classic","info_box_bg_color":"#FFFFFF","info_box_border_radius":{"unit":"px","top":"23","right":"23","bottom":"23","left":"23","isLinked":true},"info_box_shadow_box_shadow_type":"yes","info_box_shadow_box_shadow":{"horizontal":0,"vertical":8,"blur":30,"spread":0,"color":"rgba(0, 0, 0, 0.08)"},"info_box_padding":{"unit":"px","top":"90","right":"60","bottom":"50","left":"70","isLinked":false},"icon_padding":{"unit":"px","top":"0","right":"0","bottom":"0","left":"0","isLinked":true},"icon_margin":{"unit":"px","top":"0","right":"0","bottom":"0","left":"0","isLinked":false},"title_color":"#393762","title_typography_typography":"custom","title_typography_font_family":"Poppins","title_typography_font_size":{"unit":"px","size":24,"sizes":[]},"title_typography_font_weight":"700","title_margin":{"unit":"px","size":15,"sizes":[]},"subtitle_color":"#393762","subtitle_typography_typography":"custom","subtitle_typography_font_family":"Rubik","subtitle_typography_font_size":{"unit":"px","size":16,"sizes":[]},"subtitle_typography_font_weight":"400","description_color":"#393762","description_typography_typography":"custom","description_typography_font_family":"Rubik","description_typography_font_size":{"unit":"px","size":16,"sizes":[]},"description_typography_font_weight":"400","description_typography_line_height":{"unit":"em","size":1.6,"sizes":[]},"description_margin":{"unit":"px","size":0,"sizes":[]},"pp_display_conditions":[{"pp_condition_key":"authentication","pp_condition_operator":"is","pp_condition_authentication_value":"authenticated","_id":"3c5639f","pp_condition_user_value":"","pp_condition_role_value":"subscriber","pp_condition_page_value":"","pp_condition_post_value":"","pp_condition_static_page_value":"home","pp_condition_post_type_value":"","pp_condition_taxonomy_archive_value":"","pp_condition_term_archive_value":"","pp_condition_post_type_archive_value":"","pp_condition_date_archive_value":"","pp_condition_author_archive_value":"","pp_condition_search_results_value":"","pp_condition_date_value":"2020-07-13 to 2020-07-19","pp_condition_date_time_before_value":"2020-07-19 05:14","pp_condition_time_value":"","pp_condition_day_value":"1","pp_condition_os_value":"iphone","pp_condition_browser_value":"ie","pp_condition_search-bot_value":"all_search_bots"}],"info_box_padding_tablet":{"unit":"px","top":"90","right":"30","bottom":"30","left":"30","isLinked":false}},"elements":[],"widgetType":"pp-info-box"}],"isInner":true},{"id":"2efd73cb","elType":"column","settings":{"_column_size":33,"_inline_size":null},"elements":[{"id":"5158907a","elType":"widget","settings":{"image":{"url":"https:\/\/demo.powerpackelements.com\/wp-content\/uploads\/2020\/07\/service-4-icon.png","id":1693},"align":"left","_margin":{"unit":"px","top":"0","right":"0","bottom":"-85","left":"68","isLinked":false},"_z_index":1,"pp_display_conditions":[{"pp_condition_key":"authentication","pp_condition_operator":"is","pp_condition_authentication_value":"authenticated","_id":"ea70b23","pp_condition_user_value":"","pp_condition_role_value":"subscriber","pp_condition_page_value":"","pp_condition_post_value":"","pp_condition_static_page_value":"home","pp_condition_post_type_value":"","pp_condition_taxonomy_archive_value":"","pp_condition_term_archive_value":"","pp_condition_post_type_archive_value":"","pp_condition_date_archive_value":"","pp_condition_author_archive_value":"","pp_condition_search_results_value":"","pp_condition_date_value":"2020-07-13 to 2020-07-19","pp_condition_date_time_before_value":"2020-07-19 05:14","pp_condition_time_value":"","pp_condition_day_value":"1","pp_condition_os_value":"iphone","pp_condition_browser_value":"ie","pp_condition_search-bot_value":"all_search_bots"}],"_margin_tablet":{"unit":"px","top":"0","right":"0","bottom":"-85","left":"30","isLinked":false}},"elements":[],"widgetType":"image"},{"id":"8d27f67","elType":"widget","settings":{"icon_type":"none","icon_text":"1","image":{"url":"https:\/\/demo.powerpackelements.com\/wp-content\/uploads\/2020\/07\/service-4-icon.png","id":1693},"heading":"Yoga <br>Program","sub_heading":"Duration - 45 min.","description":"<p>Lorem ipsum dolor sit amet, consectetur adipiscing elitent tristique magna sit amet purus gravida.<\/p>","button_text":"Get Started","info_box_bg_background":"classic","info_box_bg_color":"#FFFFFF","info_box_border_radius":{"unit":"px","top":"23","right":"23","bottom":"23","left":"23","isLinked":true},"info_box_shadow_box_shadow_type":"yes","info_box_shadow_box_shadow":{"horizontal":0,"vertical":8,"blur":30,"spread":0,"color":"rgba(0, 0, 0, 0.08)"},"info_box_padding":{"unit":"px","top":"90","right":"60","bottom":"50","left":"70","isLinked":false},"icon_padding":{"unit":"px","top":"0","right":"0","bottom":"0","left":"0","isLinked":true},"icon_margin":{"unit":"px","top":"0","right":"0","bottom":"0","left":"0","isLinked":false},"title_color":"#393762","title_typography_typography":"custom","title_typography_font_family":"Poppins","title_typography_font_size":{"unit":"px","size":24,"sizes":[]},"title_typography_font_weight":"700","title_margin":{"unit":"px","size":15,"sizes":[]},"subtitle_color":"#393762","subtitle_typography_typography":"custom","subtitle_typography_font_family":"Rubik","subtitle_typography_font_size":{"unit":"px","size":16,"sizes":[]},"subtitle_typography_font_weight":"400","description_color":"#393762","description_typography_typography":"custom","description_typography_font_family":"Rubik","description_typography_font_size":{"unit":"px","size":16,"sizes":[]},"description_typography_font_weight":"400","description_typography_line_height":{"unit":"em","size":1.6,"sizes":[]},"description_margin":{"unit":"px","size":0,"sizes":[]},"pp_display_conditions":[{"pp_condition_key":"authentication","pp_condition_operator":"is","pp_condition_authentication_value":"authenticated","_id":"3c5639f","pp_condition_user_value":"","pp_condition_role_value":"subscriber","pp_condition_page_value":"","pp_condition_post_value":"","pp_condition_static_page_value":"home","pp_condition_post_type_value":"","pp_condition_taxonomy_archive_value":"","pp_condition_term_archive_value":"","pp_condition_post_type_archive_value":"","pp_condition_date_archive_value":"","pp_condition_author_archive_value":"","pp_condition_search_results_value":"","pp_condition_date_value":"2020-07-13 to 2020-07-19","pp_condition_date_time_before_value":"2020-07-19 05:14","pp_condition_time_value":"","pp_condition_day_value":"1","pp_condition_os_value":"iphone","pp_condition_browser_value":"ie","pp_condition_search-bot_value":"all_search_bots"}],"info_box_padding_tablet":{"unit":"px","top":"90","right":"30","bottom":"30","left":"30","isLinked":false}},"elements":[],"widgetType":"pp-info-box"}],"isInner":true}],"isInner":true}],"isInner":false}],"isInner":false}]}