{"content":[{"id":"782bd7ce","elType":"section","settings":{"padding":{"unit":"px","top":"100","right":"0","bottom":"100","left":"0","isLinked":false},"pp_display_conditions":[{"pp_condition_key":"authentication","pp_condition_operator":"is","pp_condition_authentication_value":"authenticated","_id":"c45e321","pp_condition_user_value":"","pp_condition_role_value":"subscriber","pp_condition_page_value":"","pp_condition_post_value":"","pp_condition_static_page_value":"home","pp_condition_post_type_value":"","pp_condition_taxonomy_archive_value":"","pp_condition_term_archive_value":"","pp_condition_post_type_archive_value":"","pp_condition_date_archive_value":"","pp_condition_author_archive_value":"","pp_condition_search_results_value":"","pp_condition_date_value":"2020-07-05 to 2020-07-11","pp_condition_date_time_before_value":"2020-07-11 16:45","pp_condition_time_value":"","pp_condition_day_value":"1","pp_condition_os_value":"iphone","pp_condition_browser_value":"ie","pp_condition_search-bot_value":"all_search_bots"}]},"elements":[{"id":"1d2c28f0","elType":"column","settings":{"_column_size":100,"_inline_size":null},"elements":[{"id":"2029c003","elType":"widget","settings":{"title":"Explore Our Menu","align":"center","title_color":"#191944","typography_typography":"custom","typography_font_family":"Josefin Sans","typography_font_size":{"unit":"px","size":48,"sizes":[]},"typography_font_weight":"600","pp_display_conditions":[{"pp_condition_key":"authentication","pp_condition_operator":"is","pp_condition_authentication_value":"authenticated","_id":"8f42df5","pp_condition_user_value":"","pp_condition_role_value":"subscriber","pp_condition_page_value":"","pp_condition_post_value":"","pp_condition_static_page_value":"home","pp_condition_post_type_value":"","pp_condition_taxonomy_archive_value":"","pp_condition_term_archive_value":"","pp_condition_post_type_archive_value":"","pp_condition_date_archive_value":"","pp_condition_author_archive_value":"","pp_condition_search_results_value":"","pp_condition_date_value":"2020-07-05 to 2020-07-11","pp_condition_date_time_before_value":"2020-07-11 16:45","pp_condition_time_value":"","pp_condition_day_value":"1","pp_condition_os_value":"iphone","pp_condition_browser_value":"ie","pp_condition_search-bot_value":"all_search_bots"}]},"elements":[],"widgetType":"heading"},{"id":"37696195","elType":"widget","settings":{"title":"Freshness Holded","header_size":"h3","align":"center","title_color":"#191944","typography_typography":"custom","typography_font_family":"Josefin Sans","typography_font_size":{"unit":"px","size":16,"sizes":[]},"typography_font_weight":"600","_margin":{"unit":"px","top":"0","right":"0","bottom":"15","left":"0","isLinked":false},"pp_display_conditions":[{"pp_condition_key":"authentication","pp_condition_operator":"is","pp_condition_authentication_value":"authenticated","_id":"8f42df5","pp_condition_user_value":"","pp_condition_role_value":"subscriber","pp_condition_page_value":"","pp_condition_post_value":"","pp_condition_static_page_value":"home","pp_condition_post_type_value":"","pp_condition_taxonomy_archive_value":"","pp_condition_term_archive_value":"","pp_condition_post_type_archive_value":"","pp_condition_date_archive_value":"","pp_condition_author_archive_value":"","pp_condition_search_results_value":"","pp_condition_date_value":"2020-07-05 to 2020-07-11","pp_condition_date_time_before_value":"2020-07-11 16:45","pp_condition_time_value":"","pp_condition_day_value":"1","pp_condition_os_value":"iphone","pp_condition_browser_value":"ie","pp_condition_search-bot_value":"all_search_bots"}]},"elements":[],"widgetType":"heading"},{"id":"8cec24e","elType":"section","settings":{"structure":"30","pp_display_conditions":[{"pp_condition_key":"authentication","pp_condition_operator":"is","pp_condition_authentication_value":"authenticated","_id":"b7b6a89","pp_condition_user_value":"","pp_condition_role_value":"subscriber","pp_condition_page_value":"","pp_condition_post_value":"","pp_condition_static_page_value":"home","pp_condition_post_type_value":"","pp_condition_taxonomy_archive_value":"","pp_condition_term_archive_value":"","pp_condition_post_type_archive_value":"","pp_condition_date_archive_value":"","pp_condition_author_archive_value":"","pp_condition_search_results_value":"","pp_condition_date_value":"2020-07-05 to 2020-07-11","pp_condition_date_time_before_value":"2020-07-11 16:45","pp_condition_time_value":"","pp_condition_day_value":"1","pp_condition_os_value":"iphone","pp_condition_browser_value":"ie","pp_condition_search-bot_value":"all_search_bots"}]},"elements":[{"id":"5d88631e","elType":"column","settings":{"_column_size":33,"_inline_size":null},"elements":[{"id":"1c54f2ae","elType":"widget","settings":{"icon_type":"image","icon_text":"1","image":{"url":"https:\/\/demo.powerpackelements.com\/wp-content\/uploads\/2020\/07\/services-5-1.png","id":1440},"heading":"","sub_heading":"","description":"","link_type":"button","button_text":"Breakfast","align":"center","icon_margin":{"unit":"px","top":"0","right":"0","bottom":"30","left":"0","isLinked":false},"button_text_color_normal":"#191944","button_bg_color_normal":"#FFFFFF","button_typography_typography":"custom","button_typography_font_family":"Josefin Sans","button_typography_font_size":{"unit":"px","size":30,"sizes":[]},"button_typography_font_weight":"700","button_typography_text_transform":"uppercase","button_padding":{"unit":"px","top":"0","right":"0","bottom":"0","left":"0","isLinked":true},"pp_display_conditions":[{"pp_condition_key":"authentication","pp_condition_operator":"is","pp_condition_authentication_value":"authenticated","_id":"cf26255","pp_condition_user_value":"","pp_condition_role_value":"subscriber","pp_condition_page_value":"","pp_condition_post_value":"","pp_condition_static_page_value":"home","pp_condition_post_type_value":"","pp_condition_taxonomy_archive_value":"","pp_condition_term_archive_value":"","pp_condition_post_type_archive_value":"","pp_condition_date_archive_value":"","pp_condition_author_archive_value":"","pp_condition_search_results_value":"","pp_condition_date_value":"2020-07-05 to 2020-07-11","pp_condition_date_time_before_value":"2020-07-11 16:45","pp_condition_time_value":"","pp_condition_day_value":"1","pp_condition_os_value":"iphone","pp_condition_browser_value":"ie","pp_condition_search-bot_value":"all_search_bots"}]},"elements":[],"widgetType":"pp-info-box"}],"isInner":true},{"id":"47171340","elType":"column","settings":{"_column_size":33,"_inline_size":null},"elements":[{"id":"7680cf00","elType":"widget","settings":{"icon_type":"image","icon_text":"1","image":{"url":"https:\/\/demo.powerpackelements.com\/wp-content\/uploads\/2020\/07\/services-5-2.png","id":1441},"heading":"","sub_heading":"","description":"","link_type":"button","button_text":"Lunch","select_button_icon":{"value":"fas fa-caret-right","library":"fa-solid"},"align":"center","icon_margin":{"unit":"px","top":"0","right":"0","bottom":"30","left":"0","isLinked":false},"button_text_color_normal":"#E4BE23","button_bg_color_normal":"#FFFFFF","button_typography_typography":"custom","button_typography_font_family":"Josefin Sans","button_typography_font_size":{"unit":"px","size":30,"sizes":[]},"button_typography_font_weight":"700","button_typography_text_transform":"uppercase","button_padding":{"unit":"px","top":"0","right":"0","bottom":"0","left":"0","isLinked":true},"button_icon_margin":{"unit":"px","top":"0","right":"0","bottom":"0","left":"0","isLinked":false},"pp_display_conditions":[{"pp_condition_key":"authentication","pp_condition_operator":"is","pp_condition_authentication_value":"authenticated","_id":"cf26255","pp_condition_user_value":"","pp_condition_role_value":"subscriber","pp_condition_page_value":"","pp_condition_post_value":"","pp_condition_static_page_value":"home","pp_condition_post_type_value":"","pp_condition_taxonomy_archive_value":"","pp_condition_term_archive_value":"","pp_condition_post_type_archive_value":"","pp_condition_date_archive_value":"","pp_condition_author_archive_value":"","pp_condition_search_results_value":"","pp_condition_date_value":"2020-07-05 to 2020-07-11","pp_condition_date_time_before_value":"2020-07-11 16:45","pp_condition_time_value":"","pp_condition_day_value":"1","pp_condition_os_value":"iphone","pp_condition_browser_value":"ie","pp_condition_search-bot_value":"all_search_bots"}]},"elements":[],"widgetType":"pp-info-box"}],"isInner":true},{"id":"121a558","elType":"column","settings":{"_column_size":33,"_inline_size":null},"elements":[{"id":"34699208","elType":"widget","settings":{"icon_type":"image","icon_text":"1","image":{"url":"https:\/\/demo.powerpackelements.com\/wp-content\/uploads\/2020\/07\/services-5-3.png","id":1442},"heading":"","sub_heading":"","description":"","link_type":"button","button_text":"Dinner","align":"center","icon_margin":{"unit":"px","top":"0","right":"0","bottom":"30","left":"0","isLinked":false},"button_text_color_normal":"#191944","button_bg_color_normal":"#FFFFFF","button_typography_typography":"custom","button_typography_font_family":"Josefin Sans","button_typography_font_size":{"unit":"px","size":30,"sizes":[]},"button_typography_font_weight":"700","button_typography_text_transform":"uppercase","button_padding":{"unit":"px","top":"0","right":"0","bottom":"0","left":"0","isLinked":true},"pp_display_conditions":[{"pp_condition_key":"authentication","pp_condition_operator":"is","pp_condition_authentication_value":"authenticated","_id":"cf26255","pp_condition_user_value":"","pp_condition_role_value":"subscriber","pp_condition_page_value":"","pp_condition_post_value":"","pp_condition_static_page_value":"home","pp_condition_post_type_value":"","pp_condition_taxonomy_archive_value":"","pp_condition_term_archive_value":"","pp_condition_post_type_archive_value":"","pp_condition_date_archive_value":"","pp_condition_author_archive_value":"","pp_condition_search_results_value":"","pp_condition_date_value":"2020-07-05 to 2020-07-11","pp_condition_date_time_before_value":"2020-07-11 16:45","pp_condition_time_value":"","pp_condition_day_value":"1","pp_condition_os_value":"iphone","pp_condition_browser_value":"ie","pp_condition_search-bot_value":"all_search_bots"}]},"elements":[],"widgetType":"pp-info-box"}],"isInner":true}],"isInner":true}],"isInner":false}],"isInner":false}]}